JvmtiExport can_access_local_variables 0
JvmtiExport can_hotswap_or_post_breakpoint 0
JvmtiExport can_post_on_exceptions 0
# 347 ciObject found
ciInstanceKlass java/lang/Cloneable 1 0 7 100 1 100 1 1 1
instanceKlass java/util/EnumMap$EnumMapIterator
instanceKlass com/sun/java/swing/plaf/windows/AnimationController$AnimationState
instanceKlass java/text/AttributedString$AttributedStringIterator
instanceKlass java/text/AttributedCharacterIterator
instanceKlass java/text/AttributedString
instanceKlass sun/awt/im/CompositionAreaHandler
instanceKlass java/awt/KeyboardFocusManager$3
instanceKlass java/awt/KeyboardFocusManager$LightweightFocusRequest
instanceKlass java/awt/WaitDispatchSupport$4
instanceKlass java/awt/WaitDispatchSupport$2
instanceKlass java/awt/WaitDispatchSupport$1
instanceKlass java/awt/WaitDispatchSupport$5
instanceKlass java/awt/WaitDispatchSupport
instanceKlass java/awt/SecondaryLoop
instanceKlass java/awt/ModalEventFilter$1
instanceKlass java/awt/DefaultKeyboardFocusManager$TypeAheadMarker
instanceKlass java/awt/peer/FileDialogPeer
instanceKlass sun/awt/util/IdentityLinkedList$ListItr
instanceKlass java/awt/Dialog$1
instanceKlass sun/awt/util/IdentityLinkedList$Entry
instanceKlass javax/swing/text/DefaultStyledDocument$AbstractChangeHandler
instanceKlass org/pentaho/reporting/libraries/designtime/swing/settings/DialogSizeSettings
instanceKlass org/pentaho/versionchecker/IVersionCheckErrorHandler
instanceKlass org/pentaho/versionchecker/IVersionCheckResultHandler
instanceKlass org/pentaho/versionchecker/IVersionCheckDataProvider
instanceKlass org/pentaho/reporting/designer/core/versionchecker/VersionCheckerUtility
instanceKlass javax/swing/Autoscroller
instanceKlass java/awt/Window$1DisposeAction
instanceKlass java/awt/geom/LineIterator
instanceKlass sun/java2d/pipe/ShapeSpanIterator
instanceKlass sun/awt/geom/PathConsumer2D
instanceKlass sun/java2d/pipe/SpanIterator
instanceKlass javax/swing/tree/VariableHeightLayoutCache$VisibleTreeStateNodeEnumeration
instanceKlass com/sun/java/swing/plaf/windows/AnimationController$1
instanceKlass java/awt/KeyboardFocusManager$HeavyweightFocusRequest
instanceKlass sun/awt/KeyboardFocusManagerPeerImpl$KfmAccessor
instanceKlass java/text/DigitList$1
instanceKlass sun/awt/image/JPEGImageDecoder$1
instanceKlass org/pentaho/reporting/designer/core/util/CanvasImageLoader
instanceKlass com/sun/java/swing/plaf/windows/WindowsButtonUI$1
instanceKlass org/pentaho/reporting/designer/core/ReportDesigner$VersionCheckerTask
instanceKlass com/sun/java/swing/plaf/windows/WindowsGraphicsUtils
instanceKlass sun/swing/MenuItemLayoutHelper$ColumnAlignment
instanceKlass sun/swing/MenuItemLayoutHelper$LayoutResult
instanceKlass sun/swing/ImageCache$Entry
instanceKlass com/sun/java/swing/plaf/windows/AnimationController$PartUIClientPropertyKey
instanceKlass com/sun/java/swing/plaf/windows/AnimationController
instanceKlass org/pentaho/reporting/designer/core/ReportDesignerFrame$ShowWelcomeScreenTask
instanceKlass javax/swing/JTable$5
instanceKlass org/pentaho/reporting/designer/core/ReportDesignerFrame$VisibleElementsUpdateHandler
instanceKlass org/pentaho/reporting/designer/core/ReportDesignerFrame$DragSelectionToggleHandler
instanceKlass org/pentaho/reporting/designer/core/ReportDesignerFrame$ReportEditorContextHandler
instanceKlass org/pentaho/reporting/designer/core/ReportDesignerFrame$PageTextHandler
instanceKlass org/pentaho/reporting/designer/core/ReportDesignerFrame$StatusTextHandler
instanceKlass java/awt/dnd/DropTargetAdapter
instanceKlass sun/swing/MenuItemLayoutHelper$RectSize
instanceKlass org/pentaho/reporting/ui/datasources/pmd/PmdDataSourcePlugin
instanceKlass org/pentaho/reporting/ui/datasources/xpath/XPathDataSourcePlugin
instanceKlass org/pentaho/reporting/ui/datasources/scriptable/ScriptableDataSourcePlugin
instanceKlass org/pentaho/reporting/ui/datasources/openerp/OpenERPDataSourcePlugin
instanceKlass org/pentaho/reporting/ui/datasources/olap4j/DenormalizedMdxDataSourcePlugin
instanceKlass org/pentaho/reporting/ui/datasources/olap4j/BandedMdxDataSourcePlugin
instanceKlass org/pentaho/reporting/ui/datasources/mondrian/SimpleDenormalizedMdxDataSourcePlugin
instanceKlass org/pentaho/reporting/ui/datasources/mondrian/SimpleBandedMdxDataSourcePlugin
instanceKlass org/pentaho/reporting/ui/datasources/mondrian/DenormalizedMdxDataSourcePlugin
instanceKlass org/pentaho/reporting/ui/datasources/mondrian/BandedMdxDataSourcePlugin
instanceKlass org/pentaho/reporting/engine/classic/extensions/datasources/kettle/EmbeddedKettleDataFactoryEditor
instanceKlass org/pentaho/reporting/ui/datasources/kettle/KettleDataSourcePlugin
instanceKlass org/pentaho/reporting/ui/datasources/cda/CdaDataSourcePlugin
instanceKlass org/pentaho/reporting/ui/datasources/sequence/SequenceDataSourcePlugin
instanceKlass org/pentaho/reporting/ui/datasources/jdbc/JdbcDataSourcePlugin
instanceKlass org/pentaho/reporting/ui/datasources/table/TableDataSourcePlugin
instanceKlass org/pentaho/reporting/ui/datasources/external/ExternalDataSourcePlugin
instanceKlass org/pentaho/reporting/engine/classic/core/designtime/DataSourcePlugin
instanceKlass org/pentaho/reporting/designer/core/editor/ContextMenuUtility
instanceKlass java/text/FieldPosition$Delegate
instanceKlass org/pentaho/reporting/designer/core/frame/RecentFilesUpdateHandler
instanceKlass javax/swing/JTable$4
instanceKlass javax/swing/JTable$2
instanceKlass javax/swing/JTable$Resizable3
instanceKlass javax/swing/JTable$Resizable2
instanceKlass javax/swing/KeyboardManager$ComponentKeyStrokePair
instanceKlass sun/awt/im/InputMethodAdapter
instanceKlass java/awt/im/spi/InputMethod
instanceKlass java/awt/im/spi/InputMethodContext
instanceKlass java/awt/im/InputMethodRequests
instanceKlass java/awt/im/InputContext
instanceKlass java/awt/dnd/DragGestureRecognizer
instanceKlass java/awt/image/PixelGrabber
instanceKlass java/awt/dnd/DragSource
instanceKlass org/pentaho/reporting/designer/core/util/docking/SidePanel$ToggleVisibleAction
instanceKlass java/lang/FdLibm
instanceKlass java/lang/FdLibm$Cbrt
instanceKlass sun/java2d/pipe/AlphaPaintPipe$TileContext
instanceKlass java/awt/GradientPaintContext
instanceKlass java/awt/PaintContext
instanceKlass sun/java2d/marlin/ArrayCacheConst
instanceKlass sun/java2d/marlin/Helpers
instanceKlass java/awt/geom/RoundRectIterator
instanceKlass sun/java2d/marlin/Dasher$LengthIterator
instanceKlass sun/java2d/marlin/Dasher
instanceKlass sun/java2d/marlin/Stroker
instanceKlass sun/java2d/marlin/MarlinTileGenerator
instanceKlass sun/java2d/pipe/AATileGenerator
instanceKlass sun/java2d/marlin/Renderer
instanceKlass sun/java2d/marlin/OffHeapArray
instanceKlass sun/java2d/marlin/MarlinCache
instanceKlass sun/java2d/marlin/IntArrayCache$Reference
instanceKlass sun/java2d/marlin/Helpers$IndexStack
instanceKlass sun/java2d/marlin/TransformingPathConsumer2D$PathClipFilter
instanceKlass sun/java2d/marlin/ByteArrayCache$Reference
instanceKlass sun/java2d/marlin/DoubleArrayCache$Reference
instanceKlass sun/java2d/marlin/Helpers$PolyStack
instanceKlass sun/java2d/marlin/TransformingPathConsumer2D$ClosedPathDetector
instanceKlass sun/java2d/marlin/TransformingPathConsumer2D$PathTracer
instanceKlass sun/java2d/marlin/TransformingPathConsumer2D$DeltaTransformFilter
instanceKlass sun/java2d/marlin/TransformingPathConsumer2D$DeltaScaleFilter
instanceKlass sun/java2d/marlin/TransformingPathConsumer2D$Path2DWrapper
instanceKlass sun/java2d/marlin/TransformingPathConsumer2D
instanceKlass sun/java2d/marlin/TransformingPathConsumer2D$CurveClipSplitter
instanceKlass sun/java2d/marlin/TransformingPathConsumer2D$CurveBasicMonotonizer
instanceKlass sun/java2d/marlin/DMarlinRenderingEngine$NormalizingPathIterator
instanceKlass sun/java2d/marlin/RendererContext$PathConsumer2DAdapter
instanceKlass sun/java2d/marlin/ByteArrayCache
instanceKlass sun/java2d/marlin/DoubleArrayCache
instanceKlass sun/java2d/marlin/IntArrayCache
instanceKlass sun/java2d/marlin/PathSimplifier
instanceKlass sun/java2d/marlin/CollinearSimplifier
instanceKlass sun/java2d/marlin/DPathConsumer2D
instanceKlass sun/java2d/marlin/Curve
instanceKlass sun/java2d/ReentrantContext
instanceKlass javax/swing/Timer$1
instanceKlass java/awt/GradientPaint
instanceKlass sun/font/CoreMetrics
instanceKlass sun/font/StandardGlyphVector$GlyphStrike
instanceKlass sun/font/FontSubstitution
instanceKlass java/awt/font/GlyphVector
instanceKlass org/pentaho/reporting/designer/core/util/docking/ImageToggleButton$1
instanceKlass org/pentaho/reporting/designer/core/util/docking/GlobalPane$1
instanceKlass org/pentaho/reporting/designer/core/util/docking/DefaultHeaderComponent$FocusManagerChangeHandler
instanceKlass javax/swing/CompareTabOrderComparator
instanceKlass org/pentaho/reporting/designer/core/TreeSidePanel$StructureAndDataTabChangeHandler
instanceKlass org/pentaho/reporting/designer/core/editor/structuretree/DataReportTree$SettingsChangeHandler
instanceKlass org/pentaho/reporting/designer/core/editor/structuretree/DataReportTree$ReportUpdateHandler
instanceKlass org/pentaho/reporting/designer/core/editor/structuretree/AbstractReportDataTreeModel
instanceKlass org/pentaho/reporting/designer/core/editor/structuretree/AbstractReportTree$RestoreStateTask
instanceKlass org/pentaho/reporting/designer/core/editor/structuretree/StructureTreePanel$TreeLeadSelectionListener
instanceKlass org/pentaho/reporting/designer/core/editor/structuretree/LayoutReportTree$ReportUpdateHandler
instanceKlass org/pentaho/reporting/designer/core/editor/structuretree/AbstractReportTree$TreeSelectionHandler
instanceKlass org/pentaho/reporting/designer/core/editor/structuretree/AbstractReportTree$ReportTreeExpansionListener
instanceKlass org/pentaho/reporting/designer/core/editor/structuretree/ReportStructureTreeModel
instanceKlass org/pentaho/reporting/designer/core/editor/structuretree/AbstractReportTree$ReportSelectionHandler
instanceKlass javax/swing/event/TreeWillExpandListener
instanceKlass org/pentaho/reporting/designer/core/editor/styles/AbstractStyleTableModel$SameElementsUpdateDataTask
instanceKlass org/pentaho/reporting/designer/core/editor/attributes/AbstractAttributeTableModel$SameElementsUpdateDataTask
instanceKlass java/awt/CardLayout$Card
instanceKlass javax/accessibility/AccessibleRelationSet
instanceKlass javax/accessibility/AccessibleContext$1
instanceKlass sun/awt/AWTAccessor$AccessibleContextAccessor
instanceKlass javax/accessibility/AccessibleContext
instanceKlass javax/accessibility/AccessibleComponent
instanceKlass org/pentaho/reporting/designer/core/editor/expressions/EditorExpressionsMessages
instanceKlass org/pentaho/reporting/designer/core/editor/styles/StyleEditorPanel$ReportModelChangeHandler
instanceKlass org/pentaho/reporting/designer/core/editor/styles/Messages
instanceKlass org/pentaho/reporting/engine/classic/core/style/resolver/StyleResolver
instanceKlass org/pentaho/reporting/designer/core/editor/styles/AbstractStyleDataBackend
instanceKlass org/pentaho/reporting/designer/core/editor/styles/StyleDataBackend
instanceKlass org/pentaho/reporting/designer/core/util/table/GroupedTableModel$EventForwardHandler
instanceKlass org/pentaho/reporting/designer/core/util/table/GroupedTableModel
instanceKlass javax/swing/text/NavigationFilter$FilterBypass
instanceKlass javax/swing/text/NavigationFilter
instanceKlass javax/swing/text/DocumentFilter
instanceKlass javax/swing/JFormattedTextField$AbstractFormatter
instanceKlass org/pentaho/reporting/designer/core/util/table/ElementMetaDataTable$LocaleSettingsListener
instanceKlass org/pentaho/reporting/libraries/designtime/swing/GenericCellRenderer
instanceKlass org/pentaho/reporting/designer/core/util/table/GroupedName
instanceKlass org/pentaho/reporting/libraries/designtime/swing/date/TimeCellEditor$TextComponentEditHandler
instanceKlass javax/swing/JFormattedTextField$DocumentHandler
instanceKlass javax/swing/JFormattedTextField$AbstractFormatterFactory
instanceKlass javax/swing/DefaultCellEditor$EditorDelegate
instanceKlass org/pentaho/reporting/libraries/designtime/swing/NonFilteringPlainDocument
instanceKlass org/pentaho/reporting/designer/core/util/table/AbstractStringValueCellEditor$ReportModelChangeHandler
instanceKlass org/pentaho/reporting/designer/core/editor/ReportRenderContext
instanceKlass org/pentaho/openformula/ui/FieldDefinition
instanceKlass org/pentaho/reporting/engine/classic/core/function/ProcessingContext
instanceKlass org/pentaho/reporting/designer/core/util/table/ArrayCellEditor$NonFilteringPlainDocument
instanceKlass org/pentaho/reporting/libraries/designtime/swing/propertyeditors/PropertyEditorCellRenderer
instanceKlass org/pentaho/reporting/libraries/designtime/swing/propertyeditors/PropertyEditorCellEditor$SelectionAction
instanceKlass org/pentaho/reporting/designer/core/util/table/expressions/ReportPreProcessorCellEditor$SelectionAction
instanceKlass org/pentaho/reporting/designer/core/util/table/expressions/ReportPreProcessorCellEditor
instanceKlass org/pentaho/reporting/libraries/designtime/swing/ValuePassThroughCellEditor
instanceKlass javax/swing/plaf/basic/BasicComboBoxUI$DefaultKeySelectionManager
instanceKlass javax/swing/JComboBox$KeySelectionManager
instanceKlass javax/swing/plaf/basic/BasicComboBoxUI$ComboBoxLayoutManager
instanceKlass javax/swing/plaf/basic/BasicComboBoxUI$Handler
instanceKlass javax/swing/JTextField$ScrollRepainter
instanceKlass javax/swing/plaf/basic/BasicComboBoxEditor
instanceKlass javax/swing/plaf/basic/BasicComboPopup$Handler
instanceKlass javax/swing/plaf/basic/BasicComboPopup$EmptyListModelClass
instanceKlass javax/swing/plaf/basic/ComboPopup
instanceKlass com/sun/java/swing/plaf/windows/WindowsComboBoxUI$2
instanceKlass javax/swing/AncestorNotifier
instanceKlass javax/swing/JComboBox$1
instanceKlass javax/swing/AbstractListModel
instanceKlass javax/swing/MutableComboBoxModel
instanceKlass org/pentaho/reporting/engine/classic/core/layout/output/AbstractOutputProcessorMetaData$CacheKey
instanceKlass org/pentaho/reporting/engine/classic/core/layout/output/AbstractOutputProcessorMetaData$FontMetricsKey
instanceKlass org/pentaho/reporting/engine/classic/core/layout/output/AbstractOutputProcessorMetaData$ReusableFontContext
instanceKlass org/pentaho/reporting/libraries/fonts/registry/FontKey
instanceKlass org/pentaho/reporting/libraries/fonts/awt/AWTFontMetricsFactory
instanceKlass org/pentaho/reporting/libraries/fonts/cache/LeastFrequentlyUsedCache
instanceKlass org/pentaho/reporting/libraries/fonts/cache/FirstLevelFontCache
instanceKlass org/pentaho/reporting/libraries/fonts/awt/AWTFontRegistry
instanceKlass org/pentaho/reporting/libraries/fonts/registry/DefaultFontStorage
instanceKlass org/pentaho/reporting/libraries/fonts/registry/FontStorage
instanceKlass org/pentaho/reporting/libraries/fonts/registry/FontMetrics
instanceKlass org/pentaho/reporting/libraries/fonts/registry/FontContext
instanceKlass org/pentaho/reporting/engine/classic/core/layout/output/AbstractOutputProcessorMetaData
instanceKlass org/pentaho/reporting/engine/classic/core/wizard/DefaultDataAttributeContext
instanceKlass javax/swing/ComboBoxModel
instanceKlass javax/swing/ComboBoxEditor
instanceKlass org/pentaho/reporting/designer/core/util/table/expressions/StructureFunctionCellEditor
instanceKlass org/pentaho/reporting/designer/core/util/table/ElementMetaDataTable$ActiveContextChangeHandler
instanceKlass org/pentaho/reporting/designer/core/editor/attributes/VisualAttributeEditorPanel$ReportModelChangeHandler
instanceKlass java/util/concurrent/Executors$DelegatedExecutorService
instanceKlass org/pentaho/reporting/designer/core/util/table/GroupingHeader
instanceKlass org/pentaho/reporting/designer/core/editor/attributes/AbstractAttributeTableModel$DataBackend
instanceKlass org/pentaho/reporting/designer/core/util/table/ElementMetaDataTableModel
instanceKlass org/pentaho/reporting/libraries/designtime/swing/table/PropertyTableModel
instanceKlass org/pentaho/reporting/designer/core/util/table/SortableTableModel
instanceKlass org/pentaho/reporting/designer/core/util/table/GroupingModel
instanceKlass java/awt/CardLayout
instanceKlass org/pentaho/reporting/designer/core/util/docking/SidePanel$1
instanceKlass org/pentaho/reporting/designer/core/util/docking/SideWindowCarrierPanel$1
instanceKlass org/pentaho/reporting/designer/core/util/docking/SideWindowCarrierPanel$CategoryVisibleUpdateHandler
instanceKlass org/pentaho/reporting/designer/core/ReportDesignerFrame$ReportTabActivationHandler
instanceKlass javax/swing/plaf/basic/BasicTabbedPaneUI$ScrollableTabSupport
instanceKlass javax/swing/plaf/basic/BasicTabbedPaneUI$Handler
instanceKlass javax/swing/plaf/basic/BasicTabbedPaneUI$TabbedPaneLayout
instanceKlass javax/swing/JTabbedPane$ModelListener
instanceKlass org/pentaho/reporting/designer/core/status/MessagesStatusGadget$ActiveContextChangeListener
instanceKlass org/pentaho/reporting/designer/core/inspections/InspectionResult
instanceKlass javax/swing/TimerQueue$DelayedTimer
instanceKlass java/util/concurrent/Delayed
instanceKlass org/pentaho/reporting/designer/core/status/MemoryStatusGadget$MemoryStatusUpdateAction
instanceKlass javax/swing/plaf/basic/BasicSplitPaneUI$Handler
instanceKlass javax/swing/plaf/basic/BasicSplitPaneUI$BasicHorizontalLayoutManager
instanceKlass javax/swing/plaf/basic/BasicBorders$SplitPaneDividerBorder
instanceKlass javax/swing/plaf/basic/BasicSplitPaneDivider$DividerLayout
instanceKlass javax/swing/plaf/basic/BasicBorders$SplitPaneBorder
instanceKlass javax/swing/JList$ListSelectionHandler
instanceKlass org/pentaho/reporting/designer/core/status/ExceptionDialog$ExceptionSelectionListener
instanceKlass javax/swing/plaf/basic/BasicListUI$Handler
instanceKlass javax/swing/event/ListDataListener
instanceKlass javax/swing/ListCellRenderer
instanceKlass org/pentaho/reporting/designer/core/util/exceptions/UncaughtExceptionsModel
instanceKlass org/pentaho/reporting/designer/core/status/ExceptionsListModel
instanceKlass javax/swing/ListModel
instanceKlass org/pentaho/reporting/libraries/designtime/swing/LibSwingUtil
instanceKlass org/pentaho/reporting/designer/core/inspections/InspectionResultListener
instanceKlass org/pentaho/reporting/designer/core/editor/fieldselector/FieldSelectorPanel$ReportModelChangeHandler
instanceKlass org/pentaho/reporting/engine/classic/core/wizard/DataAttributes
instanceKlass org/pentaho/reporting/engine/classic/core/wizard/ContextAwareDataSchemaModel
instanceKlass org/pentaho/reporting/engine/classic/core/wizard/DataSchemaModel
instanceKlass javax/swing/table/TableColumn
instanceKlass javax/swing/plaf/basic/BasicTableUI$Handler
instanceKlass javax/swing/plaf/basic/BasicTableHeaderUI$MouseInputHandler
instanceKlass javax/swing/plaf/basic/BasicTableHeaderUI$1
instanceKlass sun/swing/table/DefaultTableCellHeaderRenderer$EmptyIcon
instanceKlass javax/swing/table/DefaultTableColumnModel
instanceKlass javax/swing/table/TableColumnModel
instanceKlass org/pentaho/reporting/designer/core/util/SidePanel$SelectionHandler
instanceKlass org/pentaho/reporting/designer/core/util/SidePanel$ActiveContextChangeHandler
instanceKlass org/pentaho/reporting/designer/core/editor/structuretree/ReportFieldNode
instanceKlass org/pentaho/reporting/designer/core/model/selection/DocumentContextSelectionModel
instanceKlass org/pentaho/reporting/designer/core/editor/ReportDataChangeListener
instanceKlass javax/swing/event/RowSorterListener
instanceKlass javax/swing/event/ListSelectionListener
instanceKlass javax/swing/event/TableColumnModelListener
instanceKlass javax/swing/event/TableModelListener
instanceKlass javax/swing/table/TableCellRenderer
instanceKlass java/awt/peer/DialogPeer
instanceKlass java/awt/GridLayout
instanceKlass javax/swing/plaf/basic/BasicScrollPaneUI$Handler
instanceKlass java/awt/event/ComponentAdapter
instanceKlass javax/swing/plaf/basic/BasicScrollBarUI$ScrollListener
instanceKlass javax/swing/plaf/basic/BasicScrollBarUI$Handler
instanceKlass javax/swing/plaf/basic/BasicScrollBarUI$ModelListener
instanceKlass com/sun/java/swing/plaf/windows/WindowsScrollBarUI$Grid
instanceKlass javax/swing/DefaultBoundedRangeModel
instanceKlass javax/swing/BoundedRangeModel
instanceKlass javax/swing/JScrollBar$ModelListener
instanceKlass java/awt/Adjustable
instanceKlass javax/swing/ViewportLayout
instanceKlass javax/swing/ScrollPaneLayout
instanceKlass java/util/Vector$1
instanceKlass javax/swing/tree/DefaultMutableTreeNode$PreorderEnumeration
instanceKlass javax/swing/JTree$TreeModelHandler
instanceKlass javax/swing/AbstractCellEditor
instanceKlass javax/swing/tree/TreeCellEditor
instanceKlass javax/swing/table/TableCellEditor
instanceKlass javax/swing/CellEditor
instanceKlass javax/swing/tree/AbstractLayoutCache$NodeDimensions
instanceKlass javax/swing/tree/AbstractLayoutCache
instanceKlass javax/swing/tree/RowMapper
instanceKlass sun/awt/shell/ShellFolder$4
instanceKlass sun/awt/shell/ShellFolder$3
instanceKlass sun/awt/shell/ShellFolder$Invoker
instanceKlass sun/awt/shell/ShellFolderManager
instanceKlass javax/swing/tree/TreeCellRenderer
instanceKlass javax/swing/plaf/basic/BasicTreeUI$Handler
instanceKlass javax/swing/event/TreeSelectionListener
instanceKlass javax/swing/event/TreeModelListener
instanceKlass javax/swing/event/TreeExpansionListener
instanceKlass javax/swing/event/CellEditorListener
instanceKlass javax/swing/tree/TreePath
instanceKlass javax/swing/DefaultListSelectionModel
instanceKlass javax/swing/ListSelectionModel
instanceKlass javax/swing/tree/DefaultTreeSelectionModel
instanceKlass javax/swing/tree/TreeSelectionModel
instanceKlass java/text/BreakIterator
instanceKlass javax/swing/text/GlyphView$GlyphPainter
instanceKlass javax/swing/text/TabableView
instanceKlass javax/swing/text/FlowView$FlowStrategy
instanceKlass javax/swing/text/html/StyleSheet$1
instanceKlass javax/swing/text/html/CSSBorder$StrokePainter
instanceKlass javax/swing/text/html/CSSBorder$SolidPainter
instanceKlass javax/swing/text/html/CSSBorder$NullPainter
instanceKlass javax/swing/text/html/CSSBorder$BorderPainter
instanceKlass javax/swing/text/html/StyleSheet$BoxPainter
instanceKlass javax/swing/text/html/StyleSheet$SearchBuffer
instanceKlass javax/swing/text/html/MuxingAttributeSet
instanceKlass javax/swing/text/GapContent$UndoPosRef
instanceKlass javax/swing/text/DefaultStyledDocument$ElementBuffer$ElemChanges
instanceKlass java/util/Vector$Itr
instanceKlass javax/swing/text/DefaultStyledDocument$ElementSpec
instanceKlass javax/swing/text/html/parser/ContentModelState
instanceKlass javax/swing/text/html/parser/TagStack
instanceKlass javax/swing/text/html/parser/TagElement
instanceKlass javax/swing/text/html/parser/Parser
instanceKlass javax/swing/text/html/HTMLDocument$HTMLReader$TagAction
instanceKlass javax/swing/text/html/HTMLEditorKit$ParserCallback
instanceKlass javax/swing/text/html/parser/AttributeList
instanceKlass javax/swing/text/html/parser/ContentModel
instanceKlass javax/swing/text/html/parser/ParserDelegator$1
instanceKlass javax/swing/text/html/parser/Entity
instanceKlass javax/swing/text/html/parser/Element
instanceKlass javax/swing/text/html/parser/DTD
instanceKlass javax/swing/text/html/parser/DTDConstants
instanceKlass javax/swing/text/html/HTMLEditorKit$Parser
instanceKlass javax/swing/text/DefaultStyledDocument$ElementBuffer
instanceKlass javax/swing/text/StyledDocument
instanceKlass javax/swing/text/html/CSS$ShorthandMarginParser
instanceKlass javax/swing/text/html/CSS$LengthUnit
instanceKlass javax/swing/text/html/HTMLEditorKit$1
instanceKlass javax/swing/text/html/CSSParser
instanceKlass javax/swing/text/html/StyleSheet$CssParser
instanceKlass javax/swing/text/html/CSSParser$CSSParserCallback
instanceKlass javax/swing/text/html/StyleSheet$SelectorMapping
instanceKlass javax/swing/text/html/CSS$CssValue
instanceKlass javax/swing/text/html/CSS$Value
instanceKlass javax/swing/text/html/CSS$Attribute
instanceKlass javax/swing/text/html/CSS
instanceKlass javax/swing/text/StyledEditorKit$AttributeTracker
instanceKlass javax/swing/text/html/HTML$Attribute
instanceKlass javax/swing/text/html/HTML
instanceKlass javax/swing/text/html/HTML$Tag
instanceKlass javax/swing/event/CaretListener
instanceKlass javax/swing/text/StyledEditorKit$StyledViewFactory
instanceKlass javax/swing/text/html/HTMLEditorKit$HTMLFactory
instanceKlass org/pentaho/reporting/libraries/base/util/WaitingImageObserver
instanceKlass org/pentaho/reporting/designer/core/welcome/WelcomePane$TriggerShowWelcomePaneAction
instanceKlass com/sun/java/swing/plaf/windows/WindowsIconFactory$CheckBoxIcon
instanceKlass org/pentaho/reporting/designer/extensions/wizard/Messages
instanceKlass org/pentaho/reporting/designer/extensions/pentaho/repository/actions/AuthenticatedServerTask
instanceKlass java/net/URLClassLoader$6
instanceKlass org/pentaho/ui/xul/components/XulSplitter
instanceKlass org/pentaho/reporting/engine/classic/core/designtime/ReportModelEventFilterFactory$StyleReportModelEventFilter
instanceKlass org/pentaho/reporting/engine/classic/core/designtime/ReportModelEventFilterFactory$AttributeReportModelEventFilter
instanceKlass org/pentaho/reporting/engine/classic/core/designtime/ReportModelEventFilter
instanceKlass org/pentaho/reporting/engine/classic/core/designtime/ReportModelEventFilterFactory
instanceKlass org/pentaho/reporting/engine/classic/core/designtime/DataFactoryChangeRecorder
instanceKlass org/pentaho/reporting/designer/core/xul/XulPopup
instanceKlass javax/swing/plaf/basic/BasicButtonUI$KeyHandler
instanceKlass org/pentaho/reporting/designer/core/actions/report/SelectionWaitingAction$SelectionWaitingHandler
instanceKlass org/pentaho/ui/xul/components/XulSeparator
instanceKlass javax/swing/JComponent$ActionStandin
instanceKlass javax/swing/ActionPropertyChangeListener
instanceKlass java/awt/event/KeyAdapter
instanceKlass java/awt/event/MouseMotionAdapter
instanceKlass javax/swing/ToolTipManager$stillInsideTimerAction
instanceKlass javax/swing/ToolTipManager$outsideTimerAction
instanceKlass javax/swing/ToolTipManager$insideTimerAction
instanceKlass org/pentaho/reporting/designer/core/xul/ActionSwingButton$ActionChangeHandler
instanceKlass java/beans/VetoableChangeListener
instanceKlass javax/swing/event/AncestorListener
instanceKlass javax/swing/plaf/basic/BasicButtonListener
instanceKlass org/pentaho/ui/xul/components/XulButton
instanceKlass org/apache/commons/beanutils/MethodUtils$MethodDescriptor
instanceKlass javax/swing/plaf/basic/BasicToolBarUI$Handler
instanceKlass com/sun/java/swing/plaf/windows/WindowsBorders
instanceKlass javax/swing/JToolBar$DefaultToolBarLayout
instanceKlass org/pentaho/ui/xul/containers/XulHbox
instanceKlass org/pentaho/versionchecker/VersionCheckResourceBundle
instanceKlass org/apache/http/message/AbstractHttpMessage
instanceKlass org/apache/http/client/methods/AbortableHttpRequest
instanceKlass org/apache/http/client/methods/HttpExecutionAware
instanceKlass org/apache/http/client/methods/Configurable
instanceKlass org/apache/http/client/methods/HttpUriRequest
instanceKlass org/apache/http/HttpRequest
instanceKlass org/apache/http/HttpMessage
instanceKlass org/pentaho/versionchecker/VersionChecker
instanceKlass org/pentaho/reporting/engine/classic/core/layout/model/RenderNode
instanceKlass org/pentaho/reporting/designer/core/actions/global/ScreenCaptureAction$GlobalKeyEventHandler
instanceKlass org/pentaho/reporting/designer/core/actions/global/AbstractViewStateAction$ViewStateChangeHandler
instanceKlass org/pentaho/reporting/designer/core/actions/global/AbstractToolWindowStateAction$ViewStateChangeHandler
instanceKlass org/pentaho/reporting/designer/core/actions/report/MigrateReportAction$MigrationUpdateListener
instanceKlass org/pentaho/reporting/engine/classic/core/cache/EhCacheDataCache$GlobalCacheManager
instanceKlass org/pentaho/reporting/engine/classic/core/cache/DataCacheManager
instanceKlass org/pentaho/reporting/engine/classic/core/cache/EhCacheDataCache
instanceKlass org/pentaho/reporting/engine/classic/core/cache/DataCache
instanceKlass org/pentaho/reporting/engine/classic/core/cache/DataCacheFactory
instanceKlass org/pentaho/reporting/designer/core/editor/report/snapping/SnapPositionsModel
instanceKlass com/sun/java/swing/plaf/windows/WindowsRadioButtonMenuItemUI$1
instanceKlass org/pentaho/reporting/designer/core/actions/global/ShowPreviewPaneAction$PreviewSelectionUpdateListener
instanceKlass org/pentaho/reporting/libraries/designtime/swing/FocusTracker$FocusManagerChangeHandler
instanceKlass java/util/Collections$ReverseComparator2
instanceKlass java/util/Collections$ReverseComparator
instanceKlass sun/datatransfer/DataFlavorUtil$CharsetComparator
instanceKlass sun/datatransfer/DataFlavorUtil$StandardEncodingsHolder
instanceKlass sun/awt/Mutex
instanceKlass sun/awt/datatransfer/ToolkitThreadBlockedHandler
instanceKlass sun/awt/datatransfer/DataTransferer
instanceKlass org/pentaho/reporting/libraries/designtime/swing/SerializedObjectContainer
instanceKlass java/awt/datatransfer/MimeType
instanceKlass java/awt/datatransfer/MimeTypeParameterList
instanceKlass org/pentaho/reporting/libraries/designtime/swing/GenericTransferable
instanceKlass org/pentaho/reporting/designer/core/util/dnd/ClipboardManager
instanceKlass org/pentaho/reporting/libraries/designtime/swing/FocusTracker
instanceKlass org/pentaho/reporting/designer/core/actions/AbstractElementSelectionAction$UpdatePropertiesForSelectionHandler
instanceKlass org/pentaho/reporting/designer/core/actions/AbstractElementSelectionAction$SelectionUpdateHandler
instanceKlass org/pentaho/reporting/designer/core/model/selection/ReportSelectionListener
instanceKlass org/pentaho/reporting/designer/core/actions/ToggleStateAction
instanceKlass javax/swing/plaf/basic/BasicIconFactory$MenuItemArrowIcon
instanceKlass com/sun/java/swing/plaf/windows/WindowsCheckBoxMenuItemUI$1
instanceKlass org/pentaho/reporting/libraries/designtime/swing/background/CancelListener
instanceKlass org/pentaho/reporting/libraries/designtime/swing/background/ProgressFeed
instanceKlass org/pentaho/reporting/designer/core/util/undo/UndoEntry
instanceKlass java/awt/image/FilteredImageSource
instanceKlass java/awt/image/ImageFilter
instanceKlass org/pentaho/reporting/designer/core/actions/report/export/AbstractExportAction$EnableChangeListener
instanceKlass org/pentaho/reporting/engine/classic/core/modules/gui/common/DefaultIconTheme
instanceKlass org/pentaho/reporting/engine/classic/core/modules/gui/common/IconTheme
instanceKlass org/pentaho/reporting/engine/classic/core/modules/gui/commonswing/AbstractGuiContext
instanceKlass org/pentaho/reporting/engine/classic/core/modules/gui/commonswing/ReportEventSource
instanceKlass org/pentaho/reporting/engine/classic/core/modules/gui/common/StatusListener
instanceKlass org/pentaho/reporting/engine/classic/core/modules/gui/commonswing/AbstractExportActionPlugin$ReportJobListener
instanceKlass org/pentaho/reporting/engine/classic/core/event/ReportProgressListener
instanceKlass org/pentaho/reporting/engine/classic/core/modules/gui/commonswing/AbstractActionPlugin
instanceKlass org/pentaho/reporting/engine/classic/core/modules/gui/commonswing/ExportActionPlugin
instanceKlass org/pentaho/reporting/engine/classic/core/modules/gui/commonswing/ActionPlugin
instanceKlass org/pentaho/reporting/engine/classic/core/modules/gui/commonswing/SwingGuiContext
instanceKlass org/pentaho/reporting/engine/classic/core/modules/gui/common/GuiContext
instanceKlass org/pentaho/reporting/designer/core/actions/AbstractReportContextAction$ActiveContextChangeHandler
instanceKlass com/sun/java/swing/plaf/windows/WindowsPopupMenuUI$MnemonicListener
instanceKlass java/awt/event/FocusAdapter
instanceKlass javax/swing/plaf/basic/BasicPopupMenuUI$MenuKeyboardHelper
instanceKlass javax/swing/MenuSelectionManager
instanceKlass javax/swing/plaf/basic/BasicPopupMenuUI$MouseGrabber
instanceKlass javax/swing/plaf/basic/BasicPopupMenuUI$BasicMenuKeyListener
instanceKlass javax/swing/plaf/basic/BasicPopupMenuUI$BasicPopupMenuListener
instanceKlass javax/swing/event/PopupMenuListener
instanceKlass javax/swing/plaf/basic/BasicLookAndFeel$1
instanceKlass javax/swing/plaf/basic/BasicLookAndFeel$AWTEventHelper
instanceKlass javax/swing/Popup
instanceKlass org/pentaho/ui/xul/components/XulMenuseparator
instanceKlass org/pentaho/reporting/designer/core/actions/ActionMessages
instanceKlass org/pentaho/reporting/designer/core/actions/DesignerContextAction
instanceKlass org/pentaho/reporting/designer/core/xul/ActionSwingMenuitem$InlineActionForward
instanceKlass com/sun/java/swing/plaf/windows/WindowsMenuItemUI$2
instanceKlass com/sun/java/swing/plaf/windows/WindowsIconFactory$MenuItemArrowIcon
instanceKlass com/sun/java/swing/plaf/windows/WindowsMenuItemUI$1
instanceKlass org/pentaho/reporting/designer/core/xul/ActionSwingMenuitem$ActionChangeHandler
instanceKlass org/pentaho/ui/xul/components/XulMenuitem
instanceKlass javax/swing/plaf/basic/BasicMenuItemUI$Handler
instanceKlass javax/swing/event/MenuDragMouseListener
instanceKlass javax/swing/event/MenuKeyListener
instanceKlass javax/swing/plaf/basic/BasicMenuUI$MouseInputHandler
instanceKlass sun/swing/MenuItemLayoutHelper
instanceKlass javax/swing/plaf/basic/BasicGraphicsUtils
instanceKlass com/sun/java/swing/plaf/windows/WindowsIconFactory$MenuArrowIcon
instanceKlass com/sun/java/swing/plaf/windows/WindowsMenuUI$1
instanceKlass com/sun/java/swing/plaf/windows/WindowsMenuItemUIAccessor
instanceKlass javax/swing/JMenuItem$MenuItemFocusListener
instanceKlass javax/swing/JMenu$MenuChangeListener
instanceKlass javax/swing/AbstractButton$Handler
instanceKlass javax/swing/DefaultButtonModel
instanceKlass javax/swing/ButtonModel
instanceKlass java/util/WeakHashMap$HashIterator
instanceKlass javax/swing/KeyboardManager
instanceKlass javax/swing/plaf/basic/BasicMenuBarUI$Handler
instanceKlass com/sun/java/swing/plaf/windows/WindowsMenuBarUI$2
instanceKlass javax/swing/plaf/basic/BasicBorders
instanceKlass javax/swing/BoxLayout
instanceKlass javax/swing/DefaultSingleSelectionModel
instanceKlass javax/swing/SingleSelectionModel
instanceKlass org/pentaho/ui/xul/containers/XulMenubar
instanceKlass org/apache/commons/beanutils/MethodUtils
instanceKlass org/apache/commons/beanutils/BeanIntrospectionData
instanceKlass javax/swing/ButtonGroup
instanceKlass org/pentaho/ui/xul/binding/BindingProvider
instanceKlass org/pentaho/ui/xul/dom/Namespace
instanceKlass org/pentaho/ui/xul/dom/Attribute
instanceKlass org/apache/commons/beanutils/DefaultIntrospectionContext
instanceKlass org/apache/commons/beanutils/DynaBean
instanceKlass org/apache/commons/beanutils/DefaultBeanIntrospector
instanceKlass org/apache/commons/beanutils/BeanIntrospector
instanceKlass org/apache/commons/beanutils/PropertyUtils
instanceKlass org/apache/commons/beanutils/expression/DefaultResolver
instanceKlass org/apache/commons/beanutils/IntrospectionContext
instanceKlass org/apache/commons/beanutils/expression/Resolver
instanceKlass org/apache/commons/beanutils/PropertyUtilsBean
instanceKlass org/apache/commons/beanutils/converters/ConverterFacade
instanceKlass org/apache/commons/beanutils/converters/AbstractConverter
instanceKlass org/apache/commons/beanutils/ConvertUtils
instanceKlass org/apache/commons/beanutils/Converter
instanceKlass org/apache/commons/beanutils/ConvertUtilsBean
instanceKlass org/apache/commons/beanutils/ContextClassLoaderLocal
instanceKlass org/apache/commons/beanutils/BeanUtilsBean
instanceKlass org/apache/commons/beanutils/BeanUtils
instanceKlass org/pentaho/ui/xul/util/XulUtil
instanceKlass java/awt/datatransfer/Clipboard
instanceKlass java/awt/datatransfer/Transferable
instanceKlass org/pentaho/ui/xul/swing/SwingRoot
instanceKlass org/pentaho/ui/xul/containers/XulWindow
instanceKlass org/pentaho/ui/xul/containers/XulRoot
instanceKlass org/pentaho/ui/xul/binding/DefaultBindingContext
instanceKlass org/pentaho/ui/xul/binding/BindingContext
instanceKlass org/pentaho/ui/xul/binding/Binding
instanceKlass org/pentaho/ui/xul/impl/AbstractXulDomContainer
instanceKlass org/apache/commons/lang/IntHashMap$Entry
instanceKlass org/apache/commons/lang/IntHashMap
instanceKlass org/apache/commons/lang/Entities$PrimitiveEntityMap
instanceKlass org/apache/commons/lang/Entities$EntityMap
instanceKlass org/apache/commons/lang/Entities
instanceKlass org/apache/commons/lang/exception/Nestable
instanceKlass org/apache/commons/lang/StringEscapeUtils
instanceKlass org/pentaho/ui/xul/util/ResourceBundleTranslator
instanceKlass org/xml/sax/helpers/XMLFilterImpl
instanceKlass org/xml/sax/XMLFilter
instanceKlass org/dom4j/io/OutputFormat
instanceKlass org/jaxen/expr/NodeComparator
instanceKlass org/dom4j/tree/SingleIterator
instanceKlass org/jaxen/JaxenConstants
instanceKlass org/jaxen/expr/IdentitySet$IdentityWrapper
instanceKlass org/jaxen/util/SingleObjectIterator
instanceKlass org/jaxen/util/DescendantAxisIterator
instanceKlass org/jaxen/expr/IdentitySet
instanceKlass org/jaxen/Context
instanceKlass org/jaxen/SimpleVariableContext
instanceKlass org/jaxen/function/ext/EndsWithFunction
instanceKlass org/jaxen/function/ext/LocaleFunctionSupport
instanceKlass org/jaxen/function/ext/EvaluateFunction
instanceKlass org/jaxen/function/xslt/DocumentFunction
instanceKlass org/jaxen/function/TranslateFunction
instanceKlass org/jaxen/function/TrueFunction
instanceKlass org/jaxen/function/SumFunction
instanceKlass org/jaxen/function/SubstringFunction
instanceKlass org/jaxen/function/SubstringBeforeFunction
instanceKlass org/jaxen/function/SubstringAfterFunction
instanceKlass org/jaxen/function/StringLengthFunction
instanceKlass org/jaxen/function/StringFunction
instanceKlass org/jaxen/function/StartsWithFunction
instanceKlass org/jaxen/function/RoundFunction
instanceKlass org/jaxen/function/PositionFunction
instanceKlass org/jaxen/function/NumberFunction
instanceKlass org/jaxen/function/NotFunction
instanceKlass org/jaxen/function/NormalizeSpaceFunction
instanceKlass org/jaxen/function/NamespaceUriFunction
instanceKlass org/jaxen/function/NameFunction
instanceKlass org/jaxen/function/LocalNameFunction
instanceKlass org/jaxen/function/LastFunction
instanceKlass org/jaxen/function/LangFunction
instanceKlass org/jaxen/function/IdFunction
instanceKlass org/jaxen/function/FloorFunction
instanceKlass org/jaxen/function/FalseFunction
instanceKlass org/jaxen/function/CountFunction
instanceKlass org/jaxen/function/ContainsFunction
instanceKlass org/jaxen/function/ConcatFunction
instanceKlass org/jaxen/function/CeilingFunction
instanceKlass org/jaxen/QualifiedName
instanceKlass org/jaxen/function/BooleanFunction
instanceKlass org/jaxen/Function
instanceKlass org/jaxen/SimpleFunctionContext
instanceKlass org/jaxen/FunctionContext
instanceKlass org/jaxen/ContextSupport
instanceKlass org/jaxen/SimpleNamespaceContext
instanceKlass org/jaxen/expr/DefaultXPathExpr
instanceKlass org/jaxen/expr/NameStep
instanceKlass org/jaxen/saxpath/base/Verifier
instanceKlass org/jaxen/expr/PredicateSet
instanceKlass org/jaxen/expr/DefaultStep
instanceKlass org/jaxen/expr/AllNodeStep
instanceKlass org/jaxen/expr/DefaultExpr
instanceKlass org/jaxen/saxpath/base/Token
instanceKlass org/jaxen/saxpath/base/XPathLexer
instanceKlass org/jaxen/expr/XPathExpr
instanceKlass org/jaxen/expr/LocationPath
instanceKlass org/jaxen/expr/FunctionCallExpr
instanceKlass org/jaxen/expr/VariableReferenceExpr
instanceKlass org/jaxen/expr/NumberExpr
instanceKlass org/jaxen/expr/PathExpr
instanceKlass org/jaxen/expr/FilterExpr
instanceKlass org/jaxen/expr/Predicate
instanceKlass org/jaxen/expr/UnionExpr
instanceKlass org/jaxen/expr/BinaryExpr
instanceKlass org/jaxen/expr/LiteralExpr
instanceKlass org/jaxen/expr/Expr
instanceKlass org/jaxen/expr/iter/IterableAxis
instanceKlass org/jaxen/expr/Step
instanceKlass org/jaxen/expr/DefaultXPathFactory
instanceKlass org/jaxen/expr/XPathFactory
instanceKlass org/jaxen/expr/Predicated
instanceKlass org/jaxen/JaxenHandler
instanceKlass org/jaxen/saxpath/helpers/DefaultXPathHandler
instanceKlass org/jaxen/saxpath/base/XPathReader
instanceKlass org/jaxen/saxpath/XPathReader
instanceKlass org/jaxen/saxpath/SAXPathEventSource
instanceKlass org/jaxen/saxpath/helpers/XPathReaderFactory
instanceKlass org/jaxen/dom4j/DocumentNavigator$Singleton
instanceKlass org/jaxen/DefaultNavigator
instanceKlass org/jaxen/NamedAccessNavigator
instanceKlass org/jaxen/Navigator
instanceKlass org/jaxen/saxpath/XPathHandler
instanceKlass org/jaxen/VariableContext
instanceKlass org/jaxen/BaseXPath
instanceKlass org/jaxen/NamespaceContext
instanceKlass org/jaxen/XPath
instanceKlass org/dom4j/xpath/DefaultXPath
instanceKlass org/dom4j/QName
instanceKlass org/dom4j/tree/NamespaceCache
instanceKlass org/dom4j/io/ElementStack
instanceKlass org/dom4j/tree/NamespaceStack
instanceKlass org/dom4j/ElementPath
instanceKlass org/dom4j/dtd/Decl
instanceKlass org/dom4j/io/SAXReader$SAXEntityResolver
instanceKlass org/apache/xerces/util/SAXMessageFormatter
instanceKlass org/dom4j/io/JAXPHelper
instanceKlass org/dom4j/io/SAXHelper
instanceKlass org/xml/sax/ext/DeclHandler
instanceKlass org/dom4j/ElementHandler
instanceKlass org/dom4j/io/SAXReader
instanceKlass org/pentaho/ui/xul/util/XmlParserFactoryProducer
instanceKlass org/pentaho/ui/xul/impl/XulEventHandler
instanceKlass org/pentaho/reporting/designer/core/AbstractReportDesignerUiPlugin
instanceKlass org/pentaho/reporting/designer/core/ReportDesignerUiPlugin
instanceKlass org/pentaho/reporting/designer/core/ReportDesignerUiPluginRegistry
instanceKlass org/pentaho/ui/xul/impl/AbstractXulComponent
instanceKlass org/pentaho/ui/xul/containers/XulMenu
instanceKlass org/dom4j/tree/QNameCache
instanceKlass org/dom4j/util/SimpleSingleton
instanceKlass org/dom4j/Entity
instanceKlass org/dom4j/Attribute
instanceKlass org/dom4j/ProcessingInstruction
instanceKlass org/dom4j/Comment
instanceKlass org/dom4j/rule/Pattern
instanceKlass org/dom4j/util/SingletonStrategy
instanceKlass org/dom4j/CDATA
instanceKlass org/dom4j/Text
instanceKlass org/dom4j/CharacterData
instanceKlass org/dom4j/DocumentType
instanceKlass org/dom4j/DocumentFactory
instanceKlass org/dom4j/DocumentHelper
instanceKlass org/dom4j/tree/AbstractNode
instanceKlass org/dom4j/Document
instanceKlass org/dom4j/Element
instanceKlass org/dom4j/Branch
instanceKlass org/dom4j/Node
instanceKlass org/pentaho/ui/xul/impl/XulParser
instanceKlass org/pentaho/ui/xul/dom/DocumentFactory
instanceKlass org/pentaho/ui/xul/dom/dom4j/ElementDom4J
instanceKlass org/pentaho/ui/xul/dom/Document
instanceKlass org/dom4j/XPath
instanceKlass org/dom4j/NodeFilter
instanceKlass org/pentaho/ui/xul/XulDomContainer
instanceKlass org/pentaho/ui/xul/impl/AbstractXulLoader
instanceKlass org/pentaho/ui/xul/XulLoader
instanceKlass org/pentaho/reporting/designer/core/xul/XulDesignerFrame
instanceKlass org/pentaho/reporting/designer/core/auth/PasswordPolicyManager
instanceKlass org/pentaho/reporting/designer/core/settings/prefs/PreferencesMap$ConfigurationData
instanceKlass org/pentaho/reporting/designer/core/settings/prefs/PreferencesMap
instanceKlass org/pentaho/reporting/designer/core/auth/AuthenticationStore
instanceKlass org/pentaho/reporting/designer/core/settings/RecentFilesModel
instanceKlass java/awt/event/WindowAdapter
instanceKlass org/pentaho/ui/xul/containers/XulMenupopup
instanceKlass org/pentaho/ui/xul/XulContainer
instanceKlass org/pentaho/reporting/designer/core/util/docking/Category
instanceKlass org/pentaho/reporting/designer/core/ReportDesignerFrame$FrameViewController
instanceKlass org/pentaho/reporting/designer/core/AbstractReportDesignerContext
instanceKlass org/pentaho/ui/xul/XulComponent
instanceKlass org/pentaho/ui/xul/XulEventSource
instanceKlass javax/swing/ScrollPaneConstants
instanceKlass java/awt/dnd/DragGestureListener
instanceKlass org/pentaho/ui/xul/dom/Element
instanceKlass org/pentaho/reporting/designer/core/DesignerContextComponent
instanceKlass org/pentaho/reporting/designer/core/settings/SettingsListener
instanceKlass org/pentaho/reporting/designer/core/util/exceptions/UncaughtExceptionModelListener
instanceKlass org/pentaho/reporting/designer/core/ReportDesignerContext
instanceKlass org/pentaho/reporting/designer/core/ReportDesignerView
instanceKlass javax/swing/WindowConstants
instanceKlass org/pentaho/reporting/designer/core/ReportDesigner$CreateReportDesignerFrame
instanceKlass org/jfree/ui/RectangleEdge
instanceKlass org/pentaho/reporting/libraries/base/util/ObjectTable
instanceKlass org/pentaho/reporting/engine/classic/core/designtime/AttributeExpressionChange
instanceKlass org/pentaho/reporting/libraries/base/util/CSVTokenizer
instanceKlass org/pentaho/reporting/engine/classic/core/util/beans/ArrayValueConverter
instanceKlass org/pentaho/reporting/libraries/formula/FormulaContext
instanceKlass org/pentaho/reporting/engine/classic/wizard/WizardProcessor$UpdateTask
instanceKlass org/pentaho/reporting/engine/classic/wizard/model/FieldDefinition
instanceKlass org/pentaho/reporting/engine/classic/core/util/beans/BeanUtility$PropertySpecification
instanceKlass org/pentaho/reporting/engine/classic/core/states/datarow/DefaultFlowController
instanceKlass java/beans/SimpleBeanInfo
instanceKlass java/beans/Transient
instanceKlass jdk/internal/vm/annotation/IntrinsicCandidate
instanceKlass java/beans/BeanProperty
instanceKlass com/sun/beans/WildcardTypeImpl
instanceKlass com/sun/beans/introspect/PropertyInfo
instanceKlass com/sun/beans/introspect/EventSetInfo
instanceKlass com/sun/beans/TypeResolver
instanceKlass java/beans/MethodRef
instanceKlass com/sun/beans/introspect/MethodInfo$MethodOrder
instanceKlass com/sun/beans/introspect/MethodInfo
instanceKlass com/sun/beans/util/Cache$Ref
instanceKlass com/sun/beans/introspect/ClassInfo
instanceKlass javax/swing/SwingContainer
instanceKlass java/beans/JavaBean
instanceKlass com/sun/beans/finder/ClassFinder
instanceKlass java/beans/BeanInfo
instanceKlass java/beans/Introspector$1
instanceKlass jdk/internal/access/JavaBeansAccess
instanceKlass java/beans/FeatureDescriptor
instanceKlass java/beans/Introspector
instanceKlass org/pentaho/reporting/engine/classic/core/util/beans/BeanUtility
instanceKlass org/pentaho/reporting/engine/classic/core/util/beans/TextRotationValueConverter
instanceKlass org/pentaho/reporting/engine/classic/core/util/beans/BasicStrokeValueConverter
instanceKlass org/pentaho/reporting/engine/classic/core/util/beans/StagingModeValueConverter
instanceKlass org/pentaho/reporting/engine/classic/core/util/beans/SQLTimestampValueConverter
instanceKlass org/pentaho/reporting/engine/classic/core/util/beans/SQLTimeValueConverter
instanceKlass org/pentaho/reporting/engine/classic/core/util/beans/SQLDateValueConverter
instanceKlass org/pentaho/reporting/engine/classic/core/util/beans/TextDirectionValueConverter
instanceKlass org/pentaho/reporting/engine/classic/core/util/beans/TextWrapValueConverter
instanceKlass org/pentaho/reporting/engine/classic/core/util/beans/FontSmoothValueConverter
instanceKlass org/pentaho/reporting/engine/classic/core/util/beans/BorderStyleValueConverter
instanceKlass org/pentaho/reporting/engine/classic/core/util/beans/BoxSizingValueConverter
instanceKlass org/pentaho/reporting/engine/classic/core/util/beans/VerticalTextAlignValueConverter
instanceKlass org/pentaho/reporting/engine/classic/core/util/beans/WhitespaceCollapseValueConverter
instanceKlass org/pentaho/reporting/engine/classic/core/util/beans/ElementAlignmentValueConverter
instanceKlass org/pentaho/reporting/engine/classic/core/util/beans/FontValueConverter
instanceKlass org/pentaho/reporting/engine/classic/core/util/beans/DateValueConverter
instanceKlass org/pentaho/reporting/engine/classic/core/util/beans/TimeZoneValueConverter
instanceKlass org/pentaho/reporting/engine/classic/core/util/beans/LocaleValueConverter
instanceKlass org/pentaho/reporting/engine/classic/core/util/beans/ClassValueConverter
instanceKlass org/pentaho/reporting/engine/classic/core/util/beans/StringValueConverter
instanceKlass org/pentaho/reporting/engine/classic/core/util/beans/ShortValueConverter
instanceKlass org/pentaho/reporting/engine/classic/core/util/beans/LongValueConverter
instanceKlass org/pentaho/reporting/engine/classic/core/util/beans/ImageMapValueConverter
instanceKlass org/pentaho/reporting/engine/classic/core/imagemap/ImageMap
instanceKlass org/pentaho/reporting/engine/classic/core/util/beans/IntegerValueConverter
instanceKlass org/pentaho/reporting/engine/classic/core/util/beans/FloatValueConverter
instanceKlass org/pentaho/reporting/engine/classic/core/util/beans/DoubleValueConverter
instanceKlass org/pentaho/reporting/engine/classic/core/util/beans/ColorValueConverter
instanceKlass org/pentaho/reporting/engine/classic/core/util/beans/CharacterValueConverter
instanceKlass org/pentaho/reporting/engine/classic/core/util/beans/ByteValueConverter
instanceKlass org/pentaho/reporting/engine/classic/core/util/beans/BooleanValueConverter
instanceKlass org/pentaho/reporting/engine/classic/core/util/beans/BigIntegerValueConverter
instanceKlass org/pentaho/reporting/engine/classic/core/util/beans/BigDecimalValueConverter
instanceKlass org/pentaho/reporting/engine/classic/core/util/beans/ValueConverter
instanceKlass org/pentaho/reporting/engine/classic/core/util/beans/ConverterRegistry
instanceKlass org/pentaho/reporting/engine/classic/core/util/PageSize
instanceKlass org/pentaho/reporting/engine/classic/core/util/PageFormatFactory
instanceKlass org/pentaho/reporting/engine/classic/core/util/IntegerCache
instanceKlass org/pentaho/reporting/engine/classic/core/DataFactoryContext
instanceKlass org/pentaho/reporting/engine/classic/core/CompoundDataFactorySupport
instanceKlass org/pentaho/reporting/engine/classic/core/modules/misc/datafactory/sql/ParametrizationProviderFactory
instanceKlass org/pentaho/reporting/engine/classic/core/modules/misc/connections/JndiDataSourceService
instanceKlass org/pentaho/reporting/engine/classic/extensions/modules/connections/StaticDataSourceCacheManager
instanceKlass org/pentaho/reporting/engine/classic/extensions/modules/connections/DataSourceCache
instanceKlass org/pentaho/reporting/engine/classic/extensions/modules/connections/DataSourceCacheManager
instanceKlass javax/sql/DataSource
instanceKlass javax/sql/CommonDataSource
instanceKlass org/pentaho/reporting/engine/classic/extensions/modules/connections/PooledDatasourceService
instanceKlass org/pentaho/reporting/engine/classic/core/modules/misc/connections/DataSourceService
instanceKlass org/pentaho/reporting/engine/classic/core/modules/misc/datafactory/sql/JndiConnectionProvider
instanceKlass org/pentaho/reporting/engine/classic/core/modules/misc/datafactory/sql/ConnectionProvider
instanceKlass org/pentaho/reporting/engine/classic/core/util/PropertyLookupParser
instanceKlass org/pentaho/reporting/engine/classic/core/function/ExpressionRuntime
instanceKlass org/pentaho/reporting/engine/classic/core/modules/parser/base/compat/DefaultCompatibilityMapping
instanceKlass org/pentaho/reporting/engine/classic/core/modules/parser/base/compat/CompatiblityMapping
instanceKlass org/pentaho/reporting/engine/classic/core/modules/parser/base/compat/CompatibilityMapperUtil
instanceKlass org/pentaho/reporting/engine/classic/core/parameters/AbstractParameter
instanceKlass org/pentaho/reporting/engine/classic/core/MasterReport$ResourceBundleChangeHandler
instanceKlass org/pentaho/reporting/libraries/docbundle/MemoryDocumentMetaData
instanceKlass org/pentaho/reporting/libraries/repository/zip/ZipContentLocation
instanceKlass org/pentaho/reporting/libraries/repository/zip/ZipRepository
instanceKlass org/pentaho/reporting/libraries/docbundle/WriteableDocumentMetaData
instanceKlass org/pentaho/reporting/libraries/docbundle/MemoryDocumentBundle
instanceKlass org/pentaho/reporting/engine/classic/core/parameters/ParameterDefinitionEntry
instanceKlass org/pentaho/reporting/engine/classic/core/parameters/ParameterContext
instanceKlass org/pentaho/reporting/engine/classic/core/parameters/DefaultReportParameterValidator
instanceKlass org/pentaho/reporting/engine/classic/core/parameters/ReportParameterValidator
instanceKlass org/pentaho/reporting/engine/classic/core/parameters/DefaultParameterDefinition
instanceKlass org/pentaho/reporting/engine/classic/core/parameters/ModifiableReportParameterDefinition
instanceKlass org/pentaho/reporting/engine/classic/core/DefaultReportEnvironment
instanceKlass org/pentaho/reporting/engine/classic/core/MasterReport$DocumentBundleChangeHandler
instanceKlass javax/swing/table/AbstractTableModel
instanceKlass org/pentaho/reporting/engine/classic/core/AbstractDataFactory
instanceKlass org/pentaho/reporting/engine/classic/core/DataFactoryMetaProvider
instanceKlass org/pentaho/reporting/engine/classic/core/DataFactoryDesignTimeSupport
instanceKlass java/awt/print/Paper
instanceKlass java/awt/print/PageFormat
instanceKlass org/pentaho/reporting/engine/classic/core/SimplePageDefinition
instanceKlass org/pentaho/reporting/engine/classic/core/util/ReportParameterValues
instanceKlass org/pentaho/reporting/libraries/base/util/LFUMap
instanceKlass org/pentaho/reporting/engine/classic/core/util/LibLoaderResourceBundleFactory
instanceKlass org/pentaho/reporting/engine/classic/core/ExtendedResourceBundleFactory
instanceKlass org/pentaho/reporting/engine/classic/core/function/ExpressionCollection
instanceKlass org/pentaho/reporting/engine/classic/core/designtime/StyleChange
instanceKlass org/pentaho/reporting/engine/classic/core/wizard/DefaultDataSchemaDefinition
instanceKlass org/pentaho/reporting/engine/classic/core/designtime/AttributeChange
instanceKlass org/pentaho/reporting/engine/classic/core/designtime/Change
instanceKlass org/pentaho/reporting/engine/classic/core/style/StyleChangeSupport
instanceKlass org/pentaho/reporting/engine/classic/core/util/InstanceID
instanceKlass org/pentaho/reporting/engine/classic/core/filter/EmptyDataSource
instanceKlass org/pentaho/reporting/libraries/docbundle/WriteableDocumentBundle
instanceKlass org/pentaho/reporting/engine/classic/core/parameters/ReportParameterDefinition
instanceKlass org/pentaho/reporting/engine/classic/core/ReportEnvironment
instanceKlass org/pentaho/reporting/engine/classic/core/event/ReportModelListener
instanceKlass javax/swing/table/TableModel
instanceKlass org/pentaho/reporting/engine/classic/core/ResourceBundleFactory
instanceKlass org/pentaho/reporting/engine/classic/core/RootLevelBand
instanceKlass org/pentaho/reporting/engine/classic/core/style/AbstractStyleSheet
instanceKlass org/pentaho/reporting/libraries/xmlns/common/AttributeMap$1
instanceKlass org/pentaho/reporting/libraries/resourceloader/cache/BundleCacheResourceWrapper
instanceKlass sun/util/cldr/CLDRBaseLocaleDataMetaInfo$TZCanonicalIDMapHolder
instanceKlass sun/util/locale/provider/TimeZoneNameUtility
instanceKlass org/pentaho/reporting/libraries/docbundle/metadata/UserDefinedAttribute
instanceKlass org/pentaho/reporting/libraries/docbundle/metadata/DefaultBundleMetaData
instanceKlass org/apache/logging/log4j/message/Clearable
instanceKlass org/apache/logging/log4j/core/impl/MutableLogEvent
instanceKlass org/apache/logging/log4j/message/ParameterVisitable
instanceKlass org/apache/logging/log4j/message/ReusableMessage
instanceKlass org/apache/logging/log4j/core/impl/ReusableLogEventFactory
instanceKlass org/apache/logging/log4j/core/layout/ByteBufferDestinationHelper
instanceKlass org/apache/logging/log4j/core/layout/TextEncoderHelper
instanceKlass org/apache/logging/log4j/message/TimestampMessage
instanceKlass org/apache/logging/log4j/message/LoggerNameAwareMessage
instanceKlass org/apache/logging/log4j/core/impl/ContextDataFactory
instanceKlass org/apache/logging/log4j/message/ObjectMessage
instanceKlass org/pentaho/reporting/libraries/docbundle/metadata/parser/BundleMetaDataEntryReadHandler
instanceKlass org/pentaho/reporting/libraries/base/util/LinkedMap$MapEntry
instanceKlass org/pentaho/reporting/libraries/base/util/LinkedMap
instanceKlass org/pentaho/reporting/libraries/docbundle/metadata/DefaultBundleManifest
instanceKlass org/pentaho/reporting/libraries/docbundle/StaticDocumentMetaData
instanceKlass org/pentaho/reporting/libraries/docbundle/DocumentMetaData
instanceKlass org/pentaho/reporting/libraries/docbundle/StaticDocumentBundle
instanceKlass org/pentaho/reporting/libraries/resourceloader/cache/DefaultResourceBundleDataCacheEntry
instanceKlass org/pentaho/reporting/libraries/resourceloader/cache/ResourceBundleDataCacheEntry
instanceKlass org/pentaho/reporting/libraries/resourceloader/cache/CachingResourceBundleData
instanceKlass org/pentaho/reporting/libraries/docbundle/BundleUtilities
instanceKlass java/util/concurrent/TimeUnit$1
instanceKlass java/time/zone/Ser
instanceKlass java/time/zone/ZoneRulesProvider$1
instanceKlass java/time/zone/ZoneRulesProvider
instanceKlass org/pentaho/reporting/libraries/repository/zipreader/ZipReadContentItem
instanceKlass org/pentaho/reporting/libraries/repository/ContentItem
instanceKlass java/util/zip/Deflater$DeflaterZStreamRef
instanceKlass java/util/zip/Deflater
instanceKlass org/pentaho/reporting/libraries/repository/RepositoryUtilities
instanceKlass org/pentaho/reporting/libraries/repository/zipreader/ZipReadContentLocation
instanceKlass org/pentaho/reporting/libraries/repository/DefaultMimeRegistry
instanceKlass org/pentaho/reporting/libraries/repository/ContentLocation
instanceKlass org/pentaho/reporting/libraries/repository/ContentEntity
instanceKlass org/pentaho/reporting/libraries/repository/MimeRegistry
instanceKlass org/pentaho/reporting/libraries/repository/zipreader/ZipReadRepository
instanceKlass org/pentaho/reporting/designer/core/welcome/SampleReport
instanceKlass javax/swing/tree/DefaultTreeModel
instanceKlass org/pentaho/reporting/designer/core/welcome/SamplesTreeBuilder$DirectoryFileFilter
instanceKlass javax/swing/tree/DefaultMutableTreeNode
instanceKlass javax/swing/tree/MutableTreeNode
instanceKlass org/pentaho/reporting/designer/core/welcome/SamplesTreeBuilder
instanceKlass sun/nio/fs/AbstractAclFileAttributeView
instanceKlass java/nio/file/attribute/AclFileAttributeView
instanceKlass java/nio/file/attribute/FileOwnerAttributeView
instanceKlass sun/nio/fs/WindowsSecurity$Privilege
instanceKlass sun/nio/fs/WindowsSecurity
instanceKlass sun/nio/fs/WindowsLinkSupport
instanceKlass sun/nio/fs/WindowsFileCopy
instanceKlass org/apache/commons/io/filefilter/IOFileFilter
instanceKlass java/nio/file/FileVisitor
instanceKlass org/apache/commons/io/file/PathFilter
instanceKlass org/apache/commons/io/FileUtils
instanceKlass org/pentaho/reporting/designer/core/settings/SettingsUtil
instanceKlass jdk/internal/misc/ScopedMemoryAccess$Scope$Handle
instanceKlass jdk/internal/access/foreign/MemorySegmentProxy
instanceKlass sun/font/SunFontManager$10
instanceKlass sun/font/SunFontManager$9
instanceKlass sun/font/CMap$UVS
instanceKlass sun/font/SunFontManager$FamilyDescription
instanceKlass sun/font/SunFontManager$TTorT1Filter
instanceKlass sun/font/SunFontManager$4
instanceKlass sun/font/SunFontManager$12
instanceKlass org/pentaho/reporting/engine/classic/core/util/ImageUtils
instanceKlass org/pentaho/reporting/designer/core/editor/expressions/ExpressionUtil
instanceKlass org/pentaho/reporting/libraries/base/util/HashNMap
instanceKlass org/pentaho/reporting/designer/core/editor/expressions/ExpressionsTreeModel$ExpressionGroupingRoot
instanceKlass org/pentaho/reporting/engine/classic/core/metadata/GroupedMetaDataComparator
instanceKlass org/pentaho/reporting/designer/core/editor/expressions/ExpressionsTreeModel
instanceKlass javax/swing/tree/TreeModel
instanceKlass org/pentaho/reporting/designer/core/settings/ProxySettings$1
instanceKlass sun/net/www/protocol/http/AuthenticatorKeys
instanceKlass sun/net/www/protocol/http/AuthenticatorKeys$AuthenticatorKeyAccess
instanceKlass java/net/Authenticator
instanceKlass org/pentaho/reporting/designer/core/settings/ProxySettings
instanceKlass org/pentaho/reporting/libraries/designtime/swing/MacOSXIntegration
instanceKlass org/pentaho/reporting/designer/core/editor/ReportDocumentContext
instanceKlass org/pentaho/reporting/designer/core/ReportDesignerDocumentContext
instanceKlass org/pentaho/reporting/engine/classic/core/DataRow
instanceKlass org/pentaho/reporting/engine/classic/core/style/StyleSheet
instanceKlass org/pentaho/reporting/engine/classic/core/layout/output/OutputProcessorMetaData
instanceKlass org/pentaho/reporting/engine/classic/core/designtime/DesignTimeContext
instanceKlass org/pentaho/reporting/designer/core/inspections/impl/DuplicateFieldInspection
instanceKlass org/pentaho/reporting/designer/core/inspections/impl/AbstractStructureInspection
instanceKlass org/pentaho/reporting/designer/core/inspections/LocationInfo
instanceKlass org/pentaho/reporting/designer/extensions/pentaho/repository/ReservedParameterNamesInspection
instanceKlass org/pentaho/reporting/designer/core/inspections/InspectionsRegistry
instanceKlass org/pentaho/reporting/designer/core/inspections/Inspection
instanceKlass org/pentaho/reporting/libraries/designtime/swing/propertyeditors/FontPropertyEditor
instanceKlass org/pentaho/reporting/libraries/designtime/swing/propertyeditors/BooleanPropertyEditor
instanceKlass org/pentaho/reporting/engine/classic/extensions/modules/java14print/Java14PrintModuleInitializer
instanceKlass org/pentaho/reporting/engine/classic/extensions/datasources/pmd/parser/IPmdConfigReadHandler
instanceKlass org/pentaho/reporting/engine/classic/extensions/datasources/pmd/parser/SimplePmdDataSourceXmlFactoryModule
instanceKlass org/pentaho/reporting/engine/classic/extensions/datasources/pmd/parser/PmdDataSourceXmlFactoryModule
instanceKlass org/hsqldb/lib/java/JavaSystem
instanceKlass org/apache/commons/lang3/ArrayUtils
instanceKlass org/apache/commons/lang3/text/translate/EntityArrays
instanceKlass org/apache/commons/lang3/text/translate/CharSequenceTranslator
instanceKlass org/apache/commons/lang3/StringEscapeUtils
instanceKlass java/sql/ResultSet
instanceKlass org/hsqldb/jdbc/JDBCStatementBase
instanceKlass org/hsqldb/Database$TimeoutRunner
instanceKlass org/hsqldb/Database$CheckpointRunner
instanceKlass org/hsqldb/lib/MultiValueHashMap$Values
instanceKlass org/hsqldb/RowActionBase
instanceKlass org/hsqldb/persist/LobStoreMem
instanceKlass org/hsqldb/lib/SimpleLog
instanceKlass org/hsqldb/lib/HashMap$KeySet
instanceKlass org/hsqldb/lib/FileUtil$FileAccessRes
instanceKlass org/hsqldb/lib/FileAccess$FileSync
instanceKlass org/hsqldb/lib/FileUtil
instanceKlass org/hsqldb/index/NodeAVL
instanceKlass org/hsqldb/lib/ObjectComparator
instanceKlass org/hsqldb/SetFunction
instanceKlass org/hsqldb/TableUtil
instanceKlass org/hsqldb/lib/OrderedIntKeyHashMap$Values
instanceKlass org/hsqldb/result/ResultProperties
instanceKlass org/hsqldb/lib/StringConverter
instanceKlass org/hsqldb/lib/IntKeyIntValueHashMap$KeySet
instanceKlass org/hsqldb/RoutineSchema
instanceKlass org/hsqldb/map/BitMap
instanceKlass org/hsqldb/lib/IntValueHashMap$Values
instanceKlass org/hsqldb/Routine
instanceKlass org/hsqldb/resources/ResourceBundleHandler
instanceKlass org/hsqldb/error/Error
instanceKlass org/hsqldb/persist/RowStoreAVL
instanceKlass org/hsqldb/TableWorks
instanceKlass org/hsqldb/lib/BaseList$BaseListIterator
instanceKlass org/hsqldb/RangeVariableResolver
instanceKlass org/hsqldb/SortAndSlice
instanceKlass org/hsqldb/lib/OrderedIntKeyHashMap$KeySet
instanceKlass org/hsqldb/types/Types
instanceKlass org/hsqldb/NumberSequence
instanceKlass org/hsqldb/Tokens
instanceKlass org/hsqldb/persist/LobManager$1
instanceKlass org/hsqldb/TransactionManagerCommon
instanceKlass org/hsqldb/map/BaseHashMap$MultiValueKeyIterator
instanceKlass org/hsqldb/lib/MultiValueHashMap$KeySet
instanceKlass org/hsqldb/map/BaseHashMap$ValuesIterator
instanceKlass org/hsqldb/ConstraintCore
instanceKlass org/hsqldb/lib/ReadWriteLockDummy$LockDummy
instanceKlass org/hsqldb/lib/ReadWriteLockDummy
instanceKlass org/hsqldb/index/IndexAVL$IndexRowIterator
instanceKlass org/hsqldb/Row
instanceKlass org/hsqldb/persist/CachedObject
instanceKlass org/hsqldb/index/IndexAVL
instanceKlass org/hsqldb/lib/ArrayUtil
instanceKlass org/hsqldb/Trigger
instanceKlass org/hsqldb/TriggerDef
instanceKlass org/hsqldb/index/Index$IndexUse
instanceKlass org/hsqldb/lib/StringUtil
instanceKlass org/hsqldb/lib/LineGroupReader
instanceKlass org/hsqldb/dbinfo/DatabaseInformationFull$1
instanceKlass org/hsqldb/dbinfo/DatabaseInformation
instanceKlass org/hsqldb/Session$TimeoutManager
instanceKlass org/hsqldb/StatementManager
instanceKlass org/hsqldb/persist/PersistentStoreCollectionSession
instanceKlass org/hsqldb/SessionData
instanceKlass org/hsqldb/RangeGroup$RangeGroupEmpty
instanceKlass org/hsqldb/ParserDQL$CompileContext
instanceKlass org/hsqldb/lib/CharArrayWriter
instanceKlass org/hsqldb/Token
instanceKlass org/hsqldb/Scanner
instanceKlass org/hsqldb/QueryExpression
instanceKlass org/hsqldb/ParserBase
instanceKlass org/hsqldb/RangeGroup$RangeGroupSimple
instanceKlass org/hsqldb/RangeVariable$RangeVariableConditions
instanceKlass org/hsqldb/lib/LongDeque
instanceKlass org/hsqldb/RangeGroup
instanceKlass org/hsqldb/Expression
instanceKlass org/hsqldb/RangeVariable$RangeIteratorBase
instanceKlass org/hsqldb/RangeVariable
instanceKlass org/hsqldb/navigator/RowSetNavigatorDataChange
instanceKlass org/hsqldb/SessionContext
instanceKlass org/hsqldb/lib/BaseList
instanceKlass org/hsqldb/lib/CountUpDownLatch
instanceKlass org/hsqldb/Statement
instanceKlass org/hsqldb/Session
instanceKlass org/hsqldb/SessionManager
instanceKlass org/hsqldb/persist/PersistentStoreCollectionDatabase
instanceKlass org/hsqldb/persist/PersistentStoreCollection
instanceKlass org/hsqldb/Constraint
instanceKlass org/hsqldb/types/UserTypeModifier
instanceKlass org/hsqldb/TypeInvariants
instanceKlass org/hsqldb/SchemaObjectSet
instanceKlass org/hsqldb/Schema
instanceKlass org/hsqldb/SchemaManager
instanceKlass org/hsqldb/rights/UserManager
instanceKlass org/hsqldb/rights/Right
instanceKlass org/hsqldb/lib/HsqlList
instanceKlass org/hsqldb/rights/Grantee
instanceKlass org/hsqldb/rights/GranteeManager
instanceKlass org/hsqldb/persist/LobStore
instanceKlass org/hsqldb/persist/LobManager
instanceKlass org/hsqldb/persist/DataFileCache
instanceKlass org/hsqldb/lib/InputStreamInterface
instanceKlass org/hsqldb/persist/PersistentStore
instanceKlass org/hsqldb/TableBase
instanceKlass org/hsqldb/index/Index
instanceKlass org/hsqldb/persist/Logger
instanceKlass org/hsqldb/types/TimestampData
instanceKlass sun/util/calendar/Era
instanceKlass java/text/CalendarBuilder
instanceKlass org/hsqldb/types/BlobData
instanceKlass org/hsqldb/types/ClobData
instanceKlass org/hsqldb/types/LobData
instanceKlass org/hsqldb/ColumnBase
instanceKlass org/hsqldb/result/ResultMetaData
instanceKlass org/hsqldb/map/BaseHashMap$BaseHashIterator
instanceKlass org/hsqldb/lib/HashMap$Values
instanceKlass org/hsqldb/types/Collation
instanceKlass org/hsqldb/types/Charset
instanceKlass org/hsqldb/HsqlNameManager$SimpleName
instanceKlass org/hsqldb/HsqlNameManager
instanceKlass org/hsqldb/SqlInvariants
instanceKlass org/hsqldb/rowio/RowInputInterface
instanceKlass org/hsqldb/navigator/RowSetNavigator
instanceKlass org/hsqldb/navigator/RangeIterator
instanceKlass org/hsqldb/navigator/RowIterator
instanceKlass org/hsqldb/types/Type
instanceKlass org/hsqldb/SchemaObject
instanceKlass org/hsqldb/result/Result
instanceKlass org/hsqldb/TransactionManager
instanceKlass org/hsqldb/Database
instanceKlass org/hsqldb/lib/HsqlTimer$TaskRunner
instanceKlass org/hsqldb/lib/HsqlArrayHeap
instanceKlass org/hsqldb/lib/HsqlHeap
instanceKlass org/hsqldb/lib/HsqlTimer
instanceKlass org/hsqldb/lib/ThreadFactory
instanceKlass org/hsqldb/lib/Set
instanceKlass org/hsqldb/lib/Collection
instanceKlass org/hsqldb/DatabaseManager
instanceKlass org/hsqldb/HsqlDateTime
instanceKlass java/sql/SQLXML
instanceKlass java/sql/NClob
instanceKlass java/sql/Clob
instanceKlass java/sql/Array
instanceKlass java/sql/Savepoint
instanceKlass java/sql/Blob
instanceKlass java/sql/CallableStatement
instanceKlass java/sql/PreparedStatement
instanceKlass java/sql/Statement
instanceKlass java/sql/DatabaseMetaData
instanceKlass org/hsqldb/SessionInterface
instanceKlass org/hsqldb/jdbc/JDBCConnection
instanceKlass java/math/MathContext
instanceKlass org/hsqldb/map/HashIndex
instanceKlass org/hsqldb/lib/Iterator
instanceKlass org/hsqldb/map/BaseHashMap
instanceKlass org/hsqldb/map/ValuePool
instanceKlass org/hsqldb/lib/FileAccess
instanceKlass org/hsqldb/persist/HsqlProperties
instanceKlass org/hsqldb/DatabaseURL
instanceKlass java/sql/DriverInfo
instanceKlass java/sql/DriverManager
instanceKlass java/sql/Connection
instanceKlass java/sql/Wrapper
instanceKlass org/hsqldb/jdbc/JDBCDriver
instanceKlass java/sql/Driver
instanceKlass org/pentaho/reporting/engine/classic/extensions/datasources/sampledata/SampleDataModuleInitializer
instanceKlass org/pentaho/reporting/engine/classic/extensions/datasources/sampledata/parser/SampleDataSourceXmlFactoryModule
instanceKlass org/pentaho/reporting/engine/classic/extensions/datasources/xpath/parser/XPathDataSourceXmlFactoryModule
instanceKlass org/pentaho/reporting/engine/classic/extensions/datasources/scriptable/parser/ScriptableDataSourceXmlFactoryModule
instanceKlass org/pentaho/reporting/engine/classic/extensions/datasources/openerp/parser/OpenERPDataSourceXmlFactoryModule
instanceKlass org/pentaho/reporting/engine/classic/extensions/datasources/olap4j/parser/OlapConnectionReadHandler
instanceKlass org/pentaho/reporting/engine/classic/extensions/datasources/olap4j/parser/SimpleDenormalizedMDXDataSourceXmlFactoryModule
instanceKlass org/pentaho/reporting/engine/classic/extensions/datasources/olap4j/parser/SimpleLegacyBandedMDXDataSourceXmlFactoryModule
instanceKlass org/pentaho/reporting/engine/classic/extensions/datasources/olap4j/parser/SimpleBandedMDXDataSourceXmlFactoryModule
instanceKlass org/pentaho/reporting/engine/classic/extensions/datasources/olap4j/parser/DenormalizedMDXDataSourceXmlFactoryModule
instanceKlass org/pentaho/reporting/engine/classic/extensions/datasources/olap4j/parser/LegacyBandedMDXDataSourceXmlFactoryModule
instanceKlass org/pentaho/reporting/engine/classic/extensions/datasources/olap4j/parser/BandedMDXDataSourceXmlFactoryModule
instanceKlass org/pentaho/reporting/engine/classic/core/designtime/compat/AbstractCompatibilityConverter
instanceKlass org/pentaho/reporting/engine/classic/core/designtime/compat/CompatibilityConverter
instanceKlass org/pentaho/reporting/engine/classic/core/designtime/compat/CompatibilityConverterRegistry
instanceKlass org/pentaho/reporting/engine/classic/extensions/datasources/mondrian/parser/DataSourceProviderReadHandler
instanceKlass org/pentaho/reporting/engine/classic/extensions/datasources/mondrian/parser/CubeFileProviderReadHandler
instanceKlass org/pentaho/reporting/engine/classic/extensions/datasources/mondrian/parser/SimpleDenormalizedMDXDataSourceXmlFactoryModule
instanceKlass org/pentaho/reporting/engine/classic/extensions/datasources/mondrian/parser/SimpleLegacyBandedMDXDataSourceXmlFactoryModule
instanceKlass org/pentaho/reporting/engine/classic/extensions/datasources/mondrian/parser/SimpleBandedMDXDataSourceXmlFactoryModule
instanceKlass org/pentaho/reporting/engine/classic/extensions/datasources/mondrian/parser/DenormalizedMDXDataSourceXmlFactoryModule
instanceKlass org/pentaho/reporting/engine/classic/extensions/datasources/mondrian/parser/LegacyBandedMDXDataSourceXmlFactoryModule
instanceKlass org/pentaho/reporting/engine/classic/extensions/datasources/mondrian/parser/BandedMDXDataSourceXmlFactoryModule
instanceKlass javax/swing/filechooser/FileFilter
instanceKlass org/pentaho/reporting/engine/classic/extensions/datasources/kettle/TransformationDatasourceMetadata$DirectoryFileFilter
instanceKlass org/pentaho/reporting/engine/classic/extensions/datasources/kettle/TransformationDatasourceMetadata
instanceKlass org/pentaho/reporting/engine/classic/extensions/datasources/kettle/parser/KettleTransformationProducerReadHandler
instanceKlass org/apache/commons/collections/iterators/IteratorEnumeration
instanceKlass org/apache/commons/collections/OrderedMapIterator
instanceKlass org/apache/commons/collections/MapIterator
instanceKlass org/apache/commons/collections/OrderedIterator
instanceKlass org/apache/commons/collections/iterators/AbstractEmptyIterator
instanceKlass org/apache/commons/collections/ResettableListIterator
instanceKlass org/apache/commons/collections/ResettableIterator
instanceKlass org/apache/commons/collections/IteratorUtils
instanceKlass org/pentaho/reporting/engine/classic/extensions/datasources/kettle/parser/KettleDataSourceXmlFactoryModule
instanceKlass org/pentaho/reporting/engine/classic/extensions/datasources/kettle/KettleToCommonsLoggingEventListener
instanceKlass org/pentaho/di/core/lifecycle/KettleLifecycleSupport$1
instanceKlass org/pentaho/di/core/lifecycle/LifecycleSupport
instanceKlass org/pentaho/di/core/lifecycle/KettleLifecycleSupport
instanceKlass org/pentaho/di/core/KettleVariablesList$KettleVariablesListHelper
instanceKlass org/pentaho/di/core/KettleVariablesList
instanceKlass org/pentaho/di/lifecycle/KettleXmlPluginLifecycleListener
instanceKlass org/pentaho/di/lifecycle/KettleMongoDbPluginLifecycleListener
instanceKlass org/pentaho/di/trans/steps/jsonoutput/analyzer/JsonOutputAnalyzerPluginLifecycleListener
instanceKlass org/pentaho/di/trans/steps/jsoninput/analyzer/JsonInputAnalyzerPluginLifecycleListener
instanceKlass org/pentaho/di/core/lifecycle/LifecycleListener
instanceKlass org/pentaho/di/repository/RepositoryMeta
instanceKlass org/pentaho/di/repository/Repository
instanceKlass org/pentaho/di/core/xml/XMLHandlerCacheEntry
instanceKlass org/pentaho/di/trans/Partitioner
instanceKlass org/pentaho/di/job/entry/JobEntryBase
instanceKlass org/pentaho/di/core/ExtensionDataInterface
instanceKlass org/pentaho/di/resource/ResourceHolderInterface
instanceKlass org/pentaho/di/core/CheckResultSourceInterface
instanceKlass org/pentaho/di/job/entry/JobEntryInterface
instanceKlass org/pentaho/di/core/auth/AuthenticationProviderType
instanceKlass org/pentaho/di/core/auth/AuthenticationConsumerPlugin
instanceKlass org/pentaho/di/core/auth/AuthenticationConsumerType
instanceKlass org/pentaho/di/trans/step/StepDialogInterface
instanceKlass org/pentaho/di/engine/api/Engine
instanceKlass org/pentaho/di/core/logging/LogTablePluginInterface
instanceKlass org/pentaho/di/core/logging/LogTableInterface
instanceKlass org/pentaho/di/core/logging/LogTableCoreInterface
instanceKlass org/pentaho/di/core/injection/InjectionSupported
instanceKlass org/pentaho/di/trans/step/BaseStepMeta
instanceKlass org/pentaho/di/trans/step/StepAttributesInterface
instanceKlass java/util/stream/Nodes$ArrayNode
instanceKlass org/pentaho/di/trans/step/StepMetaInterface
instanceKlass org/pentaho/di/trans/step/StepInterface
instanceKlass org/pentaho/di/core/logging/HasLogChannelInterface
instanceKlass org/pentaho/di/core/lifecycle/KettleLifecycleListener
instanceKlass org/pentaho/di/core/compress/CompressionProvider
instanceKlass org/pentaho/di/www/CartePluginInterface
instanceKlass org/pentaho/di/www/CarteServletInterface
instanceKlass org/pentaho/metastore/locator/api/impl/MetastoreLocatorImpl
instanceKlass org/pentaho/metastore/locator/impl/repository/RepositoryMetastoreProvider
instanceKlass org/pentaho/metastore/locator/impl/local/LocalFileMetastoreProvider
instanceKlass org/pentaho/kettle/repository/locator/api/impl/KettleRepositoryLocatorImpl
instanceKlass org/pentaho/di/trans/step/RowDistributionInterface
instanceKlass org/pentaho/di/job/entry/JobEntryDialogInterface
instanceKlass org/pentaho/di/imp/rule/ImportRuleInterface
instanceKlass org/pentaho/metastore/locator/api/impl/MetastoreLocatorExtensionPoint
instanceKlass org/pentaho/metastore/locator/api/impl/MetastoreLocatorExtensionPoint
instanceKlass org/pentaho/metastore/locator/api/impl/MetastoreLocatorExtensionPoint
instanceKlass org/pentaho/metastore/locator/api/impl/MetastoreLocatorExtensionPoint
instanceKlass org/pentaho/metastore/locator/api/impl/MetastoreLocatorExtensionPoint
instanceKlass org/pentaho/support/encryption/KettleTwoWayPasswordEncoder
instanceKlass org/pentaho/di/core/plugins/ClassLoadingPluginInterface
instanceKlass org/pentaho/di/core/encryption/Encr
instanceKlass org/pentaho/di/core/database/DatabaseInterface
instanceKlass org/pentaho/metastore/locator/api/impl/MetastoreLocatorImpl
instanceKlass org/pentaho/di/core/osgi/api/MetastoreLocatorOsgi
instanceKlass org/pentaho/metastore/locator/api/MetastoreLocator
instanceKlass org/pentaho/metastore/locator/impl/repository/RepositoryMetastoreProvider
instanceKlass org/pentaho/metastore/locator/impl/local/LocalFileMetastoreProvider
instanceKlass org/pentaho/metastore/locator/api/MetastoreProvider
instanceKlass org/pentaho/kettle/repository/locator/api/impl/KettleRepositoryLocatorImpl
instanceKlass org/pentaho/kettle/repository/locator/api/KettleRepositoryLocator
instanceKlass org/pentaho/di/core/service/ServiceProviderInterface
instanceKlass org/pentaho/di/core/logging/LoggingPluginInterface
instanceKlass org/pentaho/di/core/plugins/BasePluginType$1
instanceKlass org/pentaho/di/core/row/value/ValueMetaBase
instanceKlass org/pentaho/di/core/encryption/TwoWayPasswordEncoderInterface
instanceKlass org/pentaho/metastore/locator/api/impl/MetastoreLocatorExtensionPoint
instanceKlass org/pentaho/metastore/locator/api/impl/MetastoreLocatorExtensionPoint
instanceKlass org/pentaho/metastore/locator/api/impl/MetastoreLocatorExtensionPoint
instanceKlass org/pentaho/metastore/locator/api/impl/MetastoreLocatorExtensionPoint
instanceKlass java/lang/StackTraceElement$HashedModules
instanceKlass java/lang/Throwable$PrintStreamOrWriter
instanceKlass org/pentaho/di/core/logging/LogMessage
instanceKlass org/apache/commons/lang/builder/CompareToBuilder
instanceKlass org/pentaho/di/core/plugins/ParentFirst
instanceKlass org/pentaho/metastore/locator/api/impl/MetastoreLocatorExtensionPoint
instanceKlass java/util/BitSet
instanceKlass java/net/URLEncoder
instanceKlass java/net/URLDecoder
instanceKlass org/pentaho/di/core/plugins/JarFileAnnotationPlugin
instanceKlass org/apache/commons/lang/builder/EqualsBuilder
instanceKlass org/pentaho/di/core/xml/DTDIgnoringEntityResolver
instanceKlass org/pentaho/di/core/xml/XMLParserFactoryProducer
instanceKlass org/pentaho/di/core/xml/XMLHandlerCache
instanceKlass javax/xml/transform/Result
instanceKlass org/pentaho/di/core/xml/XMLHandler
instanceKlass org/pentaho/di/core/extension/ExtensionPointInterface
instanceKlass java/util/TreeMap$TreeMapSpliterator
instanceKlass javassist/bytecode/ExceptionTableEntry
instanceKlass javassist/bytecode/FieldInfo
instanceKlass javassist/bytecode/SignatureAttribute$Type
instanceKlass javassist/bytecode/annotation/Annotation$Pair
instanceKlass javassist/bytecode/annotation/Annotation
instanceKlass javassist/bytecode/ByteArray
instanceKlass javassist/bytecode/annotation/MemberValue
instanceKlass javassist/bytecode/AnnotationsAttribute$Walker
instanceKlass javassist/bytecode/Descriptor
instanceKlass javassist/bytecode/ExceptionTable
instanceKlass javassist/bytecode/Opcode
instanceKlass javassist/bytecode/AttributeInfo
instanceKlass javassist/bytecode/MethodInfo
instanceKlass javassist/bytecode/LongVector
instanceKlass javassist/bytecode/ConstInfo
instanceKlass javassist/bytecode/ConstPool
instanceKlass javassist/bytecode/ClassFile
instanceKlass org/apache/commons/vfs2/provider/FileContentThreadData
instanceKlass org/apache/commons/vfs2/provider/DefaultFileContent
instanceKlass org/scannotation/archiveiterator/JarIterator
instanceKlass org/scannotation/archiveiterator/FileProtocolIteratorFactory
instanceKlass org/scannotation/archiveiterator/DirectoryIteratorFactory
instanceKlass org/scannotation/archiveiterator/StreamIterator
instanceKlass org/scannotation/archiveiterator/IteratorFactory
instanceKlass org/scannotation/AnnotationDB$1
instanceKlass org/scannotation/archiveiterator/Filter
instanceKlass org/scannotation/AnnotationDB
instanceKlass org/apache/commons/lang/builder/HashCodeBuilder
instanceKlass org/apache/commons/vfs2/provider/DefaultFileSelectorInfo
instanceKlass org/pentaho/di/core/plugins/PluginFolder$1
instanceKlass org/pentaho/di/core/vfs/KettleVFS$1
instanceKlass org/pentaho/di/core/vfs/KettleVFS
instanceKlass org/pentaho/di/core/plugins/JarFileCache
instanceKlass org/apache/commons/io/IOUtils
instanceKlass org/pentaho/di/core/plugins/PluginAnnotationType
instanceKlass org/pentaho/di/core/gui/GUIOption
instanceKlass org/pentaho/di/core/plugins/PluginExtraClassTypes
instanceKlass org/pentaho/di/core/plugins/PluginRegistryExtension
instanceKlass org/pentaho/di/core/plugins/PluginMainClassType
instanceKlass org/pentaho/di/core/plugins/PluginTypeCategoriesOrder
instanceKlass org/pentaho/di/core/plugins/Plugin
instanceKlass org/pentaho/di/core/plugins/RegistryPlugin
instanceKlass org/pentaho/di/core/logging/LogChannel$1
instanceKlass org/pentaho/di/core/metrics/MetricsSnapshot
instanceKlass org/pentaho/di/core/metrics/MetricsSnapshotInterface
instanceKlass org/pentaho/di/core/logging/Metrics
instanceKlass org/pentaho/di/core/logging/Slf4jLoggingEventListener
instanceKlass org/pentaho/di/core/logging/ConsoleLoggingEventListener
instanceKlass org/pentaho/di/core/logging/KettleLogLayout
instanceKlass org/pentaho/di/core/logging/LoggingBuffer
instanceKlass org/pentaho/di/core/logging/LogChannelFactory
instanceKlass org/pentaho/di/core/logging/LogChannelInterfaceFactory
instanceKlass org/pentaho/di/core/logging/KettleLogStore
instanceKlass org/pentaho/di/core/util/StringUtil
instanceKlass org/pentaho/di/core/variables/Variables
instanceKlass org/pentaho/di/core/service/ServiceProvider
instanceKlass org/pentaho/di/core/encryption/TwoWayPasswordEncoderPlugin
instanceKlass org/pentaho/di/core/extension/ExtensionPoint
instanceKlass org/pentaho/di/core/plugins/DatabaseMetaPlugin
instanceKlass org/pentaho/di/core/row/value/ValueMetaPlugin
instanceKlass org/pentaho/di/core/logging/LoggingPlugin
instanceKlass org/pentaho/di/core/KettleClientEnvironment
instanceKlass java/util/logging/Logger$SystemLoggerHelper$1
instanceKlass java/util/logging/Logger$SystemLoggerHelper
instanceKlass com/google/common/util/concurrent/ExecutionList
instanceKlass com/google/common/util/concurrent/AbstractFuture
instanceKlass com/google/common/util/concurrent/ListenableFuture
instanceKlass org/pentaho/di/core/annotations/EnginePlugin
instanceKlass org/pentaho/di/core/auth/AuthenticationProviderPlugin
instanceKlass org/pentaho/di/core/compress/CompressionPlugin
instanceKlass org/pentaho/di/core/annotations/CarteServlet
instanceKlass org/pentaho/di/core/annotations/ImportRulePlugin
instanceKlass org/pentaho/di/core/annotations/KettleLifecyclePlugin
instanceKlass org/pentaho/di/core/annotations/LifecyclePlugin
instanceKlass org/pentaho/di/core/annotations/RepositoryPlugin
instanceKlass org/pentaho/di/core/logging/LogTablePlugin
instanceKlass org/pentaho/di/core/annotations/JobEntry
instanceKlass org/pentaho/di/base/AbstractMeta
instanceKlass org/pentaho/di/repository/HasRepositoryInterface
instanceKlass org/pentaho/di/core/AttributesInterface
instanceKlass org/pentaho/di/trans/HasSlaveServersInterface
instanceKlass org/pentaho/di/core/parameters/NamedParams
instanceKlass org/pentaho/di/core/EngineMetaInterface
instanceKlass org/pentaho/di/core/variables/VariableSpace
instanceKlass org/pentaho/di/trans/HasDatabasesInterface
instanceKlass org/pentaho/di/core/gui/UndoInterface
instanceKlass org/pentaho/di/core/changed/ChangedFlagInterface
instanceKlass org/pentaho/di/repository/RepositoryElementInterface
instanceKlass org/pentaho/di/resource/ResourceExportInterface
instanceKlass org/pentaho/di/core/xml/XMLInterface
instanceKlass org/pentaho/di/core/annotations/PartitionerPlugin
instanceKlass org/pentaho/di/core/plugins/BaseFragmentType$FragmentTypeListener
instanceKlass org/pentaho/di/core/annotations/PluginDialog
instanceKlass org/pentaho/di/core/plugins/PluginTypeListener
instanceKlass org/pentaho/di/core/annotations/Step
instanceKlass org/pentaho/di/core/plugins/PluginFolder
instanceKlass org/pentaho/di/core/plugins/PluginFolderInterface
instanceKlass org/pentaho/di/core/row/RowMetaInterface
instanceKlass org/pentaho/di/core/row/ValueMetaInterface
instanceKlass org/pentaho/di/core/logging/MetricsInterface
instanceKlass org/pentaho/di/core/plugins/PluginRegistry
instanceKlass org/pentaho/di/core/logging/MetricsRegistry
instanceKlass org/pentaho/di/i18n/LanguageChoice
instanceKlass org/pentaho/di/i18n/GlobalMessageUtil
instanceKlass org/pentaho/di/repository/RepositoryDirectoryInterface
instanceKlass org/pentaho/di/repository/RepositoryObjectInterface
instanceKlass org/pentaho/di/core/logging/LoggingObject
instanceKlass org/pentaho/di/core/util/EnvUtil
instanceKlass org/pentaho/di/core/logging/LoggingObjectInterface
instanceKlass org/pentaho/di/core/logging/LoggingRegistry
instanceKlass org/pentaho/di/i18n/BaseMessages
instanceKlass org/pentaho/di/core/logging/DefaultLogLevel
instanceKlass org/pentaho/di/core/logging/LogMessageInterface
instanceKlass org/pentaho/di/core/logging/LoggingObjectLifecycleInterface
instanceKlass org/pentaho/di/core/logging/LogChannel
instanceKlass org/pentaho/di/core/logging/LogChannelInterface
instanceKlass org/pentaho/di/trans/step/RowDistributionPlugin
instanceKlass org/apache/commons/vfs2/FileSelector
instanceKlass org/pentaho/di/core/plugins/PluginInterface
instanceKlass org/pentaho/di/core/plugins/BasePluginType
instanceKlass org/pentaho/di/core/plugins/PluginTypeInterface
instanceKlass org/pentaho/di/core/KettleEnvironment
instanceKlass jdk/internal/math/FDBigInteger
instanceKlass sun/util/resources/provider/NonBaseLocaleDataMetaInfo
instanceKlass sun/util/locale/provider/BaseLocaleDataMetaInfo
instanceKlass java/util/Currency$CurrencyNameGetter
instanceKlass java/util/Currency$OtherCurrencyEntry
instanceKlass java/util/Currency$SpecialCaseEntry
instanceKlass java/util/Currency$1
instanceKlass java/util/Currency
instanceKlass org/pentaho/di/laf/LAFDelegate
instanceKlass org/pentaho/di/laf/OverlayPropertyHandler
instanceKlass org/pentaho/di/i18n/AbstractMessageHandler
instanceKlass org/pentaho/di/i18n/MessageHandler
instanceKlass org/pentaho/di/laf/LAFFactory
instanceKlass org/pentaho/di/laf/PropertyHandler
instanceKlass org/pentaho/di/laf/Handler
instanceKlass org/pentaho/di/laf/BasePropertyHandler
instanceKlass org/pentaho/di/laf/LAFChangeListener
instanceKlass org/pentaho/di/core/util/Utils
instanceKlass org/pentaho/di/version/EnvironmentVariableGetter
instanceKlass org/pentaho/di/version/ManifestGetter
instanceKlass org/pentaho/di/version/BuildVersion
instanceKlass org/pentaho/di/core/Const
instanceKlass org/pentaho/di/core/logging/KettleLoggingEventListener
instanceKlass org/pentaho/reporting/engine/classic/extensions/datasources/kettle/KettleDataFactoryModuleInitializer
instanceKlass org/pentaho/reporting/engine/classic/extensions/datasources/cda/parser/CdaDataSourceXmlFactoryModule
instanceKlass org/pentaho/reporting/engine/classic/core/modules/parser/bundle/LegacyBundleResourceRegistry
instanceKlass org/pentaho/reporting/engine/classic/wizard/parser/WizardSpecifcationXmlFactoryModule
instanceKlass org/pentaho/reporting/engine/classic/wizard/writer/WizardSpecificationWriteHandler
instanceKlass org/pentaho/reporting/engine/classic/core/modules/parser/simple/SimpleParserModuleInit
instanceKlass org/pentaho/reporting/engine/classic/core/modules/parser/simple/SimpleSubReportXmlFactoryModule
instanceKlass org/pentaho/reporting/engine/classic/core/modules/parser/simple/SimpleReportXmlFactoryModule
instanceKlass org/pentaho/reporting/engine/classic/core/modules/parser/data/staticdata/StaticDataResourceXmlFactoryModule
instanceKlass org/pentaho/reporting/engine/classic/core/modules/parser/data/staticdata/DirectStaticDataResourceXmlFactoryModule
instanceKlass org/pentaho/reporting/engine/classic/core/modules/parser/data/sql/ConnectionReadHandler
instanceKlass org/pentaho/reporting/engine/classic/core/modules/parser/data/sql/SQLResourceXmlFactoryModule
instanceKlass org/pentaho/reporting/engine/classic/core/modules/parser/data/sql/DirectSQLResourceXmlFactoryModule
instanceKlass org/pentaho/reporting/engine/classic/core/modules/parser/data/sequence/SequenceResourceXmlFactoryModule
instanceKlass org/pentaho/reporting/engine/classic/core/modules/parser/data/inlinedata/InlineDataResourceXmlFactoryModule
instanceKlass org/pentaho/reporting/engine/classic/core/modules/parser/data/external/ExternalResourceXmlFactoryModule
instanceKlass org/pentaho/reporting/engine/classic/core/modules/parser/data/compounddata/CompoundDataFactoryResourceXmlFactoryModule
instanceKlass org/pentaho/reporting/engine/classic/core/modules/parser/bundle/BundleCrosstabXmlFactoryModule
instanceKlass org/pentaho/reporting/engine/classic/core/modules/parser/bundle/writer/ResourceWriter
instanceKlass org/pentaho/reporting/engine/classic/core/modules/parser/bundle/writer/LayoutFileWriter
instanceKlass org/pentaho/reporting/engine/classic/core/modules/parser/bundle/writer/StyleFileWriter
instanceKlass org/pentaho/reporting/engine/classic/core/modules/parser/bundle/writer/SettingsFileWriter
instanceKlass org/pentaho/reporting/engine/classic/core/modules/parser/bundle/writer/DataDefinitionFileWriter
instanceKlass org/pentaho/reporting/engine/classic/core/modules/parser/bundle/writer/DataSchemaWriter
instanceKlass org/pentaho/reporting/engine/classic/core/modules/parser/bundle/writer/BundleMetaFileWriter
instanceKlass org/pentaho/reporting/engine/classic/core/modules/parser/bundle/writer/ContentFileWriter
instanceKlass org/pentaho/reporting/engine/classic/core/modules/parser/bundle/writer/BundleWriterHandler
instanceKlass org/pentaho/reporting/engine/classic/core/wizard/DataAttributeContext
instanceKlass org/pentaho/reporting/engine/classic/core/modules/parser/bundle/writer/styles/RotationStyleSetWriteHandler
instanceKlass org/pentaho/reporting/engine/classic/core/modules/parser/bundle/writer/styles/TextStyleSetWriteHandler
instanceKlass org/pentaho/reporting/engine/classic/core/modules/parser/bundle/writer/styles/SpatialStyleSetWriteHandler
instanceKlass org/pentaho/reporting/engine/classic/core/modules/parser/bundle/writer/styles/PageBandStyleSetWriteHandler
instanceKlass org/pentaho/reporting/engine/classic/core/modules/parser/bundle/writer/styles/ContentStyleSetWriteHandler
instanceKlass org/pentaho/reporting/engine/classic/core/modules/parser/bundle/writer/styles/CommonStyleSetWriteHandler
instanceKlass org/pentaho/reporting/engine/classic/core/modules/parser/bundle/writer/styles/BorderStyleSetWriteHandler
instanceKlass org/pentaho/reporting/engine/classic/core/modules/parser/bundle/writer/styles/BandStyleSetWriteHandler
instanceKlass org/pentaho/reporting/engine/classic/core/modules/parser/bundle/BundleReportXmlFactoryModule
instanceKlass org/pentaho/reporting/engine/classic/core/modules/parser/bundle/BundleSubReportXmlFactoryModule
instanceKlass org/pentaho/reporting/engine/classic/core/modules/parser/bundle/data/SubReportDataDefinitionXmlFactoryModule
instanceKlass org/pentaho/reporting/engine/classic/core/modules/parser/bundle/data/DataDefinitionXmlFactoryModule
instanceKlass org/pentaho/reporting/engine/classic/core/modules/parser/bundle/settings/BundleSettingsXmlFactoryModule
instanceKlass org/pentaho/reporting/engine/classic/core/modules/parser/bundle/layout/ElementStyleDefinitionXmlFactoryModule
instanceKlass org/pentaho/reporting/engine/classic/core/modules/parser/ext/ExtParserModuleInit
instanceKlass org/pentaho/reporting/engine/classic/core/modules/parser/ext/ExtReportXmlFactoryModule
instanceKlass org/pentaho/reporting/engine/classic/core/modules/parser/ext/ExtSubReportXmlFactoryModule
instanceKlass org/pentaho/reporting/engine/classic/core/modules/parser/base/DataFactoryReadHandler
instanceKlass org/pentaho/reporting/libraries/xmlns/parser/AbstractReadHandlerFactory$TagDefinitionValue
instanceKlass org/pentaho/reporting/libraries/xmlns/parser/AbstractReadHandlerFactory$TagDefinitionKey
instanceKlass org/pentaho/reporting/engine/classic/core/modules/parser/base/SubReportReadHandler
instanceKlass org/pentaho/reporting/libraries/xmlns/parser/AbstractReadHandlerFactory
instanceKlass org/pentaho/reporting/engine/classic/core/modules/misc/configstore/base/NullConfigStorage
instanceKlass org/pentaho/reporting/engine/classic/core/modules/misc/configstore/base/ConfigFactory
instanceKlass org/pentaho/reporting/engine/classic/core/modules/misc/configstore/filesystem/FileConfigStoreModuleInitializer
instanceKlass org/pentaho/reporting/libraries/base/boot/ModuleInitializer
instanceKlass org/pentaho/reporting/engine/classic/core/modules/misc/configstore/filesystem/FileConfigStorage
instanceKlass org/pentaho/reporting/engine/classic/core/modules/misc/configstore/base/ConfigStorage
instanceKlass org/apache/poi/POIDocument
instanceKlass org/apache/poi/ss/usermodel/Workbook
instanceKlass org/pentaho/reporting/engine/classic/core/MultiStreamReportProcessTask
instanceKlass org/pentaho/reporting/engine/classic/core/AbstractReportProcessTask
instanceKlass org/pentaho/reporting/engine/classic/core/ReportProcessTask
instanceKlass org/pentaho/reporting/engine/classic/core/metadata/ReportProcessTaskMetaData
instanceKlass org/pentaho/reporting/engine/classic/core/metadata/ReportProcessTaskRegistry
instanceKlass org/pentaho/reporting/engine/classic/extensions/toc/parser/BundleIndexXmlFactoryModule
instanceKlass org/pentaho/reporting/engine/classic/core/modules/parser/bundle/layout/StyleDefinitionXmlFactoryModule
instanceKlass org/pentaho/reporting/engine/classic/core/modules/parser/bundle/layout/LayoutDefinitionXmlFactoryModule
instanceKlass org/pentaho/reporting/engine/classic/extensions/toc/parser/BundleTocXmlFactoryModule
instanceKlass org/pentaho/reporting/engine/classic/core/modules/parser/bundle/layout/StyleReadHandler
instanceKlass org/pentaho/reporting/engine/classic/extensions/modules/sparklines/xml/SparklineStyleSetWriteHandler
instanceKlass org/pentaho/reporting/engine/classic/core/modules/parser/bundle/writer/styles/BundleStyleSetWriteHandler
instanceKlass org/pentaho/reporting/engine/classic/core/modules/parser/bundle/BundleStyleRegistry
instanceKlass org/pentaho/reporting/engine/classic/extensions/modules/sparklines/SparklineTypePropertyEditor
instanceKlass org/pentaho/reporting/libraries/libsparklines/BarGraphDrawable
instanceKlass org/pentaho/reporting/engine/classic/extensions/modules/sbarcodes/BarcodeTypePropertyEditor
instanceKlass net/sourceforge/barbecue/env/HeadlessEnvironment
instanceKlass net/sourceforge/barbecue/env/Environment
instanceKlass net/sourceforge/barbecue/env/EnvironmentFactory
instanceKlass java/awt/print/Printable
instanceKlass org/mozilla/javascript/Context
instanceKlass org/jfree/chart/renderer/RendererState
instanceKlass org/jfree/chart/labels/XYSeriesLabelGenerator
instanceKlass org/jfree/chart/renderer/xy/StandardXYBarPainter
instanceKlass org/jfree/chart/renderer/category/StandardBarPainter
instanceKlass org/jfree/chart/plot/Marker
instanceKlass org/jfree/chart/renderer/PolarItemRenderer
instanceKlass org/jfree/chart/urls/PieURLGenerator
instanceKlass org/jfree/chart/labels/PieToolTipGenerator
instanceKlass org/jfree/chart/labels/PieSectionLabelGenerator
instanceKlass org/jfree/chart/urls/CategoryURLGenerator
instanceKlass org/jfree/chart/labels/CategoryToolTipGenerator
instanceKlass org/jfree/chart/urls/XYURLGenerator
instanceKlass org/jfree/chart/labels/XYToolTipGenerator
instanceKlass org/jfree/chart/ChartFactory
instanceKlass org/jfree/ui/GradientPaintTransformer
instanceKlass org/jfree/chart/labels/CategorySeriesLabelGenerator
instanceKlass java/awt/geom/Line2D
instanceKlass org/jfree/chart/renderer/AbstractRenderer
instanceKlass org/jfree/chart/Effect3D
instanceKlass org/jfree/chart/renderer/xy/GradientXYBarPainter
instanceKlass org/jfree/chart/renderer/category/GradientBarPainter
instanceKlass org/jfree/chart/plot/PieLabelLinkStyle
instanceKlass java/awt/Polygon
instanceKlass org/jfree/chart/plot/DefaultDrawingSupplier
instanceKlass org/jfree/util/UnitType
instanceKlass org/jfree/ui/RectangleInsets
instanceKlass org/jfree/data/Range
instanceKlass org/jfree/chart/axis/TickUnitSource
instanceKlass org/jfree/chart/axis/TickUnit
instanceKlass java/awt/font/LineMetrics
instanceKlass org/jfree/chart/entity/ChartEntity
instanceKlass org/jfree/chart/renderer/xy/XYBarPainter
instanceKlass org/jfree/chart/renderer/category/BarPainter
instanceKlass org/jfree/chart/plot/DrawingSupplier
instanceKlass org/jfree/chart/block/AbstractBlock
instanceKlass org/jfree/chart/block/Block
instanceKlass org/jfree/chart/StandardChartTheme
instanceKlass org/jfree/chart/ChartTheme
instanceKlass org/pentaho/reporting/engine/classic/extensions/legacy/charts/propertyeditor/TimePeriodPropertyEditor
instanceKlass org/jfree/data/general/AbstractDataset
instanceKlass org/jfree/data/general/SeriesChangeListener
instanceKlass org/jfree/data/DomainInfo
instanceKlass org/jfree/data/xy/IntervalXYDataset
instanceKlass org/pentaho/reporting/engine/classic/extensions/legacy/charts/propertyeditor/TimePeriodStringPropertyEditor
instanceKlass org/pentaho/plugin/jfreereport/reportcharts/ICollectorFunction
instanceKlass org/pentaho/plugin/jfreereport/reportcharts/MultiPlotChartExpression
instanceKlass org/pentaho/reporting/engine/classic/extensions/legacy/charts/propertyeditor/ExtendedXYLineChartTypePropertyEditor
instanceKlass org/pentaho/reporting/engine/classic/core/modules/parser/base/common/ExpressionMapPropertyWriteHandler
instanceKlass org/pentaho/reporting/engine/classic/core/modules/parser/bundle/writer/BundleExpressionPropertyWriteHandler
instanceKlass org/pentaho/reporting/engine/classic/extensions/legacy/charts/propertyeditor/LineStylePropertyEditor
instanceKlass org/pentaho/reporting/engine/classic/extensions/legacy/charts/propertyeditor/FontStringPropertyEditor
instanceKlass org/pentaho/reporting/engine/classic/extensions/legacy/charts/propertyeditor/ColorPropertyEditor
instanceKlass org/pentaho/reporting/engine/classic/extensions/legacy/charts/propertyeditor/LegendLocationPropertyEditor
instanceKlass org/pentaho/reporting/engine/classic/extensions/legacy/charts/propertyeditor/ItemLabelPrintedPropertyEditor
instanceKlass org/pentaho/reporting/engine/classic/extensions/legacy/charts/propertyeditor/DateTimeUnitPropertyEditor
instanceKlass org/jfree/chart/JFreeChart
instanceKlass org/jfree/chart/event/PlotChangeListener
instanceKlass org/jfree/chart/event/TitleChangeListener
instanceKlass org/jfree/ui/Drawable
instanceKlass org/pentaho/reporting/engine/classic/core/DynamicExpression
instanceKlass org/pentaho/plugin/jfreereport/reportcharts/ChartExpression
instanceKlass org/pentaho/reporting/engine/classic/core/LegacyUpdateHandler
instanceKlass org/jfree/data/general/ValueDataset
instanceKlass org/jfree/data/Value
instanceKlass org/jfree/chart/renderer/xy/XYItemRenderer
instanceKlass org/jfree/chart/event/RendererChangeListener
instanceKlass org/jfree/chart/plot/Zoomable
instanceKlass org/jfree/chart/plot/Pannable
instanceKlass org/jfree/chart/plot/ValueAxisPlot
instanceKlass org/jfree/chart/plot/Plot
instanceKlass org/jfree/chart/event/MarkerChangeListener
instanceKlass org/jfree/data/general/DatasetChangeListener
instanceKlass org/jfree/chart/event/AxisChangeListener
instanceKlass org/jfree/chart/axis/Axis
instanceKlass org/jfree/util/PublicCloneable
instanceKlass org/jfree/chart/renderer/category/CategoryItemRenderer
instanceKlass org/jfree/chart/LegendItemSource
instanceKlass org/jfree/data/category/CategoryDataset
instanceKlass org/jfree/data/KeyedValues2D
instanceKlass org/jfree/data/Values2D
instanceKlass org/jfree/data/xy/XYZDataset
instanceKlass org/jfree/data/general/PieDataset
instanceKlass org/jfree/data/KeyedValues
instanceKlass org/jfree/data/Values
instanceKlass org/jfree/data/xy/XYDataset
instanceKlass org/jfree/data/general/SeriesDataset
instanceKlass org/jfree/data/general/Dataset
instanceKlass org/pentaho/reporting/engine/classic/core/util/ReportDrawable
instanceKlass org/pentaho/reporting/engine/classic/extensions/drilldown/PatternLinkCustomizer
instanceKlass org/pentaho/reporting/engine/classic/extensions/drilldown/FormulaLinkCustomizer
instanceKlass org/pentaho/reporting/engine/classic/extensions/drilldown/LinkCustomizer
instanceKlass org/pentaho/reporting/engine/classic/extensions/drilldown/DrillDownProfileMetaData
instanceKlass org/pentaho/reporting/engine/classic/core/modules/parser/bundle/layout/ElementReadHandler
instanceKlass org/pentaho/reporting/engine/classic/core/modules/parser/base/ReportElementReadHandler
instanceKlass org/pentaho/reporting/engine/classic/core/modules/parser/bundle/writer/elements/AbstractElementWriteHandler
instanceKlass org/pentaho/reporting/engine/classic/core/modules/parser/bundle/writer/BundleElementWriteHandler
instanceKlass org/pentaho/reporting/engine/classic/core/modules/parser/bundle/BundleElementRegistry
instanceKlass org/pentaho/reporting/libraries/xmlns/writer/DefaultTagDescription$TagDefinitionKey
instanceKlass org/pentaho/reporting/libraries/xmlns/writer/DefaultTagDescription
instanceKlass org/pentaho/reporting/libraries/xmlns/writer/TagDescription
instanceKlass org/pentaho/reporting/engine/classic/core/modules/parser/bundle/writer/BundleWriterHandlerRegistry
instanceKlass org/pentaho/reporting/libraries/base/util/SecurePasswordEncryption
instanceKlass org/pentaho/reporting/engine/classic/core/modules/parser/base/StaticAESPasswordEncryptionServiceProvider
instanceKlass org/pentaho/reporting/engine/classic/core/modules/parser/base/PlainTextPasswordEncryptionServiceProvider
instanceKlass org/pentaho/reporting/engine/classic/core/modules/parser/base/ObscurificatePasswordEncryptionServiceProvider
instanceKlass org/pentaho/reporting/engine/classic/core/modules/parser/base/PasswordEncryptionService
instanceKlass org/pentaho/reporting/engine/classic/core/metadata/DefaultReportPreProcessorPropertyCore
instanceKlass org/pentaho/reporting/engine/classic/core/metadata/ReportPreProcessorPropertyCore
instanceKlass org/pentaho/reporting/engine/classic/core/metadata/ReportPreProcessorPropertyMetaData
instanceKlass org/pentaho/reporting/engine/classic/core/modules/misc/bsf/BSFScriptableLanguagesPropertyEditor
instanceKlass org/apache/bsf/BSFManager
instanceKlass bsh/Interpreter
instanceKlass bsh/ConsoleInterface
instanceKlass java/util/HashMap$UnsafeHolder
instanceKlass java/io/FileOutputStream$1
instanceKlass org/pentaho/reporting/libraries/fonts/registry/FontType
instanceKlass java/io/SerialCallbackContext
instanceKlass java/io/ObjectStreamClass$5
instanceKlass java/io/ObjectStreamClass$4
instanceKlass java/io/ObjectStreamClass$3
instanceKlass java/io/ObjectStreamClass$MemberSignature
instanceKlass java/io/ObjectStreamClass$1
instanceKlass java/io/ObjectOutputStream$ReplaceTable
instanceKlass java/io/ObjectOutputStream$HandleTable
instanceKlass net/sf/ehcache/store/FrontEndCacheTier$1
instanceKlass org/pentaho/reporting/libraries/fonts/truetype/TrueTypeCollection
instanceKlass org/pentaho/reporting/libraries/fonts/registry/FontFileRecord
instanceKlass org/pentaho/reporting/libraries/fonts/truetype/TrueTypeFontIdentifier
instanceKlass org/pentaho/reporting/libraries/fonts/registry/FontNativeContext
instanceKlass org/pentaho/reporting/libraries/fonts/truetype/TrueTypeFontRecord
instanceKlass org/pentaho/reporting/libraries/fonts/registry/FontSource
instanceKlass org/pentaho/reporting/libraries/fonts/LanguageCode
instanceKlass org/pentaho/reporting/libraries/fonts/truetype/HorizontalHeaderTable
instanceKlass org/pentaho/reporting/libraries/fonts/truetype/OS2Table
instanceKlass org/pentaho/reporting/libraries/fonts/truetype/FontHeaderTable
instanceKlass org/pentaho/reporting/libraries/fonts/encoding/ExternalEncoding
instanceKlass org/pentaho/reporting/libraries/fonts/encoding/External8BitEncodingCore
instanceKlass java/io/ObjectStreamClass$ExceptionInfo
instanceKlass java/io/ObjectStreamClass$ClassDataSlot
instanceKlass java/io/ObjectStreamClass$FieldReflector
instanceKlass java/io/ObjectStreamClass$FieldReflectorKey
instanceKlass java/io/ObjectOutput
instanceKlass java/io/ObjectStreamClass$2
instanceKlass java/io/ClassCache
instanceKlass java/io/ObjectStreamClass$Caches
instanceKlass org/pentaho/reporting/libraries/fonts/encoding/EncodingData
instanceKlass java/io/ObjectStreamClass
instanceKlass java/io/Bits
instanceKlass jdk/internal/access/JavaObjectInputFilterAccess
instanceKlass java/io/ObjectInputFilter$Config$BuiltinFilterFactory
instanceKlass java/io/ObjectInputFilter$Config
instanceKlass java/io/ObjectInputStream$ValidationList
instanceKlass java/io/ObjectInputStream$HandleTable$HandleList
instanceKlass java/io/ObjectInputStream$HandleTable
instanceKlass jdk/internal/access/JavaObjectInputStreamReadString
instanceKlass jdk/internal/access/JavaObjectInputStreamAccess
instanceKlass org/pentaho/reporting/engine/classic/extensions/drilldown/parser/DrillDownProfileCollection
instanceKlass org/pentaho/reporting/libraries/fonts/encoding/ByteStream
instanceKlass org/pentaho/reporting/libraries/fonts/encoding/CodePointBuffer
instanceKlass org/pentaho/reporting/libraries/fonts/encoding/ByteBuffer
instanceKlass org/pentaho/reporting/libraries/resourceloader/loader/LoaderUtils
instanceKlass org/pentaho/reporting/libraries/resourceloader/SimpleResource
instanceKlass org/pentaho/reporting/libraries/fonts/encoding/manual/Utf16LE
instanceKlass org/pentaho/reporting/libraries/fonts/encoding/ComplexEncoding
instanceKlass org/pentaho/reporting/libraries/fonts/encoding/manual/Iso8859_1
instanceKlass org/pentaho/reporting/libraries/fonts/encoding/manual/Ascii
instanceKlass org/pentaho/reporting/libraries/fonts/encoding/EncodingFactory
instanceKlass org/pentaho/reporting/libraries/fonts/truetype/mappings/PlatformIdentifier
instanceKlass org/pentaho/reporting/libraries/fonts/truetype/NameTable$NameRecord
instanceKlass org/pentaho/reporting/libraries/fonts/truetype/NameTable
instanceKlass org/pentaho/reporting/libraries/fonts/truetype/TrueTypeFont$TableDirectoryEntry
instanceKlass org/pentaho/reporting/libraries/fonts/ByteAccessUtilities
instanceKlass org/pentaho/reporting/libraries/fonts/truetype/TrueTypeFont$TrueTypeFontHeader
instanceKlass org/pentaho/reporting/libraries/fonts/io/FileFontDataInputSource
instanceKlass org/pentaho/reporting/libraries/fonts/truetype/FontTable
instanceKlass org/pentaho/reporting/libraries/fonts/io/FontDataInputSource
instanceKlass org/pentaho/reporting/libraries/fonts/truetype/TrueTypeFont
instanceKlass org/pentaho/reporting/libraries/resourceloader/loader/zip/ZipEntryKey
instanceKlass org/pentaho/reporting/libraries/fonts/pfm/PfmFontRegistry$FontPathFilter
instanceKlass org/pentaho/reporting/libraries/fonts/afm/AfmFontRegistry$FontPathFilter
instanceKlass org/pentaho/reporting/libraries/fonts/truetype/TrueTypeFontRegistry$FontPathFilter
instanceKlass org/pentaho/reporting/libraries/fonts/registry/AbstractFontFileRegistry
instanceKlass org/pentaho/reporting/libraries/fonts/itext/ITextBuiltInFontRecord
instanceKlass org/pentaho/reporting/libraries/fonts/registry/FontIdentifier
instanceKlass org/pentaho/reporting/libraries/fonts/registry/DefaultFontFamily
instanceKlass org/pentaho/reporting/libraries/fonts/registry/FontRecord
instanceKlass org/pentaho/reporting/libraries/fonts/itext/ITextBuiltInFontRegistry
instanceKlass org/pentaho/reporting/libraries/fonts/registry/FontMetricsFactory
instanceKlass org/pentaho/reporting/libraries/fonts/registry/FontFamily
instanceKlass org/pentaho/reporting/libraries/fonts/merge/CompoundFontRegistry
instanceKlass org/pentaho/reporting/libraries/fonts/registry/FontRegistry
instanceKlass com/lowagie/text/Document
instanceKlass com/lowagie/text/DocListener
instanceKlass com/lowagie/text/ElementListener
instanceKlass org/pentaho/reporting/engine/classic/core/metadata/ReportPreProcessorMetaData
instanceKlass org/pentaho/reporting/engine/classic/core/AbstractReportPreProcessor
instanceKlass org/pentaho/reporting/libraries/xmlns/common/ParserUtil
instanceKlass org/pentaho/reporting/engine/classic/core/metadata/ReportPreProcessorRegistry
instanceKlass org/pentaho/reporting/engine/classic/core/metadata/DataFactoryMetaData
instanceKlass org/pentaho/reporting/engine/classic/core/metadata/DefaultDataFactoryCore
instanceKlass org/pentaho/reporting/engine/classic/core/metadata/DataFactoryCore
instanceKlass org/pentaho/reporting/engine/classic/core/metadata/DataFactoryRegistry
instanceKlass org/pentaho/reporting/engine/classic/core/metadata/ExpressionMetaData
instanceKlass org/pentaho/reporting/engine/classic/core/function/FieldAggregationFunction
instanceKlass org/pentaho/reporting/engine/classic/core/function/AggregationFunction
instanceKlass org/pentaho/reporting/engine/classic/core/function/LayoutProcessorFunction
instanceKlass org/pentaho/reporting/engine/classic/core/event/PageEventListener
instanceKlass org/pentaho/reporting/engine/classic/core/metadata/propertyeditors/SharedPropertyDescriptorProxy
instanceKlass org/pentaho/reporting/engine/classic/core/modules/parser/base/common/ExpressionPropertyWriteHandler
instanceKlass org/pentaho/reporting/engine/classic/core/modules/parser/base/common/UserDefinedExpressionPropertyReadHandler
instanceKlass org/pentaho/reporting/engine/classic/core/metadata/DefaultExpressionPropertyCore
instanceKlass org/pentaho/reporting/engine/classic/core/metadata/ExpressionPropertyCore
instanceKlass org/pentaho/reporting/engine/classic/core/metadata/ExpressionPropertyMetaData
instanceKlass org/pentaho/reporting/engine/classic/core/metadata/SharedBeanInfo
instanceKlass org/pentaho/reporting/engine/classic/core/function/AbstractExpression
instanceKlass org/pentaho/reporting/engine/classic/core/metadata/ExpressionRegistry
instanceKlass org/pentaho/reporting/engine/classic/core/filter/RawDataSource
instanceKlass org/pentaho/reporting/engine/classic/core/filter/types/RotatableText
instanceKlass org/pentaho/reporting/engine/classic/core/metadata/ElementMetaData
instanceKlass org/pentaho/reporting/engine/classic/core/metadata/propertyeditors/CompatibilityLevelPropertyEditor
instanceKlass org/pentaho/reporting/engine/classic/core/metadata/propertyeditors/ParameterLayoutPropertyEditor
instanceKlass org/pentaho/reporting/engine/classic/core/metadata/propertyeditors/ReportProcessTaskPropertyEditor
instanceKlass org/pentaho/reporting/engine/classic/core/PageDefinition
instanceKlass org/pentaho/reporting/libraries/docbundle/DocumentBundle
instanceKlass org/pentaho/reporting/libraries/xmlns/common/AttributeMap$DualKey
instanceKlass org/pentaho/reporting/engine/classic/core/metadata/AbstractMetaData
instanceKlass org/pentaho/reporting/engine/classic/core/filter/types/AbstractElementType
instanceKlass org/pentaho/reporting/engine/classic/core/metadata/SectionType
instanceKlass org/pentaho/reporting/libraries/xmlns/common/AttributeMap
instanceKlass org/pentaho/reporting/libraries/resourceloader/CompoundResource
instanceKlass org/pentaho/reporting/engine/classic/core/metadata/propertyeditors/RotationPropertyEditor
instanceKlass org/pentaho/reporting/engine/classic/core/metadata/propertyeditors/EnumPropertyEditor
instanceKlass org/pentaho/reporting/engine/classic/core/metadata/propertyeditors/HorizontalAlignmentPropertyEditor
instanceKlass org/pentaho/reporting/engine/classic/core/metadata/propertyeditors/VerticalAlignmentPropertyEditor
instanceKlass org/pentaho/reporting/engine/classic/core/metadata/propertyeditors/AbsoluteLengthPropertyEditor
instanceKlass org/pentaho/reporting/engine/classic/core/metadata/propertyeditors/FontSmoothPropertyEditor
instanceKlass org/pentaho/reporting/engine/classic/core/metadata/propertyeditors/FontFamilyPropertyEditor
instanceKlass org/pentaho/reporting/engine/classic/core/metadata/propertyeditors/LengthPropertyEditor
instanceKlass org/pentaho/reporting/engine/classic/core/metadata/parser/StyleGroup
instanceKlass org/pentaho/reporting/engine/classic/core/metadata/propertyeditors/LayoutPropertyEditor
instanceKlass org/pentaho/reporting/engine/classic/core/metadata/StyleMetaData
instanceKlass org/pentaho/reporting/engine/classic/core/metadata/propertyeditors/AggregationTypePropertyEditor
instanceKlass org/pentaho/reporting/engine/classic/core/function/StructureFunction
instanceKlass org/pentaho/reporting/engine/classic/core/function/Function
instanceKlass org/pentaho/reporting/engine/classic/core/function/Expression
instanceKlass org/pentaho/reporting/engine/classic/core/event/ReportListener
instanceKlass org/pentaho/reporting/engine/classic/core/ReportPreProcessor
instanceKlass org/pentaho/reporting/engine/classic/core/metadata/parser/AttributeGroup
instanceKlass org/pentaho/reporting/engine/classic/core/metadata/parser/AttributeDefinition
instanceKlass org/pentaho/reporting/engine/classic/core/metadata/ResourceReference
instanceKlass org/pentaho/reporting/engine/classic/core/metadata/DefaultAttributeCore
instanceKlass org/pentaho/reporting/engine/classic/core/metadata/propertyeditors/RichTextTypePropertyEditor
instanceKlass org/pentaho/reporting/engine/classic/core/modules/parser/base/ReportParserUtil
instanceKlass org/pentaho/reporting/engine/classic/core/metadata/AttributeCore
instanceKlass org/pentaho/reporting/engine/classic/core/metadata/AttributeMetaData
instanceKlass org/pentaho/reporting/engine/classic/core/metadata/MetaData
instanceKlass org/pentaho/reporting/engine/classic/core/metadata/builder/MetaDataBuilder
instanceKlass org/apache/commons/vfs2/cache/FileSystemAndNameKey
instanceKlass org/apache/commons/vfs2/RandomAccessContent
instanceKlass org/apache/commons/vfs2/FileContent
instanceKlass org/apache/commons/vfs2/operations/FileOperations
instanceKlass org/apache/commons/vfs2/FileSelectInfo
instanceKlass org/apache/commons/vfs2/provider/AbstractFileObject
instanceKlass org/apache/commons/vfs2/FileChangeEvent
instanceKlass org/apache/commons/vfs2/FileSystemOptions
instanceKlass org/apache/commons/vfs2/provider/FileSystemKey
instanceKlass org/apache/commons/vfs2/impl/DefaultFileContentInfo
instanceKlass org/apache/commons/vfs2/FileContentInfo
instanceKlass org/apache/commons/vfs2/impl/FileContentInfoFilenameFactory
instanceKlass org/pentaho/platform/util/messages/MessageUtil
instanceKlass org/pentaho/platform/util/messages/LocaleHelper
instanceKlass org/pentaho/platform/util/messages/MessagesBase
instanceKlass org/pentaho/platform/engine/core/system/InheritableThreadLocalPentahoSessionHolderStrategy
instanceKlass org/pentaho/platform/engine/core/system/IPentahoSessionHolderStrategy
instanceKlass org/pentaho/platform/engine/core/system/PentahoSessionHolder
instanceKlass org/pentaho/reporting/libraries/pensol/vfs/XmlSolutionFileModel
instanceKlass org/pentaho/reporting/libraries/pensol/SolutionFileModel
instanceKlass com/jcraft/jsch/JSch
instanceKlass javax/crypto/Cipher
instanceKlass org/apache/http/ConnectionReuseStrategy
instanceKlass org/apache/http/client/CookieStore
instanceKlass org/apache/http/conn/routing/HttpRoutePlanner
instanceKlass org/apache/http/conn/HttpClientConnectionManager
instanceKlass org/apache/http/client/AuthCache
instanceKlass org/apache/http/auth/AuthScheme
instanceKlass org/apache/http/auth/Credentials
instanceKlass org/apache/http/client/CredentialsProvider
instanceKlass javax/net/ssl/HostnameVerifier
instanceKlass org/apache/http/ssl/TrustStrategy
instanceKlass org/apache/http/client/HttpClient
instanceKlass org/apache/commons/vfs2/UserAuthenticationData
instanceKlass org/apache/commons/vfs2/UserAuthenticationData$Type
instanceKlass org/apache/commons/vfs2/provider/ftp/FtpClient
instanceKlass org/apache/commons/net/ftp/FTPFile
instanceKlass org/apache/commons/compress/utils/InputStreamStatistics
instanceKlass org/apache/commons/compress/compressors/bzip2/BZip2Constants
instanceKlass org/apache/commons/vfs2/provider/AbstractFileName
instanceKlass org/apache/commons/vfs2/FileSystemConfigBuilder
instanceKlass org/apache/commons/vfs2/util/OsFamily
instanceKlass org/apache/commons/vfs2/util/Os
instanceKlass org/apache/commons/vfs2/provider/AbstractFileNameParser
instanceKlass org/apache/commons/vfs2/FileSystem
instanceKlass org/apache/commons/vfs2/FileName
instanceKlass org/apache/commons/vfs2/provider/FileNameParser
instanceKlass org/apache/commons/vfs2/provider/LocalFileProvider
instanceKlass org/apache/commons/vfs2/provider/FileProvider
instanceKlass org/apache/xerces/dom/DeepNodeListImpl
instanceKlass org/apache/commons/vfs2/VfsLog
instanceKlass org/apache/commons/vfs2/util/Messages
instanceKlass org/apache/commons/vfs2/impl/PrivilegedFileReplicator$InitAction
instanceKlass org/apache/commons/vfs2/impl/PrivilegedFileReplicator
instanceKlass org/apache/commons/vfs2/provider/AbstractVfsComponent
instanceKlass org/apache/commons/vfs2/provider/VfsComponent
instanceKlass org/apache/commons/vfs2/impl/FileTypeMap
instanceKlass org/apache/commons/vfs2/impl/DefaultVfsComponentContext
instanceKlass org/apache/commons/vfs2/provider/TemporaryFileStore
instanceKlass org/apache/commons/vfs2/provider/FileReplicator
instanceKlass org/apache/commons/vfs2/provider/VfsComponentContext
instanceKlass org/apache/commons/vfs2/FilesCache
instanceKlass org/apache/commons/vfs2/FileContentInfoFactory
instanceKlass org/apache/commons/vfs2/impl/DefaultFileSystemManager
instanceKlass org/apache/commons/vfs2/FileSystemManager
instanceKlass org/apache/commons/vfs2/VFS
instanceKlass org/apache/commons/vfs2/provider/UriParser
instanceKlass java/net/spi/URLStreamHandlerProvider
instanceKlass java/net/URL$1
instanceKlass java/net/URL$2
instanceKlass org/pentaho/reporting/libraries/xmlns/parser/FixNamespaceUriAttributes
instanceKlass org/pentaho/reporting/libraries/xmlns/parser/AbstractXmlReadHandler
instanceKlass org/pentaho/reporting/libraries/xmlns/parser/DefaultXmlDocumentInfo
instanceKlass org/pentaho/reporting/libraries/xmlns/parser/LoggingErrorHandler
instanceKlass org/pentaho/reporting/libraries/xmlns/parser/ParserEntityResolver
instanceKlass org/pentaho/reporting/libraries/xmlns/parser/MultiplexRootElementHandler$RootEntityResolver
instanceKlass org/pentaho/reporting/libraries/base/util/FastStack
instanceKlass org/pentaho/reporting/libraries/xmlns/parser/CommentHandler
instanceKlass org/xml/sax/ext/LexicalHandler
instanceKlass org/pentaho/reporting/libraries/resourceloader/DependencyCollector
instanceKlass org/pentaho/reporting/libraries/xmlns/parser/XmlDocumentInfo
instanceKlass org/pentaho/metadata/repository/IMetadataDomainRepository
instanceKlass net/sf/ehcache/event/RegisteredEventListeners$1
instanceKlass net/sf/ehcache/util/TimeUtil
instanceKlass org/pentaho/reporting/libraries/base/config/ExtendedConfigurationWrapper
instanceKlass org/pentaho/reporting/libraries/resourceloader/cache/DefaultResourceDataCacheEntry
instanceKlass org/pentaho/reporting/libraries/resourceloader/cache/ResourceDataCacheEntry
instanceKlass org/pentaho/reporting/libraries/resourceloader/cache/CachingResourceData
instanceKlass sun/net/www/MimeEntry
instanceKlass sun/net/www/MimeTable$DefaultInstanceHolder$1
instanceKlass sun/net/www/MimeTable$DefaultInstanceHolder
instanceKlass sun/net/www/MimeTable$1
instanceKlass sun/net/www/MimeTable
instanceKlass java/net/URLConnection$1
instanceKlass java/net/FileNameMap
instanceKlass org/pentaho/reporting/libraries/base/util/IOUtils
instanceKlass org/pentaho/reporting/libraries/resourceloader/loader/AbstractResourceData
instanceKlass org/pentaho/reporting/libraries/docbundle/bundleloader/RepositoryResourceBundleLoader
instanceKlass net/sf/ehcache/store/FrontEndCacheTier$Fault
instanceKlass net/sf/ehcache/concurrent/ConcurrencyUtil
instanceKlass org/pentaho/reporting/libraries/resourceloader/modules/cache/ehcache/EHResourceFactoryCache$CompoundCacheKey
instanceKlass org/pentaho/reporting/libraries/resourceloader/ResourceKey
instanceKlass org/apache/commons/vfs2/FileObject
instanceKlass org/pentaho/reporting/engine/classic/core/metadata/ElementMetaDataParser
instanceKlass org/pentaho/reporting/engine/classic/core/metadata/propertyeditors/WhitespaceCollapsePropertyEditor
instanceKlass org/pentaho/reporting/engine/classic/core/metadata/propertyeditors/VerticalTextAlignmentPropertyEditor
instanceKlass org/pentaho/reporting/engine/classic/core/metadata/propertyeditors/TimeZonePropertyEditor
instanceKlass org/pentaho/reporting/engine/classic/core/metadata/propertyeditors/TextDirectionPropertyEditor
instanceKlass org/pentaho/reporting/engine/classic/core/metadata/propertyeditors/TextWrapPropertyEditor
instanceKlass org/pentaho/reporting/engine/classic/core/metadata/propertyeditors/StagingModePropertyEditor
instanceKlass org/pentaho/reporting/engine/classic/core/util/StagingMode
instanceKlass org/pentaho/reporting/engine/classic/core/metadata/propertyeditors/ElementTypePropertyEditor
instanceKlass org/pentaho/reporting/engine/classic/core/metadata/propertyeditors/BoxSizingPropertyEditor
instanceKlass org/pentaho/reporting/engine/classic/core/metadata/propertyeditors/BorderStylePropertyEditor
instanceKlass org/pentaho/reporting/engine/classic/core/metadata/propertyeditors/BasicStrokeEditor
instanceKlass org/pentaho/reporting/libraries/resourceloader/modules/cache/ehcache/EHResourceFactoryCache
instanceKlass org/pentaho/reporting/libraries/resourceloader/modules/cache/ehcache/EHResourceBundleDataCache
instanceKlass org/pentaho/reporting/libraries/resourceloader/modules/cache/ehcache/EHResourceDataCache
instanceKlass net/sf/ehcache/management/provider/MBeanRegistrationProviderImpl$1
instanceKlass net/sf/ehcache/Statistics
instanceKlass net/sf/ehcache/distribution/CacheReplicator
instanceKlass net/sf/ehcache/event/RegisteredEventListeners$ListenerWrapper
instanceKlass net/sf/ehcache/writer/writethrough/WriteThroughManager
instanceKlass net/sf/ehcache/concurrent/ReadWriteLockSync
instanceKlass net/sf/ehcache/concurrent/Sync
instanceKlass net/sf/ehcache/concurrent/StripedReadWriteLockSync
instanceKlass net/sf/ehcache/store/StripedReadWriteLockProvider
instanceKlass net/sf/ehcache/store/chm/SelectableConcurrentHashMap$MemoryStoreHashEntryIterator
instanceKlass net/sf/ehcache/store/chm/ConcurrentHashMap$HashEntry
instanceKlass net/sf/ehcache/DefaultElementEvictionData
instanceKlass net/sf/ehcache/store/chm/SelectableConcurrentHashMap$DummyPinnedValue
instanceKlass net/sf/ehcache/store/chm/SelectableConcurrentHashMap$DummyPinnedKey
instanceKlass java/util/concurrent/atomic/AtomicLongFieldUpdater$CASUpdater$1
instanceKlass java/util/concurrent/atomic/AtomicLongFieldUpdater
instanceKlass net/sf/ehcache/ElementEvictionData
instanceKlass net/sf/ehcache/Element
instanceKlass net/sf/ehcache/pool/impl/UnboundedPool$UnboundedPoolAccessor
instanceKlass net/sf/ehcache/store/AbstractPolicy
instanceKlass net/sf/ehcache/util/ratestatistics/AbstractRateStatistic
instanceKlass net/sf/ehcache/util/ratestatistics/RateStatistic
instanceKlass net/sf/ehcache/store/Policy
instanceKlass net/sf/ehcache/pool/PoolableStore
instanceKlass net/sf/ehcache/store/TierableStore
instanceKlass net/sf/ehcache/search/Results
instanceKlass net/sf/ehcache/concurrent/StripedReadWriteLock
instanceKlass net/sf/ehcache/store/compound/CopyStrategy
instanceKlass net/sf/ehcache/store/compound/ReadWriteSerializationCopyStrategy
instanceKlass net/sf/ehcache/store/DefaultElementValueComparator
instanceKlass net/sf/ehcache/store/ElementValueComparator
instanceKlass net/sf/ehcache/pool/PoolAccessor
instanceKlass net/sf/ehcache/pool/impl/UnboundedPool
instanceKlass net/sf/ehcache/management/provider/MBeanRegistrationProviderImpl
instanceKlass java/util/Timer$ThreadReaper
instanceKlass java/util/TaskQueue
instanceKlass java/util/Timer
instanceKlass net/sf/ehcache/util/FailSafeTimer
instanceKlass net/sf/ehcache/Cache$NonstopActiveDelegateHolderImpl
instanceKlass net/sf/ehcache/statistics/sampled/NullSampledCacheStatistics
instanceKlass net/sf/ehcache/statistics/sampled/SampledCacheStatisticsWrapper
instanceKlass net/sf/ehcache/statistics/LiveCacheStatisticsImpl
instanceKlass net/sf/ehcache/statistics/NullLiveCacheStatisticsData
instanceKlass net/sf/ehcache/statistics/LiveCacheStatisticsWrapper
instanceKlass net/sf/ehcache/statistics/LiveCacheStatisticsData
instanceKlass net/sf/ehcache/CacheStoreHelper
instanceKlass net/sf/ehcache/event/RegisteredEventListeners
instanceKlass sun/security/provider/AbstractDrbg$NonceProvider
instanceKlass sun/nio/fs/BasicFileAttributesHolder
instanceKlass sun/nio/fs/WindowsDirectoryStream$WindowsDirectoryIterator
instanceKlass sun/nio/fs/WindowsDirectoryStream
instanceKlass java/nio/file/DirectoryStream
instanceKlass java/nio/file/Files$AcceptAllFilter
instanceKlass java/nio/file/DirectoryStream$Filter
instanceKlass java/net/NetworkInterface$1
instanceKlass java/net/DefaultInterface
instanceKlass java/net/InterfaceAddress
instanceKlass java/net/NetworkInterface
instanceKlass sun/security/provider/SeedGenerator$1
instanceKlass sun/security/provider/SeedGenerator
instanceKlass sun/security/provider/AbstractDrbg$SeederHolder
instanceKlass java/security/DrbgParameters$NextBytes
instanceKlass sun/security/provider/EntropySource
instanceKlass sun/security/provider/AbstractDrbg
instanceKlass java/security/DrbgParameters$Instantiation
instanceKlass java/security/DrbgParameters
instanceKlass sun/security/provider/MoreDrbgParameters
instanceKlass java/security/SecureRandomSpi
instanceKlass java/security/SecureRandomParameters
instanceKlass java/util/AbstractList$Itr
instanceKlass java/util/UUID$Holder
instanceKlass net/sf/ehcache/Cache$CacheStatus
instanceKlass net/sf/ehcache/concurrent/CacheLockProvider
instanceKlass net/sf/ehcache/statistics/CacheUsageListener
instanceKlass net/sf/ehcache/constructs/nonstop/store/RejoinAwareNonstopStore
instanceKlass net/sf/ehcache/constructs/nonstop/store/NonstopStore
instanceKlass net/sf/ehcache/pool/impl/AbstractPool
instanceKlass net/sf/ehcache/search/Query
instanceKlass net/sf/ehcache/store/AbstractStore
instanceKlass net/sf/ehcache/store/TerracottaStore
instanceKlass net/sf/ehcache/store/Store
instanceKlass net/sf/ehcache/transaction/xa/EhcacheXAResource
instanceKlass javax/transaction/xa/XAResource
instanceKlass net/sf/ehcache/constructs/nonstop/NonstopActiveDelegateHolder
instanceKlass net/sf/ehcache/statistics/sampled/SampledCacheStatistics
instanceKlass net/sf/ehcache/statistics/LiveCacheStatistics
instanceKlass net/sf/ehcache/Cache
instanceKlass net/sf/ehcache/store/StoreListener
instanceKlass net/sf/ehcache/terracotta/InternalEhcache
instanceKlass net/sf/ehcache/config/ConfigurationHelper
instanceKlass net/sf/ehcache/TransactionController$TransactionControllerStatistics
instanceKlass net/sf/ehcache/TransactionController
instanceKlass net/sf/ehcache/transaction/DelegatingTransactionIDFactory
instanceKlass net/sf/ehcache/terracotta/TerracottaClient$RejoinRequestHolder
instanceKlass net/sf/ehcache/terracotta/TerracottaClient$RejoinStatus
instanceKlass net/sf/ehcache/cluster/ClusterNode
instanceKlass net/sf/ehcache/terracotta/TerracottaClient$RejoinWorker
instanceKlass net/sf/ehcache/terracotta/TerracottaCacheCluster
instanceKlass net/sf/ehcache/cluster/ClusterTopologyListener
instanceKlass net/sf/ehcache/terracotta/ClusteredInstanceFactory
instanceKlass net/sf/ehcache/terracotta/TerracottaClient
instanceKlass net/sf/ehcache/transaction/manager/DefaultTransactionManagerLookup$Selector
instanceKlass net/sf/ehcache/util/PropertyUtil
instanceKlass net/sf/ehcache/CacheManager$CacheRejoinAction
instanceKlass net/sf/ehcache/constructs/nonstop/NonstopExecutorService
instanceKlass net/sf/ehcache/constructs/nonstop/CacheManagerExecutorServiceFactory
instanceKlass net/sf/ehcache/Status
instanceKlass net/sf/ehcache/event/CacheManagerEventListenerRegistry
instanceKlass net/sf/ehcache/config/PinningConfiguration
instanceKlass net/sf/ehcache/config/Searchable
instanceKlass net/sf/ehcache/config/TerracottaConfiguration
instanceKlass net/sf/ehcache/config/ElementValueComparatorConfiguration
instanceKlass net/sf/ehcache/store/compound/ReadWriteCopyStrategy
instanceKlass net/sf/ehcache/config/CopyStrategyConfiguration
instanceKlass net/sf/ehcache/writer/CacheWriterManager
instanceKlass net/sf/ehcache/config/CacheWriterConfiguration
instanceKlass net/sf/ehcache/store/MemoryStoreEvictionPolicy
instanceKlass net/sf/ehcache/config/CacheConfigurationListener
instanceKlass net/sf/ehcache/config/DiskStoreConfiguration
instanceKlass net/sf/ehcache/config/TerracottaClientConfiguration
instanceKlass net/sf/ehcache/config/Configuration$RuntimeCfg
instanceKlass net/sf/ehcache/config/CacheConfiguration
instanceKlass net/sf/ehcache/config/BeanHandler$ElementInfo
instanceKlass org/apache/xerces/parsers/AbstractSAXParser$LocatorProxy
instanceKlass org/xml/sax/ext/Locator2
instanceKlass org/apache/xerces/util/ErrorHandlerWrapper
instanceKlass org/apache/xerces/impl/ExternalSubsetResolver
instanceKlass org/apache/xerces/util/EntityResolverWrapper
instanceKlass org/xml/sax/ext/EntityResolver2
instanceKlass org/apache/xerces/parsers/AbstractSAXParser$AttributesProxy
instanceKlass org/xml/sax/ext/Attributes2
instanceKlass org/xml/sax/Attributes
instanceKlass org/xml/sax/AttributeList
instanceKlass org/xml/sax/DocumentHandler
instanceKlass org/xml/sax/Parser
instanceKlass org/xml/sax/XMLReader
instanceKlass org/apache/xerces/xs/PSVIProvider
instanceKlass javax/xml/parsers/SAXParser
instanceKlass javax/xml/parsers/SAXParserFactory
instanceKlass java/awt/LightweightDispatcher$2
instanceKlass net/sf/ehcache/transaction/manager/DefaultTransactionManagerLookup
instanceKlass net/sf/ehcache/transaction/manager/TransactionManagerLookup
instanceKlass net/sf/ehcache/config/FactoryConfiguration
instanceKlass net/sf/ehcache/config/SizeOfPolicyConfiguration
instanceKlass net/sf/ehcache/config/Configuration
instanceKlass net/sf/ehcache/util/ClassLoaderUtil
instanceKlass net/sf/ehcache/config/ConfigurationFactory
instanceKlass net/sf/ehcache/management/provider/MBeanRegistrationProvider
instanceKlass net/sf/ehcache/management/provider/MBeanRegistrationProviderFactoryImpl
instanceKlass org/apache/logging/slf4j/Log4jMarker
instanceKlass org/slf4j/Marker
instanceKlass org/apache/logging/slf4j/Log4jMarkerFactory
instanceKlass org/slf4j/impl/StaticMarkerBinder
instanceKlass org/slf4j/spi/MarkerFactoryBinder
instanceKlass org/slf4j/IMarkerFactory
instanceKlass org/slf4j/MarkerFactory
instanceKlass org/apache/logging/slf4j/Log4jLogger
instanceKlass org/slf4j/spi/LocationAwareLogger
instanceKlass org/slf4j/impl/StaticLoggerBinder
instanceKlass org/slf4j/spi/LoggerFactoryBinder
instanceKlass org/slf4j/helpers/NOPLoggerFactory
instanceKlass org/slf4j/Logger
instanceKlass org/slf4j/helpers/SubstituteLoggerFactory
instanceKlass org/slf4j/ILoggerFactory
instanceKlass org/slf4j/LoggerFactory
instanceKlass net/sf/ehcache/event/NonstopCacheEventListener
instanceKlass net/sf/ehcache/event/CacheEventListener
instanceKlass net/sf/ehcache/constructs/nonstop/NonstopExecutorServiceFactory
instanceKlass net/sf/ehcache/management/provider/MBeanRegistrationProviderFactory
instanceKlass net/sf/ehcache/Ehcache
instanceKlass net/sf/ehcache/terracotta/TerracottaClientRejoinListener
instanceKlass net/sf/ehcache/pool/Pool
instanceKlass net/sf/ehcache/pool/PoolEvictor
instanceKlass net/sf/ehcache/cluster/CacheCluster
instanceKlass net/sf/ehcache/pool/SizeOfEngine
instanceKlass net/sf/ehcache/config/generator/ConfigurationSource
instanceKlass net/sf/ehcache/transaction/SoftLockFactory
instanceKlass java/util/TimerTask
instanceKlass net/sf/ehcache/event/CacheManagerEventListener
instanceKlass net/sf/ehcache/transaction/TransactionIDFactory
instanceKlass net/sf/ehcache/CacheManager
instanceKlass org/pentaho/reporting/libraries/base/boot/SingletonHint
instanceKlass org/pentaho/reporting/libraries/resourceloader/modules/cache/ehcache/EHCacheProvider
instanceKlass org/pentaho/reporting/libraries/resourceloader/cache/ResourceBundleDataCacheProvider
instanceKlass org/pentaho/reporting/libraries/resourceloader/cache/ResourceFactoryCacheProvider
instanceKlass org/pentaho/reporting/libraries/resourceloader/cache/ResourceDataCacheProvider
instanceKlass org/pentaho/reporting/libraries/base/boot/DefaultObjectFactory
instanceKlass org/pentaho/reporting/libraries/base/boot/ObjectFactory
instanceKlass org/pentaho/reporting/libraries/base/boot/DefaultObjectFactoryBuilder
instanceKlass org/pentaho/reporting/libraries/base/boot/ObjectFactoryBuilder
instanceKlass org/pentaho/reporting/libraries/xmlns/parser/DomTreeResourceFactory
instanceKlass org/pentaho/reporting/libraries/resourceloader/modules/factory/wmf/WrapperWMFDrawableFactoryModule
instanceKlass org/pentaho/reporting/libraries/resourceloader/modules/factory/svg/WrapperSVGDrawableFactoryModule
instanceKlass org/pentaho/reporting/libraries/resourceloader/factory/drawable/DrawableWrapper
instanceKlass org/pentaho/reporting/libraries/docbundle/metadata/BundleMetaData
instanceKlass org/pentaho/reporting/libraries/docbundle/metadata/BundleManifest
instanceKlass org/pentaho/reporting/libraries/docbundle/bundlefactory/BundleResourceFactory
instanceKlass org/pentaho/reporting/engine/classic/wizard/model/WizardSpecification
instanceKlass org/pentaho/reporting/engine/classic/core/wizard/DataSchemaDefinition
instanceKlass org/pentaho/reporting/engine/classic/core/style/css/ElementStyleDefinition
instanceKlass org/pentaho/reporting/engine/classic/core/modules/parser/bundle/settings/BundleSettings
instanceKlass org/pentaho/reporting/engine/classic/core/modules/parser/bundle/data/SubReportDataDefinition
instanceKlass org/pentaho/reporting/engine/classic/core/modules/parser/bundle/data/DataDefinition
instanceKlass org/pentaho/reporting/engine/classic/core/modules/misc/connections/parser/DatabaseConnectionCollection
instanceKlass org/pentaho/reporting/engine/classic/core/metadata/parser/ReportProcessTaskMetaDataCollection
instanceKlass org/pentaho/reporting/engine/classic/core/metadata/parser/ReportPreProcessorMetaDataCollection
instanceKlass org/pentaho/reporting/engine/classic/core/metadata/parser/GlobalMetaDefinition
instanceKlass org/pentaho/reporting/engine/classic/core/metadata/parser/ExpressionMetaDataCollection
instanceKlass org/pentaho/reporting/engine/classic/core/metadata/parser/ElementTypeCollection
instanceKlass org/pentaho/reporting/engine/classic/core/metadata/parser/DataFactoryMetaDataCollection
instanceKlass org/pentaho/reporting/engine/classic/extensions/parsers/reportdesigner/ReportDesignerSubReportXmlFactoryModule
instanceKlass org/pentaho/reporting/libraries/xmlns/parser/XmlReadHandler
instanceKlass org/pentaho/reporting/engine/classic/extensions/parsers/reportdesigner/ReportDesignerXmlFactoryModule
instanceKlass org/pentaho/reporting/engine/classic/core/DataFactory
instanceKlass org/pentaho/reporting/engine/classic/core/Element
instanceKlass org/pentaho/reporting/engine/classic/core/filter/DataTarget
instanceKlass org/pentaho/reporting/engine/classic/core/ReportDefinition
instanceKlass org/pentaho/reporting/engine/classic/core/ReportElement
instanceKlass org/pentaho/reporting/designer/core/editor/drilldown/model/ParameterDocument
instanceKlass org/pentaho/reporting/libraries/resourceloader/ParameterKey
instanceKlass org/pentaho/reporting/engine/classic/extensions/datasources/pmd/loader/MetadataModelResourceFactory
instanceKlass org/pentaho/reporting/libraries/resourceloader/factory/property/PropertiesResourceFactory
instanceKlass org/pentaho/reporting/libraries/resourceloader/modules/factory/wmf/WrapperWMFImageFactoryModule
instanceKlass org/apache/batik/bridge/UserAgent
instanceKlass org/pentaho/reporting/libraries/resourceloader/modules/factory/svg/WrapperSVGImageFactoryModule
instanceKlass org/pentaho/reporting/libraries/resourceloader/factory/AbstractFactoryModule
instanceKlass org/pentaho/reporting/libraries/resourceloader/factory/FactoryModule
instanceKlass org/pentaho/reporting/libraries/resourceloader/factory/AbstractResourceFactory
instanceKlass org/pentaho/reporting/libraries/docbundle/bundleloader/ZipResourceBundleLoader
instanceKlass org/pentaho/reporting/libraries/docbundle/bundleloader/MemoryResourceBundleLoader
instanceKlass org/pentaho/reporting/libraries/resourceloader/ResourceBundleData
instanceKlass org/pentaho/reporting/libraries/repository/Repository
instanceKlass org/pentaho/reporting/libraries/docbundle/bundleloader/DirectoryResourceBundleLoader
instanceKlass org/pentaho/reporting/libraries/resourceloader/ResourceBundleLoader
instanceKlass org/pentaho/reporting/libraries/resourceloader/loader/zip/ZipResourceLoader
instanceKlass org/pentaho/reporting/libraries/resourceloader/loader/URLResourceLoader
instanceKlass org/pentaho/reporting/libraries/resourceloader/loader/resource/ClassloaderResourceLoader
instanceKlass org/pentaho/reporting/libraries/resourceloader/loader/raw/RawResourceLoader
instanceKlass java/awt/Toolkit$SelectiveAWTEventListener
instanceKlass java/awt/LightweightDispatcher$1
instanceKlass java/awt/Container$MouseEventTargetFilter
instanceKlass java/awt/Container$EventTargetFilter
instanceKlass java/awt/Cursor$CursorDisposer
instanceKlass java/awt/event/MouseEvent$1
instanceKlass sun/awt/AWTAccessor$MouseEventAccessor
instanceKlass org/pentaho/reporting/libraries/resourceloader/loader/fileobject/FileObjectResourceLoader
instanceKlass org/pentaho/reporting/libraries/resourceloader/loader/file/FileResourceLoader
instanceKlass org/pentaho/reporting/libraries/docbundle/bundleloader/DirectoryResourceLoader
instanceKlass org/pentaho/reporting/libraries/resourceloader/ResourceLoader
instanceKlass org/pentaho/reporting/libraries/resourceloader/cache/NullResourceFactoryCache
instanceKlass org/pentaho/reporting/libraries/resourceloader/cache/NullResourceDataCache
instanceKlass org/pentaho/reporting/libraries/resourceloader/cache/NullResourceBundleDataCache
instanceKlass org/pentaho/reporting/libraries/resourceloader/DefaultResourceManagerBackend
instanceKlass org/pentaho/reporting/libraries/resourceloader/ResourceManagerBackend
instanceKlass org/pentaho/reporting/libraries/resourceloader/cache/ResourceFactoryCache
instanceKlass org/pentaho/reporting/libraries/resourceloader/cache/ResourceDataCache
instanceKlass org/pentaho/reporting/libraries/resourceloader/cache/ResourceBundleDataCache
instanceKlass org/pentaho/reporting/libraries/resourceloader/ResourceManager
instanceKlass org/pentaho/reporting/engine/classic/core/metadata/AttributeRegistry
instanceKlass org/pentaho/reporting/engine/classic/core/metadata/ElementTypeRegistry
instanceKlass org/pentaho/reporting/engine/classic/extensions/modules/sparklines/SparklineStyleKeys
instanceKlass org/pentaho/reporting/engine/classic/core/style/BandStyleKeys
instanceKlass org/pentaho/reporting/engine/classic/core/style/TextRotation
instanceKlass org/pentaho/reporting/engine/classic/core/style/TextDirection
instanceKlass org/pentaho/reporting/engine/classic/core/style/VerticalTextAlign
instanceKlass org/pentaho/reporting/engine/classic/core/style/FontSmooth
instanceKlass org/pentaho/reporting/engine/classic/core/style/TextWrap
instanceKlass org/pentaho/reporting/engine/classic/core/style/WhitespaceCollapse
instanceKlass org/pentaho/reporting/engine/classic/core/style/TextStyleKeys
instanceKlass org/pentaho/reporting/engine/classic/core/ElementAlignment
instanceKlass org/pentaho/reporting/engine/classic/core/style/BoxSizing
instanceKlass org/pentaho/reporting/engine/classic/core/style/BorderStyle
instanceKlass org/pentaho/reporting/engine/classic/core/style/StyleKey
instanceKlass org/pentaho/reporting/engine/classic/core/style/ElementStyleKeys
instanceKlass org/pentaho/reporting/libraries/xmlns/parser/AbstractXmlFactoryModule
instanceKlass org/pentaho/reporting/engine/classic/core/metadata/parser/GlobalMetaDefinitionXmlFactoryModule
instanceKlass org/pentaho/reporting/engine/classic/core/metadata/parser/ExpressionMetaDataXmlFactoryModule
instanceKlass org/pentaho/reporting/engine/classic/core/metadata/parser/ElementMetaDataXmlFactoryModule
instanceKlass org/pentaho/reporting/engine/classic/core/metadata/parser/DataFactoryMetaDataXmlFactoryModule
instanceKlass org/pentaho/reporting/engine/classic/core/wizard/parser/DataSchemaXmlFactoryModule
instanceKlass org/pentaho/reporting/engine/classic/core/metadata/ElementType
instanceKlass org/pentaho/reporting/engine/classic/core/filter/DataSource
instanceKlass org/pentaho/reporting/engine/classic/core/modules/parser/base/PasswordEncryptionServiceProvider
instanceKlass org/pentaho/reporting/libraries/fonts/encoding/Encoding
instanceKlass org/pentaho/reporting/libraries/fonts/encoding/EncodingCore
instanceKlass org/pentaho/reporting/libraries/fonts/encoding/EncodingRegistry
instanceKlass org/pentaho/reporting/libraries/docbundle/metadata/parser/BundleManifestXmlFactoryModule
instanceKlass org/pentaho/reporting/libraries/xmlns/parser/XmlFactoryModuleRegistry
instanceKlass org/pentaho/reporting/libraries/resourceloader/Resource
instanceKlass org/pentaho/reporting/libraries/resourceloader/ResourceData
instanceKlass org/xml/sax/helpers/DefaultHandler
instanceKlass org/xml/sax/DTDHandler
instanceKlass org/xml/sax/ContentHandler
instanceKlass org/pentaho/reporting/libraries/xmlns/parser/AbstractXmlResourceFactory
instanceKlass org/pentaho/reporting/libraries/resourceloader/ResourceFactory
instanceKlass org/pentaho/reporting/libraries/docbundle/metadata/parser/BundleMetaDataXmlFactoryModule
instanceKlass org/pentaho/reporting/libraries/xmlns/parser/XmlFactoryModule
instanceKlass org/pentaho/reporting/libraries/fonts/cache/FontCache
instanceKlass org/pentaho/reporting/libraries/base/boot/PackageManager$BootTimeEntry
instanceKlass org/pentaho/reporting/libraries/base/util/StopWatch
instanceKlass org/pentaho/reporting/libraries/base/boot/PackageSorter$SortModule
instanceKlass org/pentaho/reporting/libraries/base/boot/PackageSorter
instanceKlass org/pentaho/reporting/libraries/base/boot/PackageState
instanceKlass org/pentaho/reporting/libraries/base/boot/Module
instanceKlass org/pentaho/reporting/libraries/base/boot/DefaultModuleInfo
instanceKlass org/pentaho/reporting/libraries/base/util/SystemInformation
instanceKlass sun/java2d/loops/FontInfo
instanceKlass java/awt/PrintGraphics
instanceKlass java/awt/print/PrinterGraphics
instanceKlass java/awt/geom/RectIterator
instanceKlass java/awt/geom/PathIterator
instanceKlass sun/awt/image/BufImgSurfaceData$ICMColorData
instanceKlass sun/java2d/opengl/OGLGraphicsConfig
instanceKlass sun/awt/SunGraphicsCallback
instanceKlass org/pentaho/reporting/designer/core/ReportDesigner$UpdateStatusTask
instanceKlass sun/java2d/pipe/hw/AccelSurface
instanceKlass javax/swing/RepaintManager$4
instanceKlass javax/swing/RepaintManager$2$1
instanceKlass javax/swing/RepaintManager$3
instanceKlass java/lang/StrictMath
instanceKlass javax/swing/SizeRequirements
instanceKlass java/awt/EventQueue$5
instanceKlass sun/awt/GlobalCursorManager$NativeUpdater
instanceKlass sun/awt/GlobalCursorManager
instanceKlass java/util/LinkedList$ListItr
instanceKlass java/awt/SplashScreen
instanceKlass java/awt/GridBagLayoutInfo
instanceKlass sun/awt/NullComponentPeer
instanceKlass sun/awt/LightweightPeerHolder
instanceKlass javax/swing/RepaintManager$2
instanceKlass sun/awt/ModalExclude
instanceKlass java/awt/peer/LightweightPeer
instanceKlass sun/awt/im/ExecutableInputMethodManager$3
instanceKlass sun/awt/im/InputMethodLocator
instanceKlass sun/awt/windows/WInputMethodDescriptor
instanceKlass java/awt/im/spi/InputMethodDescriptor
instanceKlass sun/awt/im/InputMethodManager
instanceKlass sun/awt/FontConfiguration$2
instanceKlass sun/awt/NativeLibLoader$1
instanceKlass sun/awt/NativeLibLoader
instanceKlass sun/awt/PlatformFont
instanceKlass java/awt/peer/FontPeer
instanceKlass sun/java2d/StateTracker$2
instanceKlass sun/java2d/StateTracker$1
instanceKlass sun/java2d/StateTracker
instanceKlass sun/java2d/SurfaceDataProxy
instanceKlass sun/awt/image/SurfaceManager$FlushableCacheData
instanceKlass sun/java2d/DefaultDisposerRecord
instanceKlass sun/java2d/loops/GraphicsPrimitiveMgr$PrimitiveSpec
instanceKlass sun/java2d/loops/RenderLoops
instanceKlass sun/java2d/windows/GDIRenderer
instanceKlass sun/java2d/loops/GraphicsPrimitiveMgr$2
instanceKlass sun/java2d/loops/GraphicsPrimitiveMgr$1
instanceKlass sun/java2d/loops/GeneralRenderer
instanceKlass sun/java2d/loops/CustomComponent
instanceKlass sun/java2d/pipe/ValidatePipe
instanceKlass java/awt/BasicStroke
instanceKlass java/awt/Stroke
instanceKlass java/awt/AlphaComposite
instanceKlass sun/awt/ConstrainableGraphics
instanceKlass sun/java2d/loops/CompositeType
instanceKlass sun/java2d/loops/GraphicsPrimitiveMgr
instanceKlass sun/java2d/loops/GraphicsPrimitive
instanceKlass sun/java2d/loops/XORComposite
instanceKlass java/awt/Composite
instanceKlass sun/java2d/pipe/hw/AccelGraphicsConfig
instanceKlass sun/java2d/pipe/hw/BufferedContextProvider
instanceKlass sun/java2d/ScreenUpdateManager
instanceKlass sun/awt/windows/WComponentPeer$2
instanceKlass java/awt/SequencedEvent$2
instanceKlass java/awt/SequencedEvent$1
instanceKlass sun/awt/AWTAccessor$SequencedEventAccessor
instanceKlass sun/awt/im/InputMethodWindow
instanceKlass sun/awt/ExtendedKeyCodes
instanceKlass sun/awt/RepaintArea
instanceKlass sun/awt/windows/WWindowPeer$GuiDisposedListener
instanceKlass sun/awt/windows/WWindowPeer$ActiveWindowListener
instanceKlass java/awt/peer/CanvasPeer
instanceKlass java/awt/peer/PanelPeer
instanceKlass java/awt/peer/FramePeer
instanceKlass java/awt/peer/WindowPeer
instanceKlass java/awt/peer/ContainerPeer
instanceKlass org/pentaho/reporting/engine/classic/core/modules/gui/commonswing/SwingUtil
instanceKlass javax/swing/event/UndoableEditListener
instanceKlass sun/swing/text/UndoableEditLockSupport
instanceKlass javax/swing/text/DefaultCaret$1
instanceKlass javax/swing/TimerQueue
instanceKlass javax/swing/text/AbstractDocument$UndoRedoDocumentEvent
instanceKlass javax/swing/event/DocumentEvent$ElementChange
instanceKlass javax/swing/text/SegmentCache
instanceKlass javax/swing/text/Utilities
instanceKlass javax/swing/text/Segment
instanceKlass java/text/CharacterIterator
instanceKlass javax/swing/event/DocumentEvent$EventType
instanceKlass javax/swing/event/DocumentEvent
instanceKlass javax/swing/undo/AbstractUndoableEdit
instanceKlass javax/swing/undo/UndoableEdit
instanceKlass javax/swing/plaf/synth/SynthUI
instanceKlass javax/swing/plaf/synth/SynthConstants
instanceKlass javax/swing/text/JTextComponent$DefaultKeymap
instanceKlass javax/swing/text/Keymap
instanceKlass javax/swing/text/PlainView$2
instanceKlass java/awt/Graphics
instanceKlass javax/swing/text/PlainView$1
instanceKlass javax/swing/text/PlainView$FPMethodItem
instanceKlass javax/swing/text/TabExpander
instanceKlass javax/swing/text/StyleContext$KeyEnumeration
instanceKlass javax/swing/text/GapContent$StickyPosition
instanceKlass javax/swing/text/Position
instanceKlass javax/swing/text/AbstractDocument$1
instanceKlass javax/swing/text/AbstractDocument$AbstractElement
instanceKlass javax/swing/tree/TreeNode
instanceKlass javax/swing/text/Element
instanceKlass javax/swing/text/StyleContext$SmallAttributeSet
instanceKlass javax/swing/text/StyleContext$NamedStyle
instanceKlass javax/swing/text/Style
instanceKlass javax/swing/text/SimpleAttributeSet$EmptyAttributeSet
instanceKlass javax/swing/text/SimpleAttributeSet
instanceKlass javax/swing/text/MutableAttributeSet
instanceKlass javax/swing/text/AttributeSet
instanceKlass javax/swing/text/StyleContext$FontKey
instanceKlass javax/swing/text/AttributeSet$ParagraphAttribute
instanceKlass javax/swing/text/AttributeSet$ColorAttribute
instanceKlass javax/swing/text/AttributeSet$FontAttribute
instanceKlass javax/swing/text/AttributeSet$CharacterAttribute
instanceKlass javax/swing/text/StyleConstants
instanceKlass javax/swing/text/StyleContext
instanceKlass javax/swing/text/AbstractDocument$AttributeContext
instanceKlass javax/swing/text/GapVector
instanceKlass javax/swing/text/AbstractDocument$Content
instanceKlass javax/swing/text/AbstractDocument
instanceKlass javax/swing/TransferHandler$TransferSupport
instanceKlass javax/swing/TransferHandler$DropHandler
instanceKlass java/awt/datatransfer/SystemFlavorMap$SoftCache
instanceKlass java/awt/datatransfer/DataFlavor
instanceKlass java/io/Externalizable
instanceKlass sun/awt/datatransfer/DesktopDatatransferServiceImpl
instanceKlass sun/datatransfer/DataFlavorUtil$DefaultDesktopDatatransferService
instanceKlass sun/datatransfer/DesktopDatatransferService
instanceKlass sun/datatransfer/DataFlavorUtil
instanceKlass java/awt/datatransfer/SystemFlavorMap
instanceKlass java/awt/datatransfer/FlavorTable
instanceKlass java/awt/datatransfer/FlavorMap
instanceKlass java/awt/dnd/DropTargetContext$1
instanceKlass sun/awt/AWTAccessor$DropTargetContextAccessor
instanceKlass java/awt/dnd/DropTargetContext
instanceKlass java/awt/dnd/DropTarget
instanceKlass java/awt/dnd/DropTargetListener
instanceKlass javax/swing/ClientPropertyKey$1
instanceKlass sun/awt/AWTAccessor$ClientPropertyKeyAccessor
instanceKlass javax/swing/text/DefaultHighlighter$SafeDamager
instanceKlass javax/swing/text/LayeredHighlighter$LayerPainter
instanceKlass javax/swing/text/Highlighter$HighlightPainter
instanceKlass javax/swing/text/Highlighter$Highlight
instanceKlass javax/swing/text/LayeredHighlighter
instanceKlass javax/swing/text/Highlighter
instanceKlass javax/swing/Timer$DoPostEvent
instanceKlass javax/swing/Timer
instanceKlass javax/swing/text/Document
instanceKlass javax/swing/text/DefaultCaret$Handler
instanceKlass java/awt/datatransfer/ClipboardOwner
instanceKlass javax/swing/text/Caret
instanceKlass javax/swing/event/MouseInputListener
instanceKlass javax/swing/plaf/basic/DragRecognitionSupport$BeforeDrag
instanceKlass javax/swing/plaf/basic/BasicTextUI$UpdateHandler
instanceKlass javax/swing/event/DocumentListener
instanceKlass javax/swing/text/View
instanceKlass javax/swing/text/Position$Bias
instanceKlass sun/swing/UIAction
instanceKlass javax/swing/TransferHandler
instanceKlass javax/swing/AbstractAction
instanceKlass javax/swing/Action
instanceKlass javax/swing/text/EditorKit
instanceKlass javax/swing/text/ViewFactory
instanceKlass javax/swing/event/ChangeListener
instanceKlass com/sun/beans/util/Cache$CacheEntry
instanceKlass com/sun/beans/util/Cache
instanceKlass javax/swing/text/JTextComponent$1
instanceKlass sun/swing/SwingAccessor$JTextComponentAccessor
instanceKlass java/text/DontCareFieldPosition$1
instanceKlass java/text/Format$FieldDelegate
instanceKlass sun/font/CMap
instanceKlass sun/font/FontScaler
instanceKlass sun/font/TrueTypeFont$DirectoryEntry
instanceKlass java/nio/DirectByteBuffer$Deallocator
instanceKlass sun/nio/ch/Util$BufferCache
instanceKlass sun/nio/ch/Util
instanceKlass sun/nio/ch/IOStatus
instanceKlass sun/nio/ch/NativeThread
instanceKlass java/nio/channels/spi/AbstractInterruptibleChannel$1
instanceKlass sun/nio/ch/Interruptible
instanceKlass sun/font/TrueTypeFont$1
instanceKlass sun/font/TrueTypeFont$TTDisposerRecord
instanceKlass sun/font/StrikeCache$DisposableStrike
instanceKlass sun/font/FontStrikeDisposer
instanceKlass sun/java2d/Disposer$PollDisposable
instanceKlass sun/font/FontStrikeDesc
instanceKlass sun/font/FontDesignMetrics$MetricsKey
instanceKlass sun/awt/Win32FontManager$2
instanceKlass sun/font/SunFontManager$3
instanceKlass sun/font/FontFamily
instanceKlass sun/font/CompositeFontDescriptor
instanceKlass sun/font/SunFontManager$FontRegistrationInfo
instanceKlass sun/awt/FontDescriptor
instanceKlass sun/awt/FontConfiguration
instanceKlass sun/font/SunFontManager$2
instanceKlass sun/awt/Win32FontManager$1
instanceKlass sun/font/FontManagerFactory$1
instanceKlass sun/font/FontManagerFactory
instanceKlass sun/font/GlyphList
instanceKlass sun/font/StrikeCache$1
instanceKlass sun/font/StrikeCache
instanceKlass sun/font/FontStrike
instanceKlass sun/font/CharToGlyphMapper
instanceKlass java/awt/geom/Path2D
instanceKlass sun/font/StrikeMetrics
instanceKlass sun/font/Font2D
instanceKlass sun/font/FontManagerNativeLibrary$1
instanceKlass sun/font/FontManagerNativeLibrary
instanceKlass sun/font/SunFontManager$1
instanceKlass sun/font/SunFontManager$T1Filter
instanceKlass sun/font/SunFontManager$TTFilter
instanceKlass java/io/FilenameFilter
instanceKlass sun/font/Font2DHandle
instanceKlass sun/font/SunFontManager
instanceKlass sun/font/FontManagerForSGE
instanceKlass sun/font/FontManager
instanceKlass sun/java2d/FontSupport
instanceKlass java/awt/FontMetrics
instanceKlass java/util/ResourceBundle$Control$2
instanceKlass java/util/ImmutableCollections$Access$1
instanceKlass jdk/internal/access/JavaUtilCollectionAccess
instanceKlass java/util/ImmutableCollections$Access
instanceKlass java/util/ServiceLoader$ProviderSpliterator
instanceKlass java/util/spi/ResourceBundleControlProvider
instanceKlass java/util/ResourceBundle$ResourceBundleControlProviderHolder
instanceKlass org/pentaho/reporting/libraries/base/util/ResourceBundleSupport
instanceKlass org/pentaho/reporting/designer/core/Messages
instanceKlass javax/crypto/SecretKey
instanceKlass sun/security/util/Length
instanceKlass sun/security/util/KeyUtil
instanceKlass java/security/interfaces/XECKey
instanceKlass java/security/interfaces/ECKey
instanceKlass java/security/Timestamp
instanceKlass sun/security/timestamp/TimestampToken
instanceKlass sun/security/pkcs/PKCS9Attributes
instanceKlass sun/security/provider/ByteArrayAccess$LE
instanceKlass sun/security/rsa/RSAPadding
instanceKlass sun/security/rsa/RSACore
instanceKlass java/security/interfaces/RSAPrivateCrtKey
instanceKlass sun/security/pkcs/PKCS8Key
instanceKlass java/security/interfaces/RSAPrivateKey
instanceKlass sun/security/x509/AccessDescription
instanceKlass sun/security/x509/DNSName
instanceKlass sun/security/x509/URIName
instanceKlass sun/security/x509/DistributionPoint
instanceKlass java/security/cert/PolicyQualifierInfo
instanceKlass sun/security/x509/CertificatePolicyId
instanceKlass sun/security/x509/PolicyInformation
instanceKlass sun/security/rsa/RSAUtil
instanceKlass java/security/interfaces/RSAPublicKey
instanceKlass java/security/interfaces/RSAKey
instanceKlass java/security/spec/PSSParameterSpec
instanceKlass java/security/spec/RSAPrivateKeySpec
instanceKlass java/security/spec/RSAPublicKeySpec
instanceKlass sun/security/rsa/SunRsaSignEntries
instanceKlass java/security/cert/CertPathValidatorException$Reason
instanceKlass java/time/Instant$1
instanceKlass java/time/format/DateTimePrintContext
instanceKlass java/time/Period
instanceKlass java/time/chrono/ChronoPeriod
instanceKlass java/time/format/DateTimeFormatterBuilder$TextPrinterParser
instanceKlass java/time/format/DateTimeTextProvider$1
instanceKlass java/time/format/DateTimeTextProvider
instanceKlass java/time/format/DateTimeTextProvider$LocaleStore
instanceKlass java/time/format/DateTimeFormatterBuilder$InstantPrinterParser
instanceKlass java/time/format/DateTimeFormatterBuilder$StringLiteralPrinterParser
instanceKlass java/time/format/DateTimeFormatterBuilder$ZoneIdPrinterParser
instanceKlass java/time/format/DateTimeFormatterBuilder$OffsetIdPrinterParser
instanceKlass java/time/format/DecimalStyle
instanceKlass java/time/format/DateTimeFormatterBuilder$CompositePrinterParser
instanceKlass java/time/chrono/AbstractChronology
instanceKlass java/time/chrono/Chronology
instanceKlass java/time/format/DateTimeFormatterBuilder$CharLiteralPrinterParser
instanceKlass java/time/format/DateTimeFormatterBuilder$NumberPrinterParser
instanceKlass java/time/format/DateTimeFormatterBuilder$DateTimePrinterParser
instanceKlass java/time/temporal/JulianFields
instanceKlass java/time/temporal/IsoFields
instanceKlass java/time/temporal/TemporalQuery
instanceKlass java/time/format/DateTimeFormatterBuilder
instanceKlass java/time/format/DateTimeFormatter
instanceKlass java/time/Clock
instanceKlass java/time/InstantSource
instanceKlass sun/security/util/JarConstraintsParameters
instanceKlass sun/security/util/ConstraintsParameters
instanceKlass java/security/cert/CertPath
instanceKlass java/math/MutableBigInteger
instanceKlass java/lang/constant/DynamicConstantDesc
instanceKlass java/lang/constant/DirectMethodHandleDesc$1
instanceKlass java/lang/constant/DirectMethodHandleDescImpl$1
instanceKlass java/lang/constant/DirectMethodHandleDescImpl
instanceKlass java/lang/constant/DirectMethodHandleDesc
instanceKlass java/lang/constant/MethodHandleDesc$1
instanceKlass java/lang/constant/MethodHandleDesc
instanceKlass java/lang/constant/MethodTypeDescImpl
instanceKlass java/lang/constant/MethodTypeDesc
instanceKlass java/lang/constant/ReferenceClassDescImpl
instanceKlass java/lang/constant/ConstantUtils
instanceKlass java/lang/constant/ClassDesc
instanceKlass java/lang/constant/ConstantDescs
instanceKlass java/lang/invoke/VarHandle$2
instanceKlass java/lang/invoke/VarHandle$TypesAndInvokers
instanceKlass java/lang/invoke/VarHandleByteArrayBase
instanceKlass sun/security/provider/ByteArrayAccess$BE
instanceKlass sun/security/provider/ByteArrayAccess
instanceKlass java/security/spec/DSAParameterSpec
instanceKlass java/security/interfaces/DSAParams
instanceKlass sun/security/util/MessageDigestSpi2
instanceKlass java/security/MessageDigestSpi
instanceKlass java/security/interfaces/DSAPrivateKey
instanceKlass java/security/PrivateKey
instanceKlass javax/security/auth/Destroyable
instanceKlass sun/security/jca/ServiceId
instanceKlass java/security/Signature$1
instanceKlass jdk/internal/access/JavaSecuritySignatureAccess
instanceKlass java/security/SignatureSpi
instanceKlass jdk/internal/icu/util/CodePointTrie$Data
instanceKlass jdk/internal/icu/util/CodePointTrie$1
instanceKlass jdk/internal/icu/util/CodePointMap
instanceKlass jdk/internal/icu/util/VersionInfo
instanceKlass jdk/internal/icu/impl/ICUBinary$1
instanceKlass jdk/internal/icu/impl/ICUBinary
instanceKlass jdk/internal/icu/impl/NormalizerImpl$IsAcceptable
instanceKlass jdk/internal/icu/impl/ICUBinary$Authenticate
instanceKlass jdk/internal/icu/impl/NormalizerImpl
instanceKlass jdk/internal/icu/impl/Norm2AllModes$Norm2AllModesSingleton
instanceKlass jdk/internal/icu/impl/Norm2AllModes$NFKCSingleton
instanceKlass jdk/internal/icu/impl/Norm2AllModes
instanceKlass jdk/internal/icu/text/Normalizer2
instanceKlass jdk/internal/icu/text/NormalizerBase$ModeImpl
instanceKlass jdk/internal/icu/text/NormalizerBase$NFKDModeImpl
instanceKlass jdk/internal/icu/text/NormalizerBase$1
instanceKlass jdk/internal/icu/text/NormalizerBase$Mode
instanceKlass jdk/internal/icu/text/NormalizerBase
instanceKlass java/text/Normalizer
instanceKlass sun/security/pkcs/PKCS9Attribute
instanceKlass sun/security/x509/AVAKeyword
instanceKlass sun/security/util/SignatureUtil
instanceKlass java/time/zone/ZoneOffsetTransition
instanceKlass java/time/LocalTime
instanceKlass java/time/temporal/ValueRange
instanceKlass java/time/temporal/TemporalUnit
instanceKlass java/time/temporal/TemporalField
instanceKlass java/time/LocalDate
instanceKlass java/time/chrono/ChronoLocalDate
instanceKlass java/time/ZonedDateTime
instanceKlass java/time/chrono/ChronoZonedDateTime
instanceKlass java/time/LocalDateTime
instanceKlass java/time/chrono/ChronoLocalDateTime
instanceKlass java/time/zone/ZoneOffsetTransitionRule
instanceKlass java/time/zone/ZoneRules
instanceKlass java/time/ZoneId
instanceKlass sun/security/util/DisabledAlgorithmConstraints$Constraints$Holder
instanceKlass sun/security/util/DisabledAlgorithmConstraints$1
instanceKlass sun/security/util/DisabledAlgorithmConstraints$Constraint
instanceKlass java/security/spec/ECFieldF2m
instanceKlass java/security/spec/ECParameterSpec
instanceKlass java/security/spec/AlgorithmParameterSpec
instanceKlass java/security/spec/ECPoint
instanceKlass java/security/spec/EllipticCurve
instanceKlass java/security/spec/ECFieldFp
instanceKlass java/security/spec/ECField
instanceKlass sun/security/util/CurveDB
instanceKlass sun/security/util/DisabledAlgorithmConstraints$Constraints
instanceKlass sun/security/util/AbstractAlgorithmConstraints$1
instanceKlass sun/security/util/AlgorithmDecomposer
instanceKlass sun/security/util/DisabledAlgorithmConstraints$JarHolder
instanceKlass sun/security/util/AbstractAlgorithmConstraints
instanceKlass java/security/AlgorithmConstraints
instanceKlass sun/security/pkcs/SignerInfo
instanceKlass jdk/internal/misc/ThreadTracker
instanceKlass jdk/internal/event/EventHelper$ThreadTrackHolder
instanceKlass jdk/internal/event/EventHelper
instanceKlass sun/security/jca/JCAUtil
instanceKlass sun/security/util/MemoryCache$CacheEntry
instanceKlass sun/security/x509/X509AttributeName
instanceKlass sun/security/x509/RFC822Name
instanceKlass sun/security/x509/GeneralName
instanceKlass sun/security/x509/GeneralNames
instanceKlass sun/security/x509/KeyIdentifier
instanceKlass sun/security/x509/NetscapeCertTypeExtension$MapEntry
instanceKlass sun/security/x509/OIDMap$OIDInfo
instanceKlass sun/security/x509/PKIXExtensions
instanceKlass sun/security/x509/OIDMap
instanceKlass sun/security/x509/Extension
instanceKlass java/security/cert/Extension
instanceKlass sun/security/x509/CertificateExtensions
instanceKlass sun/security/util/IOUtils
instanceKlass java/security/interfaces/DSAPublicKey
instanceKlass java/security/interfaces/DSAKey
instanceKlass java/security/spec/DSAPublicKeySpec
instanceKlass java/security/KeyFactorySpi
instanceKlass sun/security/jca/ProviderList$ServiceList$1
instanceKlass java/security/KeyFactory
instanceKlass java/security/spec/EncodedKeySpec$1
instanceKlass jdk/internal/access/JavaSecuritySpecAccess
instanceKlass java/security/spec/EncodedKeySpec
instanceKlass java/security/spec/KeySpec
instanceKlass sun/security/util/BitArray
instanceKlass java/security/AlgorithmParametersSpi
instanceKlass java/security/AlgorithmParameters
instanceKlass sun/security/x509/X509Key
instanceKlass java/security/PublicKey
instanceKlass java/security/Key
instanceKlass sun/security/x509/CertificateX509Key
instanceKlass sun/security/x509/CertificateValidity
instanceKlass sun/security/x509/AVA
instanceKlass sun/security/x509/RDN
instanceKlass javax/security/auth/x500/X500Principal
instanceKlass sun/security/x509/X500Name$1
instanceKlass sun/security/x509/X500Name
instanceKlass sun/security/x509/GeneralNameInterface
instanceKlass sun/security/x509/CertificateAlgorithmId
instanceKlass sun/security/x509/SerialNumber
instanceKlass sun/security/x509/CertificateSerialNumber
instanceKlass sun/security/x509/CertificateVersion
instanceKlass sun/security/x509/X509CertInfo
instanceKlass sun/security/x509/CertAttrSet
instanceKlass sun/security/util/Cache$EqualByteArray
instanceKlass java/security/cert/X509Extension
instanceKlass sun/security/jca/GetInstance$Instance
instanceKlass sun/security/util/Cache
instanceKlass jdk/internal/event/Event
instanceKlass sun/security/jca/GetInstance
instanceKlass java/security/cert/CertificateFactorySpi
instanceKlass java/security/cert/CertificateFactory
instanceKlass sun/security/x509/AlgorithmId
instanceKlass sun/security/util/ByteArrayTagOrder
instanceKlass sun/security/util/ByteArrayLexOrder
instanceKlass sun/security/util/DerEncoder
instanceKlass sun/security/util/DerValue
instanceKlass sun/security/util/ObjectIdentifier
instanceKlass sun/security/pkcs/ContentInfo
instanceKlass sun/security/util/DerInputStream
instanceKlass sun/security/pkcs/PKCS7
instanceKlass sun/security/util/SecurityProviderConstants
instanceKlass java/security/Provider$UString
instanceKlass java/security/Provider$Service
instanceKlass sun/security/provider/NativePRNG$NonBlocking
instanceKlass sun/security/provider/NativePRNG$Blocking
instanceKlass sun/security/provider/NativePRNG
instanceKlass sun/security/provider/SunEntries$1
instanceKlass sun/security/provider/SunEntries
instanceKlass sun/security/jca/ProviderList$2
instanceKlass jdk/internal/math/FloatingDecimal$ASCIIToBinaryBuffer
instanceKlass jdk/internal/math/FloatingDecimal$PreparedASCIIToBinaryBuffer
instanceKlass jdk/internal/math/FloatingDecimal$ASCIIToBinaryConverter
instanceKlass jdk/internal/math/FloatingDecimal$BinaryToASCIIBuffer
instanceKlass jdk/internal/math/FloatingDecimal$ExceptionalBinaryToASCIIBuffer
instanceKlass jdk/internal/math/FloatingDecimal$BinaryToASCIIConverter
instanceKlass jdk/internal/math/FloatingDecimal
instanceKlass java/security/Provider$EngineDescription
instanceKlass java/security/Provider$ServiceKey
instanceKlass sun/security/jca/ProviderConfig
instanceKlass sun/security/jca/ProviderList
instanceKlass sun/security/jca/Providers
instanceKlass sun/security/util/ManifestDigester$Section
instanceKlass sun/security/util/ManifestDigester$Entry
instanceKlass sun/security/util/ManifestDigester$Position
instanceKlass sun/security/util/ManifestDigester
instanceKlass sun/security/util/ManifestEntryVerifier
instanceKlass org/pentaho/reporting/libraries/base/versioning/VersionHelper$ManifestCache
instanceKlass org/pentaho/reporting/libraries/base/versioning/VersionHelper
instanceKlass sun/awt/image/PNGImageDecoder$Chromaticities
instanceKlass sun/awt/image/GifFrame
instanceKlass java/awt/image/BufferedImage$1
instanceKlass java/awt/image/SampleModel
instanceKlass java/awt/image/DataBuffer$1
instanceKlass sun/awt/image/SunWritableRaster$DataStealer
instanceKlass java/awt/image/DataBuffer
instanceKlass java/awt/image/Raster
instanceKlass sun/awt/image/ImageDecoder
instanceKlass sun/awt/image/ImageFetcher$1
instanceKlass sun/awt/image/FetcherInfo
instanceKlass sun/awt/image/ImageConsumerQueue
instanceKlass sun/awt/image/ImageWatched$Link
instanceKlass sun/awt/image/ImageWatched
instanceKlass java/awt/image/ImageConsumer
instanceKlass java/awt/MediaEntry
instanceKlass sun/awt/image/NativeLibLoader$1
instanceKlass sun/awt/image/NativeLibLoader
instanceKlass sun/awt/image/InputStreamImageSource
instanceKlass sun/awt/image/ImageFetchable
instanceKlass java/awt/image/ImageProducer
instanceKlass java/awt/MediaTracker
instanceKlass javax/swing/ImageIcon$2
instanceKlass javax/swing/ImageIcon$1
instanceKlass javax/swing/ImageIcon
instanceKlass java/awt/image/WritableRenderedImage
instanceKlass java/awt/image/RenderedImage
instanceKlass org/pentaho/reporting/designer/core/util/IconLoader
instanceKlass java/awt/GridBagConstraints
instanceKlass java/awt/GridBagLayout
instanceKlass javax/swing/plaf/basic/BasicHTML
instanceKlass java/awt/event/MouseAdapter
instanceKlass javax/swing/ActionMap
instanceKlass java/awt/event/KeyEvent$1
instanceKlass sun/awt/AWTAccessor$KeyEventAccessor
instanceKlass java/awt/VKCollection
instanceKlass javax/swing/InputMap
instanceKlass javax/swing/LayoutComparator
instanceKlass javax/swing/RepaintManager$PaintManager
instanceKlass javax/swing/JRootPane$RootLayout
instanceKlass javax/swing/ArrayTable
instanceKlass com/sun/java/swing/SwingUtilities3
instanceKlass javax/swing/RepaintManager$ProcessingRunnable
instanceKlass java/awt/FlowLayout
instanceKlass java/awt/AWTEventMulticaster
instanceKlass java/awt/event/MouseWheelListener
instanceKlass java/awt/event/HierarchyBoundsListener
instanceKlass java/awt/event/HierarchyListener
instanceKlass java/awt/event/InputMethodListener
instanceKlass java/awt/event/TextListener
instanceKlass java/awt/event/AdjustmentListener
instanceKlass java/awt/event/ItemListener
instanceKlass java/awt/event/ActionListener
instanceKlass java/awt/event/WindowStateListener
instanceKlass java/awt/event/WindowFocusListener
instanceKlass java/awt/event/MouseMotionListener
instanceKlass java/awt/event/KeyListener
instanceKlass java/awt/event/FocusListener
instanceKlass java/awt/event/ContainerListener
instanceKlass java/awt/event/ComponentListener
instanceKlass java/awt/Component$3
instanceKlass java/awt/Window$WindowDisposerRecord
instanceKlass java/awt/geom/RectangularShape
instanceKlass java/awt/Shape
instanceKlass java/awt/BorderLayout
instanceKlass java/awt/LayoutManager2
instanceKlass java/awt/GraphicsConfiguration
instanceKlass sun/awt/image/SurfaceManager$ProxiedGraphicsConfig
instanceKlass sun/java2d/pipe/hw/ContextCapabilities
instanceKlass sun/java2d/d3d/D3DGraphicsDevice$1
instanceKlass sun/java2d/d3d/D3DGraphicsDevice$1Result
instanceKlass sun/java2d/d3d/D3DRenderQueue$1
instanceKlass sun/java2d/pipe/RenderBuffer
instanceKlass sun/java2d/pipe/RenderQueue
instanceKlass java/awt/GraphicsDevice
instanceKlass java/awt/Cursor$1
instanceKlass sun/awt/AWTAccessor$CursorAccessor
instanceKlass java/awt/Cursor
instanceKlass java/awt/ComponentOrientation
instanceKlass java/awt/Frame$1
instanceKlass sun/awt/AWTAccessor$FrameAccessor
instanceKlass java/awt/event/WindowListener
instanceKlass java/awt/Window$1
instanceKlass sun/awt/AWTAccessor$WindowAccessor
instanceKlass javax/swing/Scrollable
instanceKlass java/awt/event/MouseListener
instanceKlass javax/swing/RootPaneContainer
instanceKlass org/pentaho/reporting/designer/core/ReportDesigner$InitializeSplashScreenTask
instanceKlass org/pentaho/reporting/designer/core/ReportDesigner$InstallAWTHandlerRunnable
instanceKlass java/util/concurrent/ForkJoinPool$WorkQueue
instanceKlass java/util/concurrent/ForkJoinPool$DefaultCommonPoolForkJoinWorkerThreadFactory
instanceKlass java/util/concurrent/ForkJoinPool$1
instanceKlass java/util/concurrent/ForkJoinPool$DefaultForkJoinWorkerThreadFactory
instanceKlass java/util/concurrent/ForkJoinPool$ForkJoinWorkerThreadFactory
instanceKlass java/util/concurrent/locks/AbstractQueuedSynchronizer$Node
instanceKlass java/util/concurrent/ForkJoinPool$ManagedBlocker
instanceKlass com/sun/java/swing/plaf/windows/WindowsLookAndFeel$SkinIcon
instanceKlass javax/swing/BorderFactory
instanceKlass com/sun/java/swing/plaf/windows/WindowsLookAndFeel$1
instanceKlass com/sun/java/swing/plaf/windows/WindowsIconFactory$RadioButtonMenuItemIcon
instanceKlass javax/swing/plaf/basic/BasicIconFactory$CheckBoxMenuItemIcon
instanceKlass javax/swing/plaf/basic/BasicIconFactory$MenuItemCheckIcon
instanceKlass javax/swing/plaf/basic/BasicIconFactory
instanceKlass java/awt/ItemSelectable
instanceKlass javax/swing/MenuElement
instanceKlass javax/accessibility/Accessible
instanceKlass com/sun/java/swing/plaf/windows/WindowsIconFactory$VistaMenuItemCheckIconFactory$VistaMenuItemCheckIcon
instanceKlass com/sun/java/swing/plaf/windows/WindowsIconFactory$MenuItemCheckIcon
instanceKlass com/sun/java/swing/plaf/windows/WindowsIconFactory$VistaMenuItemCheckIconFactory
instanceKlass sun/swing/MenuItemCheckIconFactory
instanceKlass sun/util/ResourceBundleEnumeration
instanceKlass javax/swing/UIDefaults$1
instanceKlass com/sun/java/swing/plaf/windows/WindowsLookAndFeel$2
instanceKlass com/sun/java/swing/plaf/windows/WindowsLookAndFeel$ActiveWindowsIcon
instanceKlass com/sun/java/swing/plaf/windows/WindowsIconFactory$FrameButtonIcon
instanceKlass com/sun/java/swing/plaf/windows/WindowsIconFactory
instanceKlass com/sun/java/swing/plaf/windows/WindowsLookAndFeel$LazyWindowsIcon
instanceKlass java/util/EventListenerProxy
instanceKlass javax/swing/JComponent$2
instanceKlass javax/swing/JComponent$1
instanceKlass sun/swing/SwingAccessor$JComponentAccessor
instanceKlass java/awt/Container$1
instanceKlass sun/awt/AWTAccessor$ContainerAccessor
instanceKlass java/awt/LightweightDispatcher
instanceKlass java/awt/event/AWTEventListener
instanceKlass java/awt/LayoutManager
instanceKlass javax/swing/TransferHandler$HasGetTransferHandler
instanceKlass javax/swing/UIManager$2
instanceKlass sun/awt/PaintEventDispatcher
instanceKlass sun/awt/SunDisplayChanger
instanceKlass sun/java2d/SurfaceManagerFactory
instanceKlass sun/java2d/windows/WindowsFlags$1
instanceKlass sun/java2d/windows/WindowsFlags
instanceKlass java/awt/GraphicsEnvironment$LocalGE
instanceKlass javax/swing/RepaintManager$1
instanceKlass sun/swing/SwingAccessor$RepaintManagerAccessor
instanceKlass javax/swing/RepaintManager$DisplayChangedHandler
instanceKlass javax/swing/RepaintManager
instanceKlass javax/swing/UIManager$1
instanceKlass com/sun/java/swing/plaf/windows/XPStyle$Skin
instanceKlass com/sun/java/swing/plaf/windows/WindowsLookAndFeel$XPColorValue$XPColorValueKey
instanceKlass java/awt/geom/Point2D
instanceKlass com/sun/java/swing/plaf/windows/WindowsLookAndFeel$XPValue
instanceKlass sun/swing/plaf/DesktopProperty
instanceKlass com/sun/java/swing/plaf/windows/WindowsTreeUI$ExpandedIcon
instanceKlass javax/swing/Icon
instanceKlass javax/swing/UIDefaults$LazyInputMap
instanceKlass java/awt/geom/Dimension2D
instanceKlass javax/swing/plaf/basic/BasicLookAndFeel$2
instanceKlass java/lang/invoke/MethodHandle$1
instanceKlass javax/swing/border/AbstractBorder
instanceKlass javax/swing/border/Border
instanceKlass javax/swing/UIDefaults$ActiveValue
instanceKlass javax/swing/UIDefaults$LazyValue
instanceKlass javax/swing/plaf/UIResource
instanceKlass sun/awt/AWTAccessor$SystemColorAccessor
instanceKlass com/sun/java/swing/plaf/windows/WindowsRootPaneUI$AltProcessor
instanceKlass javax/swing/plaf/ComponentUI
instanceKlass sun/awt/KeyboardFocusManagerPeerImpl
instanceKlass java/awt/peer/KeyboardFocusManagerPeer
instanceKlass javax/swing/KeyStroke$1
instanceKlass sun/swing/SwingAccessor$KeyStrokeAccessor
instanceKlass java/awt/AWTKeyStroke
instanceKlass java/awt/FocusTraversalPolicy
instanceKlass java/awt/DefaultKeyboardFocusManager$2
instanceKlass java/awt/DefaultKeyboardFocusManager$1
instanceKlass sun/awt/AWTAccessor$DefaultKeyboardFocusManagerAccessor
instanceKlass java/awt/KeyboardFocusManager$1
instanceKlass sun/awt/AWTAccessor$KeyboardFocusManagerAccessor
instanceKlass java/awt/KeyboardFocusManager
instanceKlass java/awt/KeyEventPostProcessor
instanceKlass java/awt/KeyEventDispatcher
instanceKlass sun/swing/ImageCache
instanceKlass java/awt/image/MultiResolutionImage
instanceKlass sun/swing/CachedPainter
instanceKlass com/sun/java/swing/plaf/windows/XPStyle
instanceKlass sun/swing/DefaultLookup
instanceKlass sun/swing/SwingAccessor
instanceKlass sun/swing/SwingAccessor$UIDefaultsAccessor
instanceKlass javax/swing/UIManager$LAFState
instanceKlass sun/swing/SwingUtilities2$LSBCacheEntry
instanceKlass java/awt/font/FontRenderContext
instanceKlass sun/swing/SwingUtilities2
instanceKlass sun/swing/StringUIClientPropertyKey
instanceKlass javax/swing/UIClientPropertyKey
instanceKlass javax/swing/LookAndFeel
instanceKlass java/awt/Toolkit$DesktopPropertyChangeSupport$1
instanceKlass sun/awt/SunHints$Value
instanceKlass java/awt/RenderingHints$Key
instanceKlass sun/awt/SunHints
instanceKlass java/awt/RenderingHints
instanceKlass sun/awt/windows/WDesktopProperties$WinPlaySound
instanceKlass sun/awt/windows/ThemeReader
instanceKlass sun/awt/windows/WDesktopProperties
instanceKlass sun/awt/OSInfo$1
instanceKlass sun/awt/OSInfo$WindowsVersion
instanceKlass sun/awt/OSInfo
instanceKlass javax/swing/UIManager$LookAndFeelInfo
instanceKlass javax/swing/UIManager
instanceKlass org/pentaho/reporting/libraries/base/util/StringUtils
instanceKlass org/pentaho/reporting/libraries/designtime/swing/WeakEventListenerList
instanceKlass java/util/prefs/NodeChangeListener
instanceKlass java/util/prefs/PreferenceChangeListener
instanceKlass org/pentaho/reporting/libraries/base/config/StringEnumeration
instanceKlass org/pentaho/reporting/libraries/base/boot/ModuleInfo
instanceKlass org/pentaho/reporting/libraries/base/boot/PackageManager
instanceKlass org/pentaho/reporting/libraries/base/util/ObjectUtilities
instanceKlass org/apache/logging/log4j/core/Logger$PrivateConfig
instanceKlass org/apache/logging/log4j/jcl/Log4jLog
instanceKlass org/apache/logging/log4j/core/LoggerContext$1
instanceKlass org/apache/logging/log4j/core/util/SystemClock
instanceKlass org/apache/logging/log4j/core/time/PreciseClock
instanceKlass org/apache/logging/log4j/core/util/Clock
instanceKlass org/apache/logging/log4j/core/util/ClockFactory
instanceKlass org/apache/logging/log4j/core/impl/Log4jLogEvent
instanceKlass org/apache/logging/log4j/core/jmx/AppenderAdmin
instanceKlass org/apache/logging/log4j/core/jmx/AppenderAdminMBean
instanceKlass org/apache/logging/log4j/core/jmx/LoggerConfigAdmin
instanceKlass org/apache/logging/log4j/core/jmx/LoggerConfigAdminMBean
instanceKlass org/apache/logging/log4j/core/jmx/ContextSelectorAdmin
instanceKlass org/apache/logging/log4j/core/jmx/ContextSelectorAdminMBean
instanceKlass org/apache/logging/log4j/status/StatusData
instanceKlass org/apache/logging/log4j/core/jmx/StatusLoggerAdminMBean
instanceKlass org/apache/logging/log4j/core/jmx/LoggerContextAdminMBean
instanceKlass com/sun/jmx/mbeanserver/Repository$ObjectNamePattern
instanceKlass java/time/Duration
instanceKlass java/time/temporal/TemporalAmount
instanceKlass jdk/management/jfr/FlightRecorderMXBeanImpl$MXBeanListener
instanceKlass jdk/jfr/FlightRecorderListener
instanceKlass jdk/jfr/FlightRecorder
instanceKlass jdk/jfr/Recording
instanceKlass javax/management/NotificationFilter
instanceKlass javax/management/NotificationListener
instanceKlass javax/management/StandardMBean$MBeanInfoSafeAction
instanceKlass jdk/jfr/internal/management/StreamManager
instanceKlass jdk/management/jfr/EventTypeInfo
instanceKlass jdk/management/jfr/ConfigurationInfo
instanceKlass jdk/management/jfr/RecordingInfo
instanceKlass sun/reflect/generics/tree/VoidDescriptor
instanceKlass sun/reflect/generics/tree/LongSignature
instanceKlass jdk/management/jfr/SettingDescriptorInfo$1
instanceKlass jdk/management/jfr/SettingDescriptorInfo
instanceKlass sun/management/ManagementFactoryHelper$1
instanceKlass java/lang/management/BufferPoolMXBean
instanceKlass sun/nio/ch/FileChannelImpl$2
instanceKlass sun/nio/ch/FileChannelImpl$1
instanceKlass jdk/internal/misc/VM$BufferPoolsHolder
instanceKlass com/sun/management/VMOption
instanceKlass com/sun/management/internal/HotSpotDiagnostic
instanceKlass com/sun/management/HotSpotDiagnosticMXBean
instanceKlass com/sun/management/GcInfo
instanceKlass javax/management/openmbean/CompositeDataView
instanceKlass java/util/stream/AbstractSpinedBuffer
instanceKlass java/util/stream/Node$Builder
instanceKlass java/util/stream/Node$OfDouble
instanceKlass java/util/stream/Node$OfLong
instanceKlass java/util/stream/Node$OfInt
instanceKlass java/util/stream/Node$OfPrimitive
instanceKlass java/util/stream/Nodes$EmptyNode
instanceKlass java/util/stream/Node
instanceKlass java/util/stream/Nodes
instanceKlass java/util/function/IntFunction
instanceKlass java/lang/StringLatin1$LinesSpliterator
instanceKlass com/sun/management/internal/DiagnosticCommandImpl$Wrapper
instanceKlass jdk/jfr/internal/dcmd/AbstractDCmd
instanceKlass com/sun/management/internal/DiagnosticCommandArgumentInfo
instanceKlass com/sun/management/internal/DiagnosticCommandInfo
instanceKlass com/sun/management/internal/DiagnosticCommandImpl$OperationInfoComparator
instanceKlass sun/management/ClassLoadingImpl
instanceKlass java/lang/management/ClassLoadingMXBean
instanceKlass javax/management/MBeanInfo$ArrayGettersSafeAction
instanceKlass javax/management/openmbean/OpenMBeanOperationInfo
instanceKlass java/util/logging/LogManager$4
instanceKlass jdk/internal/logger/BootstrapLogger$BootstrapExecutors
instanceKlass jdk/internal/logger/LoggerFinderLoader
instanceKlass java/util/stream/Streams
instanceKlass java/util/stream/Stream$Builder
instanceKlass java/util/stream/Streams$AbstractStreamBuilderImpl
instanceKlass java/util/logging/LogManager$LoggerContext$1
instanceKlass java/util/logging/LogManager$VisitedLoggers
instanceKlass java/util/logging/Logger$ConfigurationData
instanceKlass java/util/logging/Logger$LoggerBundle
instanceKlass java/util/logging/Handler
instanceKlass java/util/logging/LogManager$2
instanceKlass java/util/logging/Logging
instanceKlass java/util/logging/LogManager$LoggingProviderAccess
instanceKlass java/util/logging/LogManager$LogNode
instanceKlass java/util/logging/LogManager$LoggerContext
instanceKlass java/util/logging/LogManager$1
instanceKlass java/util/logging/Level
instanceKlass java/util/logging/LoggingMXBean
instanceKlass java/util/logging/Logger
instanceKlass sun/management/ManagementFactoryHelper$PlatformLoggingImpl
instanceKlass java/lang/management/PlatformLoggingMXBean
instanceKlass sun/management/CompilationImpl
instanceKlass java/lang/management/CompilationMXBean
instanceKlass sun/management/VMManagementImpl$1
instanceKlass java/lang/management/MemoryUsage
instanceKlass sun/management/Sensor
instanceKlass sun/management/MemoryPoolImpl
instanceKlass java/lang/management/MemoryPoolMXBean
instanceKlass com/sun/management/GarbageCollectorMXBean
instanceKlass java/lang/management/GarbageCollectorMXBean
instanceKlass java/lang/management/MemoryManagerMXBean
instanceKlass java/lang/management/MemoryMXBean
instanceKlass javax/management/DescriptorKey
instanceKlass sun/management/BaseOperatingSystemImpl
instanceKlass com/sun/management/OperatingSystemMXBean
instanceKlass java/lang/management/OperatingSystemMXBean
instanceKlass com/sun/jmx/mbeanserver/PerInterface$MethodAndSig
instanceKlass java/lang/management/LockInfo
instanceKlass java/lang/management/ThreadInfo
instanceKlass sun/management/ThreadImpl
instanceKlass com/sun/management/ThreadMXBean
instanceKlass java/lang/management/ThreadMXBean
instanceKlass com/sun/jmx/mbeanserver/WeakIdentityHashMap
instanceKlass com/sun/jmx/mbeanserver/MXBeanLookup
instanceKlass com/sun/jmx/mbeanserver/PerInterface$InitMaps
instanceKlass com/sun/jmx/mbeanserver/PerInterface
instanceKlass javax/management/openmbean/OpenMBeanAttributeInfo
instanceKlass javax/management/openmbean/OpenMBeanParameterInfo
instanceKlass com/sun/jmx/mbeanserver/MBeanIntrospector$MBeanInfoMaker
instanceKlass com/sun/jmx/mbeanserver/MBeanAnalyzer$MBeanVisitor
instanceKlass sun/reflect/generics/tree/TypeVariableSignature
instanceKlass sun/reflect/generics/tree/MethodTypeSignature
instanceKlass com/sun/jmx/mbeanserver/MBeanAnalyzer$AttrMethods
instanceKlass com/sun/jmx/mbeanserver/MXBeanMapping
instanceKlass javax/management/openmbean/TabularData
instanceKlass javax/management/openmbean/CompositeData
instanceKlass javax/management/openmbean/OpenType
instanceKlass com/sun/jmx/mbeanserver/MXBeanMappingFactory
instanceKlass com/sun/jmx/mbeanserver/ConvertingMethod
instanceKlass com/sun/jmx/mbeanserver/MBeanAnalyzer$MethodOrder
instanceKlass com/sun/jmx/mbeanserver/MBeanAnalyzer
instanceKlass com/sun/jmx/mbeanserver/MBeanIntrospector
instanceKlass javax/management/MXBean
instanceKlass com/sun/jmx/mbeanserver/MBeanSupport
instanceKlass com/sun/jmx/mbeanserver/DescriptorCache
instanceKlass javax/management/JMX
instanceKlass javax/management/StandardMBean
instanceKlass java/util/AbstractMap$SimpleImmutableEntry
instanceKlass java/util/stream/ForEachOps$ForEachOp
instanceKlass java/util/stream/ForEachOps
instanceKlass com/sun/jmx/mbeanserver/JmxMBeanServer$3
instanceKlass javax/management/ObjectInstance
instanceKlass com/sun/jmx/mbeanserver/NamedObject
instanceKlass com/sun/jmx/interceptor/DefaultMBeanServerInterceptor$ResourceContext$1
instanceKlass com/sun/jmx/interceptor/DefaultMBeanServerInterceptor$ResourceContext
instanceKlass com/sun/jmx/mbeanserver/Repository$RegistrationContext
instanceKlass com/sun/jmx/mbeanserver/DynamicMBean2
instanceKlass com/sun/jmx/defaults/JmxProperties
instanceKlass com/sun/jmx/mbeanserver/Introspector
instanceKlass com/sun/jmx/mbeanserver/JmxMBeanServer$2
instanceKlass com/sun/jmx/interceptor/DefaultMBeanServerInterceptor
instanceKlass com/sun/jmx/interceptor/MBeanServerInterceptor
instanceKlass com/sun/jmx/mbeanserver/Repository
instanceKlass com/sun/jmx/mbeanserver/JmxMBeanServer$1
instanceKlass com/sun/jmx/mbeanserver/SecureClassLoaderRepository
instanceKlass com/sun/jmx/mbeanserver/MBeanInstantiator
instanceKlass com/sun/jmx/mbeanserver/ClassLoaderRepositorySupport$LoaderEntry
instanceKlass com/sun/jmx/mbeanserver/ClassLoaderRepositorySupport
instanceKlass com/sun/jmx/mbeanserver/ModifiableClassLoaderRepository
instanceKlass javax/management/loading/ClassLoaderRepository
instanceKlass javax/management/ImmutableDescriptor
instanceKlass javax/management/Descriptor
instanceKlass jdk/internal/logger/DefaultLoggerFinder$1
instanceKlass com/sun/jmx/remote/util/ClassLogger
instanceKlass javax/management/NotificationBroadcasterSupport$1
instanceKlass javax/management/NotificationBroadcasterSupport
instanceKlass java/util/ComparableTimSort
instanceKlass javax/management/ObjectName$Property
instanceKlass javax/management/ObjectName
instanceKlass javax/management/QueryExp
instanceKlass com/sun/jmx/mbeanserver/Util
instanceKlass javax/management/MBeanInfo
instanceKlass javax/management/MBeanFeatureInfo
instanceKlass javax/management/DescriptorRead
instanceKlass javax/management/MBeanServerDelegate
instanceKlass javax/management/MBeanServerDelegateMBean
instanceKlass javax/management/MBeanRegistration
instanceKlass com/sun/jmx/mbeanserver/JmxMBeanServer
instanceKlass com/sun/jmx/mbeanserver/SunJmxMBeanServer
instanceKlass javax/management/MBeanServer
instanceKlass javax/management/MBeanServerConnection
instanceKlass javax/management/MBeanServerBuilder
instanceKlass com/sun/jmx/mbeanserver/GetPropertyAction
instanceKlass javax/management/MBeanServerFactory
instanceKlass org/apache/logging/log4j/core/jmx/Server
instanceKlass org/apache/logging/log4j/core/util/NameUtil
instanceKlass org/apache/logging/log4j/core/config/Loggers
instanceKlass org/apache/logging/log4j/core/util/Booleans
instanceKlass java/util/concurrent/atomic/AtomicBoolean
instanceKlass org/apache/logging/log4j/core/config/AwaitCompletionReliabilityStrategy
instanceKlass org/apache/logging/log4j/core/config/ReliabilityStrategyFactory
instanceKlass java/lang/Deprecated
instanceKlass org/apache/logging/log4j/core/config/plugins/convert/EnumConverter
instanceKlass org/apache/logging/log4j/core/layout/PatternLayout$NoFormatPatternSerializer
instanceKlass java/util/concurrent/ThreadPoolExecutor$AbortPolicy
instanceKlass java/util/concurrent/RejectedExecutionHandler
instanceKlass java/util/concurrent/AbstractExecutorService
instanceKlass java/time/Instant
instanceKlass java/time/temporal/TemporalAdjuster
instanceKlass java/time/temporal/Temporal
instanceKlass java/nio/file/attribute/FileTime$1
instanceKlass sun/nio/ch/FileChannelImpl$Closer
instanceKlass sun/nio/ch/NativeDispatcher
instanceKlass sun/nio/ch/NativeThreadSet
instanceKlass sun/nio/ch/IOUtil
instanceKlass java/nio/file/attribute/FileAttribute
instanceKlass java/nio/channels/spi/AbstractInterruptibleChannel
instanceKlass java/nio/channels/InterruptibleChannel
instanceKlass java/nio/channels/ScatteringByteChannel
instanceKlass java/nio/channels/GatheringByteChannel
instanceKlass java/nio/channels/SeekableByteChannel
instanceKlass java/nio/channels/ByteChannel
instanceKlass java/nio/channels/WritableByteChannel
instanceKlass java/nio/channels/ReadableByteChannel
instanceKlass java/nio/channels/Channel
instanceKlass sun/nio/fs/WindowsChannelFactory$Flags
instanceKlass sun/nio/fs/WindowsChannelFactory$1
instanceKlass sun/nio/fs/WindowsChannelFactory
instanceKlass sun/nio/fs/ExtendedFileSystemProvider
instanceKlass org/apache/logging/log4j/core/appender/ConfigurationFactoryData
instanceKlass org/apache/logging/log4j/core/util/Log4jThreadFactory
instanceKlass java/util/concurrent/Semaphore
instanceKlass org/apache/logging/log4j/core/appender/rolling/RollingFileManager$RollingFileManagerFactory
instanceKlass org/apache/logging/log4j/core/appender/FileManager$FileManagerFactory
instanceKlass org/apache/logging/log4j/core/util/Assert
instanceKlass org/apache/logging/log4j/core/config/plugins/validation/validators/RequiredValidator
instanceKlass org/apache/logging/log4j/core/config/plugins/validation/ConstraintValidator
instanceKlass org/apache/logging/log4j/core/config/plugins/validation/constraints/Required
instanceKlass org/apache/logging/log4j/core/filter/AbstractFilterable$Builder
instanceKlass org/apache/logging/log4j/core/util/Integers
instanceKlass org/apache/logging/log4j/core/appender/rolling/PatternProcessor
instanceKlass org/apache/logging/log4j/core/appender/rolling/DefaultRolloverStrategy$Builder
instanceKlass org/apache/logging/log4j/core/appender/rolling/RolloverDescription
instanceKlass java/text/ParsePosition
instanceKlass java/text/DigitList
instanceKlass java/text/FieldPosition
instanceKlass java/lang/StringUTF16$CharsSpliterator
instanceKlass java/util/stream/Sink$ChainedInt
instanceKlass java/util/OptionalInt
instanceKlass java/util/stream/Sink$OfInt
instanceKlass java/util/function/IntConsumer
instanceKlass java/util/function/IntPredicate
instanceKlass java/util/stream/IntStream
instanceKlass java/lang/StringLatin1$CharsSpliterator
instanceKlass java/text/DecimalFormatSymbols
instanceKlass org/apache/logging/log4j/core/appender/rolling/FileSize
instanceKlass java/lang/Short$ShortCache
instanceKlass java/lang/Byte$ByteCache
instanceKlass org/apache/logging/log4j/core/config/plugins/PluginAttribute
instanceKlass org/apache/logging/log4j/core/config/plugins/PluginFactory
instanceKlass org/apache/logging/log4j/core/util/datetime/FastDateParser$StrategyAndWidth
instanceKlass org/apache/logging/log4j/core/util/datetime/FastDateParser$StrategyParser
instanceKlass sun/util/locale/Extension
instanceKlass java/lang/Character$CharacterCache
instanceKlass sun/util/locale/LocaleExtensions
instanceKlass org/apache/logging/log4j/core/util/datetime/FastDateParser$Strategy
instanceKlass org/apache/logging/log4j/core/util/datetime/FastDateParser
instanceKlass org/apache/logging/log4j/core/util/datetime/FastDatePrinter$TwoDigitNumberField
instanceKlass org/apache/logging/log4j/core/util/datetime/FastDatePrinter$TwoDigitMonthField
instanceKlass org/apache/logging/log4j/core/util/datetime/FastDatePrinter$CharacterLiteral
instanceKlass org/apache/logging/log4j/core/util/datetime/FastDatePrinter$PaddedNumberField
instanceKlass java/text/DateFormatSymbols
instanceKlass org/apache/logging/log4j/core/util/datetime/FastDatePrinter$NumberRule
instanceKlass org/apache/logging/log4j/core/util/datetime/FastDatePrinter$Rule
instanceKlass org/apache/logging/log4j/core/util/datetime/FastDatePrinter
instanceKlass org/apache/logging/log4j/core/util/datetime/FormatCache$MultipartKey
instanceKlass org/apache/logging/log4j/core/util/datetime/FormatCache
instanceKlass org/apache/logging/log4j/core/util/datetime/Format
instanceKlass org/apache/logging/log4j/core/util/datetime/DatePrinter
instanceKlass org/apache/logging/log4j/core/util/datetime/DateParser
instanceKlass org/apache/logging/log4j/core/config/plugins/PluginConfiguration
instanceKlass org/apache/logging/log4j/core/config/plugins/PluginElement
instanceKlass org/apache/logging/log4j/core/config/plugins/validation/Constraint
instanceKlass org/apache/logging/log4j/core/config/plugins/validation/ConstraintValidators
instanceKlass jdk/internal/reflect/UnsafeFieldAccessorFactory
instanceKlass org/apache/logging/log4j/util/StringBuilders
instanceKlass org/apache/logging/log4j/core/appender/rolling/action/Duration
instanceKlass org/apache/logging/log4j/core/util/CronExpression
instanceKlass java/lang/reflect/WildcardType
instanceKlass sun/reflect/generics/tree/Wildcard
instanceKlass sun/reflect/generics/tree/BottomSignature
instanceKlass sun/reflect/generics/tree/CharSignature
instanceKlass sun/reflect/generics/tree/ArrayTypeSignature
instanceKlass sun/reflect/generics/tree/ByteSignature
instanceKlass sun/reflect/generics/reflectiveObjects/LazyReflectiveObjectGenerator
instanceKlass java/lang/reflect/TypeVariable
instanceKlass sun/reflect/generics/reflectiveObjects/ParameterizedTypeImpl
instanceKlass java/lang/reflect/ParameterizedType
instanceKlass sun/reflect/generics/tree/ClassSignature
instanceKlass sun/reflect/generics/tree/Signature
instanceKlass sun/reflect/generics/tree/FormalTypeParameter
instanceKlass sun/reflect/generics/repository/AbstractRepository
instanceKlass org/apache/logging/log4j/core/config/plugins/convert/TypeConverterRegistry
instanceKlass org/apache/logging/log4j/core/config/plugins/convert/TypeConverters
instanceKlass org/apache/logging/log4j/core/config/plugins/visitors/AbstractPluginVisitor
instanceKlass org/apache/logging/log4j/core/config/plugins/visitors/PluginVisitor
instanceKlass org/apache/logging/log4j/core/config/plugins/visitors/PluginVisitors
instanceKlass org/apache/logging/log4j/core/config/plugins/PluginVisitorStrategy
instanceKlass org/apache/logging/log4j/core/config/plugins/PluginBuilderAttribute
instanceKlass org/apache/logging/log4j/core/util/TypeUtil
instanceKlass org/apache/logging/log4j/core/config/plugins/PluginBuilderFactory
instanceKlass org/apache/logging/log4j/core/config/plugins/util/PluginBuilder
instanceKlass org/apache/logging/log4j/core/impl/ThreadContextDataInjector$ForDefaultThreadContextMap
instanceKlass org/apache/logging/log4j/spi/DefaultThreadContextStack
instanceKlass org/apache/logging/log4j/spi/DefaultThreadContextMap
instanceKlass org/apache/logging/log4j/spi/GarbageFreeSortedArrayThreadContextMap
instanceKlass java/io/ObjectInputFilter$FilterInfo
instanceKlass org/apache/logging/log4j/util/internal/DefaultObjectInputFilter
instanceKlass java/io/ObjectInputFilter
instanceKlass java/io/ObjectInputValidation
instanceKlass java/io/ObjectInputStream$GetField
instanceKlass org/apache/logging/log4j/util/TriConsumer
instanceKlass java/io/ObjectStreamConstants
instanceKlass java/io/ObjectInput
instanceKlass org/apache/logging/log4j/util/SortedArrayStringMap
instanceKlass org/apache/logging/log4j/util/IndexedStringMap
instanceKlass org/apache/logging/log4j/util/IndexedReadOnlyStringMap
instanceKlass org/apache/logging/log4j/spi/CopyOnWriteSortedArrayThreadContextMap
instanceKlass org/apache/logging/log4j/spi/CopyOnWrite
instanceKlass org/apache/logging/log4j/spi/ObjectThreadContextMap
instanceKlass org/apache/logging/log4j/spi/CleanableThreadContextMap
instanceKlass org/apache/logging/log4j/spi/ThreadContextMap2
instanceKlass org/apache/logging/log4j/spi/ReadOnlyThreadContextMap
instanceKlass org/apache/logging/log4j/spi/ThreadContextMapFactory
instanceKlass org/apache/logging/log4j/ThreadContext$EmptyIterator
instanceKlass org/apache/logging/log4j/spi/ThreadContextMap
instanceKlass org/apache/logging/log4j/spi/ThreadContextStack
instanceKlass org/apache/logging/log4j/ThreadContext$ContextStack
instanceKlass org/apache/logging/log4j/ThreadContext
instanceKlass org/apache/logging/log4j/core/ContextDataInjector
instanceKlass org/apache/logging/log4j/core/impl/ContextDataInjectorFactory
instanceKlass org/apache/logging/log4j/core/config/plugins/PluginAliases
instanceKlass org/apache/logging/log4j/core/config/Scheduled
instanceKlass org/apache/xerces/dom/NodeListCache
instanceKlass org/apache/xerces/dom/CharacterDataImpl$1
instanceKlass javax/script/ScriptEngine
instanceKlass org/codehaus/groovy/jsr223/GroovyScriptEngineFactory
instanceKlass javax/script/SimpleBindings
instanceKlass java/util/Comparators$NullComparator
instanceKlass javax/script/ScriptEngineFactory
instanceKlass javax/script/Bindings
instanceKlass javax/script/ScriptEngineManager
instanceKlass org/apache/logging/log4j/core/script/ScriptManager
instanceKlass org/apache/logging/log4j/core/util/FileWatcher
instanceKlass java/util/Formattable
instanceKlass java/util/Formatter$FixedString
instanceKlass java/util/Formatter$Flags
instanceKlass java/util/Formatter$FormatSpecifier
instanceKlass java/util/Formatter$FormatString
instanceKlass java/util/Formatter$Conversion
instanceKlass java/util/regex/CharPredicates
instanceKlass java/util/Formatter
instanceKlass org/apache/logging/log4j/core/Version
instanceKlass java/net/InetAddress$CachedLocalHost
instanceKlass java/util/concurrent/atomic/Striped64$1
instanceKlass jdk/internal/util/random/RandomSupport
instanceKlass java/util/Random
instanceKlass java/util/random/RandomGenerator
instanceKlass java/net/InetAddress$CachedAddresses
instanceKlass sun/net/InetAddressCachePolicy$2
instanceKlass sun/net/InetAddressCachePolicy$1
instanceKlass sun/net/InetAddressCachePolicy
instanceKlass java/net/Inet6Address$Inet6AddressHolder
instanceKlass java/net/InetAddress$NameServiceAddresses
instanceKlass java/net/InetAddress$Addresses
instanceKlass java/util/concurrent/ConcurrentSkipListMap$Iter
instanceKlass java/net/InetAddress$PlatformNameService
instanceKlass java/net/InetAddress$NameService
instanceKlass java/net/Inet6AddressImpl
instanceKlass java/net/InetAddressImpl
instanceKlass java/net/InetAddressImplFactory
instanceKlass java/util/concurrent/ConcurrentSkipListMap$Node
instanceKlass java/util/concurrent/ConcurrentSkipListMap$Index
instanceKlass java/util/concurrent/ConcurrentNavigableMap
instanceKlass java/net/InetAddress$InetAddressHolder
instanceKlass java/net/InetAddress$1
instanceKlass jdk/internal/access/JavaNetInetAddressAccess
instanceKlass java/net/InetAddress
instanceKlass org/apache/logging/log4j/core/util/NetUtils
instanceKlass java/util/concurrent/LinkedBlockingQueue$Itr
instanceKlass org/apache/logging/log4j/status/StatusConsoleListener
instanceKlass java/util/concurrent/LinkedBlockingQueue$Node
instanceKlass java/util/concurrent/BlockingQueue
instanceKlass org/apache/logging/log4j/status/StatusListener
instanceKlass org/apache/logging/log4j/core/config/status/StatusConfiguration
instanceKlass org/apache/xerces/dom/NamedNodeMapImpl
instanceKlass org/w3c/dom/NamedNodeMap
instanceKlass org/apache/xerces/dom/DeferredDocumentImpl$RefCount
instanceKlass org/w3c/dom/traversal/NodeIterator
instanceKlass org/w3c/dom/ranges/Range
instanceKlass org/w3c/dom/traversal/TreeWalker
instanceKlass org/w3c/dom/events/MutationEvent
instanceKlass org/w3c/dom/events/Event
instanceKlass org/w3c/dom/ElementTraversal
instanceKlass org/w3c/dom/DocumentFragment
instanceKlass org/w3c/dom/Comment
instanceKlass org/w3c/dom/CDATASection
instanceKlass org/w3c/dom/Text
instanceKlass org/w3c/dom/CharacterData
instanceKlass org/w3c/dom/ProcessingInstruction
instanceKlass org/w3c/dom/EntityReference
instanceKlass org/w3c/dom/DOMConfiguration
instanceKlass org/w3c/dom/TypeInfo
instanceKlass org/w3c/dom/Attr
instanceKlass org/w3c/dom/DocumentType
instanceKlass org/w3c/dom/Entity
instanceKlass org/w3c/dom/Notation
instanceKlass org/w3c/dom/Element
instanceKlass org/apache/xerces/dom/NodeImpl
instanceKlass org/w3c/dom/events/EventTarget
instanceKlass org/w3c/dom/NodeList
instanceKlass org/w3c/dom/ranges/DocumentRange
instanceKlass org/w3c/dom/events/DocumentEvent
instanceKlass org/w3c/dom/traversal/DocumentTraversal
instanceKlass org/apache/xerces/dom/DeferredNode
instanceKlass org/apache/xerces/impl/Constants$ArrayEnumeration
instanceKlass org/apache/xerces/impl/Constants
instanceKlass org/apache/xerces/util/IntStack
instanceKlass org/apache/xerces/xinclude/XIncludeMessageFormatter
instanceKlass org/apache/xerces/util/XMLLocatorWrapper
instanceKlass org/apache/xerces/util/XMLSymbols
instanceKlass org/apache/xerces/util/SecurityManager
instanceKlass org/apache/xerces/xinclude/XIncludeTextReader
instanceKlass org/apache/xerces/xpointer/XPointerProcessor
instanceKlass org/apache/xerces/xinclude/XIncludeHandler$UnparsedEntity
instanceKlass org/apache/xerces/xinclude/XIncludeHandler$Notation
instanceKlass org/apache/xerces/xinclude/XIncludeHandler
instanceKlass org/apache/xerces/util/XMLChar
instanceKlass org/apache/xerces/impl/XMLEntityManager$EncodingInfo
instanceKlass org/apache/xerces/util/URI
instanceKlass org/apache/xerces/xni/parser/XMLInputSource
instanceKlass org/apache/xerces/impl/msg/XMLMessageFormatter
instanceKlass org/apache/xerces/impl/XMLVersionDetector
instanceKlass org/apache/xerces/impl/validation/ValidationManager
instanceKlass org/apache/xerces/impl/dv/dtd/NMTOKENDatatypeValidator
instanceKlass org/apache/xerces/impl/dv/dtd/NOTATIONDatatypeValidator
instanceKlass org/apache/xerces/impl/dv/dtd/ENTITYDatatypeValidator
instanceKlass org/apache/xerces/impl/dv/dtd/ListDatatypeValidator
instanceKlass org/apache/xerces/impl/dv/dtd/IDREFDatatypeValidator
instanceKlass org/apache/xerces/impl/dv/dtd/IDDatatypeValidator
instanceKlass org/apache/xerces/impl/dv/dtd/StringDatatypeValidator
instanceKlass org/apache/xerces/impl/dv/DatatypeValidator
instanceKlass org/apache/xerces/impl/dv/SecuritySupport$3
instanceKlass org/apache/xerces/impl/dv/SecuritySupport$2
instanceKlass org/apache/xerces/impl/dv/SecuritySupport$1
instanceKlass org/apache/xerces/impl/dv/SecuritySupport$4
instanceKlass org/apache/xerces/impl/dv/SecuritySupport
instanceKlass org/apache/xerces/impl/dv/ObjectFactory
instanceKlass org/apache/xerces/impl/dv/DTDDVFactory
instanceKlass org/apache/xerces/impl/dtd/DTDGrammarBucket
instanceKlass org/apache/xerces/impl/dtd/XMLAttributeDecl
instanceKlass org/apache/xerces/impl/dtd/XMLSimpleType
instanceKlass org/apache/xerces/impl/dtd/XMLElementDecl
instanceKlass org/apache/xerces/impl/validation/ValidationState
instanceKlass org/apache/xerces/impl/dv/ValidationContext
instanceKlass org/apache/xerces/impl/dtd/DTDGrammar
instanceKlass org/apache/xerces/xni/grammars/Grammar
instanceKlass org/apache/xerces/impl/validation/EntityState
instanceKlass org/apache/xerces/impl/dtd/XMLEntityDecl
instanceKlass org/apache/xerces/impl/dtd/XMLDTDProcessor
instanceKlass org/apache/xerces/xni/parser/XMLDTDContentModelFilter
instanceKlass org/apache/xerces/xni/parser/XMLDTDFilter
instanceKlass org/apache/xerces/impl/XMLDocumentScannerImpl$TrailingMiscDispatcher
instanceKlass org/apache/xerces/impl/XMLDocumentScannerImpl$DTDDispatcher
instanceKlass org/apache/xerces/impl/XMLDocumentScannerImpl$PrologDispatcher
instanceKlass org/apache/xerces/impl/XMLDocumentScannerImpl$XMLDeclDispatcher
instanceKlass org/apache/xerces/util/NamespaceSupport
instanceKlass org/apache/xerces/util/XMLAttributesImpl$Attribute
instanceKlass org/apache/xerces/util/XMLAttributesImpl
instanceKlass org/apache/xerces/impl/XMLDocumentFragmentScannerImpl$FragmentContentDispatcher
instanceKlass org/apache/xerces/xni/QName
instanceKlass org/apache/xerces/impl/XMLDocumentFragmentScannerImpl$ElementStack
instanceKlass org/apache/xerces/xni/grammars/XMLDTDDescription
instanceKlass org/apache/xerces/xni/grammars/XMLGrammarDescription
instanceKlass org/apache/xerces/impl/XMLDocumentFragmentScannerImpl$Dispatcher
instanceKlass org/apache/xerces/xni/XMLAttributes
instanceKlass org/apache/xerces/xni/XMLString
instanceKlass org/apache/xerces/impl/XMLScanner
instanceKlass org/apache/xerces/impl/XMLEntityHandler
instanceKlass org/apache/xerces/impl/XMLErrorReporter
instanceKlass org/apache/xerces/impl/XMLEntityManager$CharacterBuffer
instanceKlass org/apache/xerces/impl/XMLEntityManager$CharacterBufferPool
instanceKlass org/apache/xerces/impl/XMLEntityManager$ByteBufferPool
instanceKlass org/apache/xerces/util/AugmentationsImpl$AugmentationsItemsContainer
instanceKlass org/apache/xerces/util/AugmentationsImpl
instanceKlass org/apache/xerces/util/XMLResourceIdentifierImpl
instanceKlass org/apache/xerces/impl/XMLEntityManager$1
instanceKlass org/apache/xerces/xni/Augmentations
instanceKlass org/apache/xerces/impl/XMLEntityManager$Entity
instanceKlass org/apache/xerces/impl/XMLEntityScanner
instanceKlass org/apache/xerces/xni/XMLResourceIdentifier
instanceKlass org/apache/xerces/impl/XMLEntityManager
instanceKlass org/apache/xerces/util/SymbolTable$Entry
instanceKlass org/apache/xerces/xni/grammars/XMLGrammarPool
instanceKlass org/apache/xerces/util/SymbolTable
instanceKlass org/apache/xerces/xni/NamespaceContext
instanceKlass org/apache/xerces/impl/dtd/XMLDTDValidator
instanceKlass org/apache/xerces/xni/XMLLocator
instanceKlass org/apache/xerces/xni/parser/XMLDTDScanner
instanceKlass org/apache/xerces/util/MessageFormatter
instanceKlass org/apache/xerces/impl/dtd/XMLDTDValidatorFilter
instanceKlass org/apache/xerces/xni/parser/XMLDocumentScanner
instanceKlass org/apache/xerces/xni/parser/XMLDTDContentModelSource
instanceKlass org/apache/xerces/util/ParserConfigurationSettings
instanceKlass org/apache/xerces/parsers/XML11Configurable
instanceKlass org/apache/xerces/xni/parser/XMLPullParserConfiguration
instanceKlass org/apache/xerces/xni/parser/XMLParserConfiguration
instanceKlass org/apache/xerces/parsers/SecuritySupport$6
instanceKlass org/apache/xerces/parsers/SecuritySupport$7
instanceKlass org/apache/xerces/parsers/SecuritySupport$3
instanceKlass org/apache/xerces/parsers/SecuritySupport$2
instanceKlass org/apache/xerces/parsers/SecuritySupport$1
instanceKlass org/apache/xerces/parsers/SecuritySupport$4
instanceKlass org/apache/xerces/parsers/SecuritySupport
instanceKlass org/apache/xerces/parsers/ObjectFactory
instanceKlass org/xml/sax/Locator
instanceKlass org/xml/sax/EntityResolver
instanceKlass org/apache/xerces/xni/parser/XMLEntityResolver
instanceKlass org/apache/xerces/xni/parser/XMLErrorHandler
instanceKlass org/apache/xerces/xs/XSSimpleTypeDefinition
instanceKlass org/apache/xerces/xs/XSTypeDefinition
instanceKlass org/apache/xerces/xs/XSObject
instanceKlass org/w3c/dom/DOMError
instanceKlass org/apache/xerces/parsers/XMLParser
instanceKlass org/apache/xerces/xni/XMLDTDContentModelHandler
instanceKlass org/apache/xerces/jaxp/TeeXMLDocumentFilterImpl
instanceKlass org/apache/xerces/impl/xs/XMLSchemaValidator
instanceKlass org/apache/xerces/impl/xs/XSElementDeclHelper
instanceKlass org/apache/xerces/impl/RevalidationHandler
instanceKlass org/apache/xerces/impl/xs/identity/FieldActivator
instanceKlass org/apache/xerces/xni/parser/XMLDocumentFilter
instanceKlass org/apache/xerces/xni/parser/XMLDocumentSource
instanceKlass org/apache/xerces/xni/XMLDocumentHandler
instanceKlass org/apache/xerces/xni/parser/XMLComponent
instanceKlass org/apache/xerces/xni/parser/XMLComponentManager
instanceKlass org/apache/xerces/xni/parser/XMLDTDSource
instanceKlass org/apache/xerces/xni/XMLDTDHandler
instanceKlass org/xml/sax/ErrorHandler
instanceKlass org/w3c/dom/Document
instanceKlass org/w3c/dom/Node
instanceKlass org/apache/xerces/jaxp/JAXPConstants
instanceKlass javax/xml/parsers/DocumentBuilder
instanceKlass javax/xml/parsers/FactoryFinder$1
instanceKlass jdk/xml/internal/SecuritySupport
instanceKlass javax/xml/parsers/FactoryFinder
instanceKlass javax/xml/parsers/DocumentBuilderFactory
instanceKlass org/xml/sax/InputSource
instanceKlass org/apache/logging/log4j/core/util/Closer
instanceKlass org/apache/logging/log4j/core/config/plugins/util/ResolverUtil
instanceKlass javax/xml/transform/Source
instanceKlass org/apache/logging/log4j/core/config/Reconfigurable
instanceKlass org/apache/logging/log4j/core/util/FileUtils
instanceKlass org/apache/logging/log4j/core/util/BasicAuthorizationProvider
instanceKlass com/fasterxml/jackson/core/JsonParser
instanceKlass com/fasterxml/jackson/databind/JsonSerializable$Base
instanceKlass com/fasterxml/jackson/databind/JsonSerializable
instanceKlass com/fasterxml/jackson/core/TreeNode
instanceKlass com/fasterxml/jackson/core/TreeCodec
instanceKlass com/fasterxml/jackson/core/Versioned
instanceKlass org/apache/logging/log4j/core/util/ReflectionUtil
instanceKlass org/apache/logging/log4j/core/config/Order
instanceKlass java/util/TimSort
instanceKlass java/util/Arrays$LegacyMergeSort
instanceKlass org/apache/logging/log4j/core/config/OrderComparator
instanceKlass java/util/IdentityHashMap$IdentityHashMapIterator
instanceKlass java/util/stream/MatchOps$BooleanTerminalSink
instanceKlass java/util/stream/MatchOps$MatchOp
instanceKlass java/util/stream/MatchOps
instanceKlass java/util/ArrayList$ArrayListSpliterator
instanceKlass org/apache/logging/log4j/util/StringMap
instanceKlass org/apache/logging/log4j/util/ReadOnlyStringMap
instanceKlass org/apache/logging/log4j/core/impl/ThreadContextDataProvider
instanceKlass org/apache/logging/log4j/core/util/ContextDataProvider
instanceKlass org/apache/logging/log4j/core/util/AuthorizationProvider
instanceKlass java/util/concurrent/ConcurrentLinkedDeque$Node
instanceKlass org/apache/logging/log4j/core/impl/ThreadContextDataInjector
instanceKlass org/apache/logging/log4j/core/config/builder/api/ConfigurationBuilder
instanceKlass org/apache/logging/log4j/core/LoggerContext$ThreadContextDataTask
instanceKlass org/apache/logging/log4j/core/appender/DefaultErrorHandler
instanceKlass org/apache/logging/log4j/core/appender/ConsoleAppender$FactoryData
instanceKlass org/apache/logging/log4j/core/appender/ConsoleAppender$ConsoleManagerFactory
instanceKlass org/apache/logging/log4j/core/layout/ByteBufferDestination
instanceKlass org/apache/logging/log4j/core/ErrorHandler
instanceKlass org/apache/logging/log4j/core/layout/PatternLayout$PatternFormatterPatternSerializer
instanceKlass org/apache/logging/log4j/core/pattern/PlainTextRenderer
instanceKlass org/apache/logging/log4j/core/impl/ThrowableFormatOptions
instanceKlass org/apache/logging/log4j/core/pattern/PatternFormatter
instanceKlass org/apache/logging/log4j/core/pattern/TextRenderer
instanceKlass org/apache/logging/log4j/core/pattern/NameAbbreviator
instanceKlass org/apache/logging/log4j/core/util/OptionConverter
instanceKlass sun/util/calendar/CalendarUtils
instanceKlass sun/util/calendar/CalendarDate
instanceKlass sun/util/resources/Bundles$CacheKeyReference
instanceKlass sun/util/resources/Bundles$CacheKey
instanceKlass sun/util/resources/Bundles
instanceKlass sun/util/resources/LocaleData$LocaleDataStrategy
instanceKlass sun/util/resources/Bundles$Strategy
instanceKlass sun/util/resources/LocaleData$1
instanceKlass sun/util/resources/LocaleData
instanceKlass sun/util/locale/provider/LocaleResources
instanceKlass sun/util/locale/provider/CalendarDataUtility$CalendarWeekParameterGetter
instanceKlass sun/util/locale/provider/LocaleServiceProviderPool$LocalizedObjectGetter
instanceKlass sun/util/locale/provider/LocaleServiceProviderPool
instanceKlass java/util/Locale$Builder
instanceKlass sun/util/locale/provider/CalendarDataUtility
instanceKlass sun/util/calendar/CalendarSystem$GregorianHolder
instanceKlass sun/util/calendar/CalendarSystem
instanceKlass java/util/Calendar$Builder
instanceKlass sun/util/locale/provider/AvailableLanguageTags
instanceKlass sun/util/resources/cldr/provider/CLDRLocaleDataMetaInfo
instanceKlass jdk/internal/module/ModulePatcher$PatchedModuleReader
instanceKlass sun/util/locale/BaseLocale$Key
instanceKlass sun/util/locale/InternalLocaleBuilder$CaseInsensitiveChar
instanceKlass sun/util/locale/InternalLocaleBuilder
instanceKlass sun/util/locale/StringTokenIterator
instanceKlass sun/util/locale/ParseStatus
instanceKlass sun/util/locale/LanguageTag
instanceKlass sun/util/cldr/CLDRBaseLocaleDataMetaInfo
instanceKlass sun/util/locale/provider/LocaleDataMetaInfo
instanceKlass sun/util/locale/provider/ResourceBundleBasedAdapter
instanceKlass sun/util/locale/provider/LocaleProviderAdapter$1
instanceKlass sun/util/locale/provider/LocaleProviderAdapter
instanceKlass java/util/spi/LocaleServiceProvider
instanceKlass java/util/Calendar
instanceKlass sun/util/calendar/ZoneInfoFile$ZoneOffsetTransitionRule
instanceKlass sun/util/calendar/ZoneInfoFile$1
instanceKlass sun/util/calendar/ZoneInfoFile
instanceKlass java/util/TimeZone
instanceKlass org/apache/logging/log4j/core/time/MutableInstant
instanceKlass java/time/temporal/TemporalAccessor
instanceKlass org/apache/logging/log4j/core/pattern/DatePatternConverter$CachedTime
instanceKlass org/apache/logging/log4j/core/util/datetime/FixedDateFormat
instanceKlass java/util/Date
instanceKlass org/apache/logging/log4j/core/pattern/DatePatternConverter$Formatter
instanceKlass org/apache/logging/log4j/core/time/Instant
instanceKlass org/apache/logging/log4j/core/pattern/PatternParser$1
instanceKlass org/apache/logging/log4j/core/pattern/FormattingInfo
instanceKlass jdk/internal/reflect/ClassDefiner$1
instanceKlass jdk/internal/reflect/ClassDefiner
instanceKlass jdk/internal/reflect/MethodAccessorGenerator$1
instanceKlass jdk/internal/reflect/Label$PatchInfo
instanceKlass jdk/internal/reflect/Label
instanceKlass jdk/internal/reflect/UTF8
instanceKlass jdk/internal/reflect/ClassFileAssembler
instanceKlass jdk/internal/reflect/ByteVectorImpl
instanceKlass jdk/internal/reflect/ByteVector
instanceKlass jdk/internal/reflect/ByteVectorFactory
instanceKlass jdk/internal/reflect/AccessorGenerator
instanceKlass jdk/internal/reflect/ClassFileConstants
instanceKlass java/lang/Class$AnnotationData
instanceKlass java/lang/annotation/Target
instanceKlass java/lang/reflect/Proxy$ProxyBuilder$1
instanceKlass jdk/internal/org/objectweb/asm/Edge
instanceKlass java/lang/reflect/ProxyGenerator$PrimitiveTypeInfo
instanceKlass java/util/StringJoiner
instanceKlass java/lang/reflect/ProxyGenerator$ProxyMethod
instanceKlass java/lang/module/ModuleDescriptor$Builder
instanceKlass java/lang/PublicMethods
instanceKlass java/lang/reflect/Proxy$ProxyBuilder
instanceKlass java/lang/reflect/Proxy
instanceKlass sun/reflect/annotation/AnnotationInvocationHandler
instanceKlass java/lang/reflect/InvocationHandler
instanceKlass sun/reflect/annotation/AnnotationParser$1
instanceKlass java/lang/annotation/Documented
instanceKlass java/lang/annotation/Inherited
instanceKlass java/lang/annotation/Retention
instanceKlass sun/reflect/annotation/ExceptionProxy
instanceKlass sun/reflect/annotation/AnnotationType$1
instanceKlass sun/reflect/annotation/AnnotationType
instanceKlass java/lang/reflect/GenericArrayType
instanceKlass org/apache/logging/log4j/core/config/plugins/Plugin
instanceKlass sun/reflect/generics/visitor/Reifier
instanceKlass sun/reflect/generics/visitor/TypeTreeVisitor
instanceKlass sun/reflect/generics/factory/CoreReflectionFactory
instanceKlass sun/reflect/generics/factory/GenericsFactory
instanceKlass sun/reflect/generics/scope/AbstractScope
instanceKlass sun/reflect/generics/scope/Scope
instanceKlass sun/reflect/generics/tree/ClassTypeSignature
instanceKlass sun/reflect/generics/tree/SimpleClassTypeSignature
instanceKlass sun/reflect/generics/tree/FieldTypeSignature
instanceKlass sun/reflect/generics/tree/BaseType
instanceKlass sun/reflect/generics/tree/TypeSignature
instanceKlass sun/reflect/generics/tree/ReturnType
instanceKlass sun/reflect/generics/tree/TypeArgument
instanceKlass sun/reflect/generics/tree/TypeTree
instanceKlass sun/reflect/generics/tree/Tree
instanceKlass sun/reflect/generics/parser/SignatureParser
instanceKlass org/apache/logging/log4j/core/pattern/ConverterKeys
instanceKlass java/lang/invoke/VarHandle$AccessDescriptor
instanceKlass org/apache/logging/log4j/util/Supplier
instanceKlass org/apache/logging/log4j/core/util/AbstractWatcher
instanceKlass org/apache/logging/log4j/core/config/plugins/convert/TypeConverters$UuidConverter
instanceKlass org/apache/logging/log4j/core/config/plugins/convert/TypeConverters$UrlConverter
instanceKlass org/apache/logging/log4j/core/config/plugins/convert/TypeConverters$UriConverter
instanceKlass org/apache/logging/log4j/core/config/plugins/convert/TypeConverters$StringConverter
instanceKlass org/apache/logging/log4j/core/config/plugins/convert/TypeConverters$ShortConverter
instanceKlass org/apache/logging/log4j/core/config/plugins/convert/TypeConverters$SecurityProviderConverter
instanceKlass org/apache/logging/log4j/core/config/plugins/convert/TypeConverters$PatternConverter
instanceKlass org/apache/logging/log4j/core/config/plugins/convert/TypeConverters$PathConverter
instanceKlass org/apache/logging/log4j/core/config/plugins/convert/TypeConverters$LongConverter
instanceKlass org/apache/logging/log4j/core/config/plugins/convert/TypeConverters$LevelConverter
instanceKlass org/apache/logging/log4j/core/config/plugins/convert/TypeConverters$IntegerConverter
instanceKlass org/apache/logging/log4j/core/config/plugins/convert/TypeConverters$InetAddressConverter
instanceKlass org/apache/logging/log4j/core/config/plugins/convert/TypeConverters$FloatConverter
instanceKlass org/apache/logging/log4j/core/config/plugins/convert/TypeConverters$FileConverter
instanceKlass org/apache/logging/log4j/core/config/plugins/convert/TypeConverters$DurationConverter
instanceKlass org/apache/logging/log4j/core/config/plugins/convert/TypeConverters$DoubleConverter
instanceKlass org/apache/logging/log4j/core/config/plugins/convert/TypeConverters$CronExpressionConverter
instanceKlass org/apache/logging/log4j/core/config/plugins/convert/TypeConverters$ClassConverter
instanceKlass org/apache/logging/log4j/core/config/plugins/convert/TypeConverters$CharsetConverter
instanceKlass org/apache/logging/log4j/core/config/plugins/convert/TypeConverters$CharArrayConverter
instanceKlass org/apache/logging/log4j/core/config/plugins/convert/TypeConverters$CharacterConverter
instanceKlass org/apache/logging/log4j/core/config/plugins/convert/TypeConverters$ByteArrayConverter
instanceKlass org/apache/logging/log4j/core/config/plugins/convert/TypeConverters$ByteConverter
instanceKlass org/apache/logging/log4j/core/config/plugins/convert/TypeConverters$BooleanConverter
instanceKlass org/apache/logging/log4j/core/config/plugins/convert/TypeConverters$BigIntegerConverter
instanceKlass org/apache/logging/log4j/core/config/plugins/convert/TypeConverters$BigDecimalConverter
instanceKlass org/apache/logging/log4j/core/config/plugins/convert/TypeConverter
instanceKlass org/apache/logging/log4j/core/lookup/StructuredDataLookup
instanceKlass org/apache/logging/log4j/core/lookup/ContextMapLookup
instanceKlass org/apache/log4j/builders/appender/NullAppenderBuilder
instanceKlass org/apache/log4j/builders/filter/DenyAllFilterBuilder
instanceKlass org/apache/log4j/builders/filter/FilterBuilder
instanceKlass org/apache/log4j/builders/layout/SimpleLayoutBuilder
instanceKlass org/apache/log4j/builders/layout/LayoutBuilder
instanceKlass org/apache/log4j/builders/AbstractBuilder
instanceKlass org/apache/log4j/builders/appender/AppenderBuilder
instanceKlass org/apache/logging/log4j/core/pattern/FileDatePatternConverter
instanceKlass org/apache/logging/log4j/core/config/arbiters/SystemPropertyArbiter
instanceKlass org/apache/logging/log4j/core/net/ssl/SslConfiguration
instanceKlass org/apache/logging/log4j/core/appender/rolling/action/PathSortByModificationTime
instanceKlass org/apache/logging/log4j/core/appender/rolling/action/PathSorter
instanceKlass org/apache/logging/log4j/core/net/SocketPerformancePreferences
instanceKlass org/apache/logging/log4j/core/net/SocketOptions
instanceKlass org/apache/logging/log4j/core/net/SocketAddress
instanceKlass org/apache/logging/log4j/core/config/arbiters/SelectArbiter
instanceKlass org/apache/logging/log4j/core/config/ScriptsPlugin
instanceKlass org/apache/logging/log4j/core/layout/ScriptPatternSelector
instanceKlass org/apache/logging/log4j/core/appender/rolling/action/ScriptCondition
instanceKlass org/apache/logging/log4j/core/config/arbiters/ScriptArbiter
instanceKlass org/apache/logging/log4j/core/script/AbstractScript
instanceKlass org/apache/logging/log4j/core/appender/routing/Routes
instanceKlass org/apache/logging/log4j/core/appender/routing/Route
instanceKlass org/apache/logging/log4j/core/pattern/RegexReplacement
instanceKlass org/apache/logging/log4j/core/appender/rewrite/PropertiesRewritePolicy
instanceKlass org/apache/logging/log4j/core/config/PropertiesPlugin
instanceKlass org/apache/logging/log4j/core/layout/PatternMatch
instanceKlass org/apache/logging/log4j/core/net/MulticastDnsAdvertiser
instanceKlass org/apache/logging/log4j/core/layout/MarkerPatternSelector
instanceKlass org/apache/logging/log4j/core/appender/rewrite/MapRewritePolicy
instanceKlass org/apache/logging/log4j/core/config/LoggersPlugin
instanceKlass org/apache/logging/log4j/core/appender/rewrite/LoggerNameLevelRewritePolicy
instanceKlass org/apache/logging/log4j/core/appender/rewrite/RewritePolicy
instanceKlass org/apache/logging/log4j/core/layout/LoggerFields
instanceKlass org/apache/logging/log4j/core/async/LinkedTransferQueueFactory
instanceKlass org/apache/logging/log4j/core/layout/LevelPatternSelector
instanceKlass org/apache/logging/log4j/core/layout/PatternSelector
instanceKlass org/apache/logging/log4j/core/util/KeyValuePair
instanceKlass org/apache/logging/log4j/core/net/ssl/StoreConfiguration
instanceKlass org/apache/logging/log4j/core/async/JCToolsBlockingQueueFactory
instanceKlass org/apache/logging/log4j/core/appender/rolling/action/IfNot
instanceKlass org/apache/logging/log4j/core/appender/rolling/action/IfLastModified
instanceKlass org/apache/logging/log4j/core/appender/rolling/action/IfFileName
instanceKlass org/apache/logging/log4j/core/appender/rolling/action/IfAny
instanceKlass org/apache/logging/log4j/core/appender/rolling/action/IfAll
instanceKlass org/apache/logging/log4j/core/appender/rolling/action/IfAccumulatedFileSize
instanceKlass org/apache/logging/log4j/core/appender/rolling/action/IfAccumulatedFileCount
instanceKlass org/apache/logging/log4j/core/appender/rolling/action/PathCondition
instanceKlass org/apache/logging/log4j/core/appender/routing/PurgePolicy
instanceKlass org/apache/logging/log4j/core/appender/FailoversPlugin
instanceKlass org/apache/logging/log4j/core/async/DisruptorBlockingQueueFactory
instanceKlass org/apache/logging/log4j/core/appender/rolling/DirectFileRolloverStrategy
instanceKlass org/apache/logging/log4j/core/appender/rolling/action/AbstractAction
instanceKlass org/apache/logging/log4j/core/appender/rolling/action/Action
instanceKlass org/apache/logging/log4j/core/appender/rolling/AbstractRolloverStrategy
instanceKlass org/apache/logging/log4j/core/appender/rolling/RolloverStrategy
instanceKlass org/apache/logging/log4j/core/config/arbiters/DefaultArbiter
instanceKlass org/apache/logging/log4j/core/config/CustomLevels
instanceKlass org/apache/logging/log4j/core/config/CustomLevelConfig
instanceKlass org/apache/logging/log4j/core/appender/rolling/TriggeringPolicy
instanceKlass org/apache/logging/log4j/core/appender/db/jdbc/ConnectionSource
instanceKlass org/apache/logging/log4j/core/appender/db/ColumnMapping
instanceKlass org/apache/logging/log4j/core/appender/db/jdbc/ColumnConfig
instanceKlass org/apache/logging/log4j/core/config/arbiters/ClassArbiter
instanceKlass org/apache/logging/log4j/core/config/arbiters/Arbiter
instanceKlass org/apache/logging/log4j/core/async/ArrayBlockingQueueFactory
instanceKlass org/apache/logging/log4j/core/async/BlockingQueueFactory
instanceKlass org/apache/logging/log4j/core/appender/AppenderSet
instanceKlass org/apache/logging/log4j/core/config/AppendersPlugin
instanceKlass org/apache/logging/log4j/core/config/AppenderRef
instanceKlass org/apache/logging/log4j/core/pattern/AnsiConverter
instanceKlass org/apache/logging/log4j/core/config/plugins/util/PluginType
instanceKlass org/apache/logging/log4j/core/config/builder/api/ConfigurationBuilderFactory
instanceKlass org/apache/logging/log4j/core/config/plugins/processor/PluginEntry
instanceKlass org/apache/logging/log4j/core/config/plugins/processor/PluginCache
instanceKlass org/apache/logging/log4j/core/config/plugins/util/ResolverUtil$Test
instanceKlass org/apache/logging/log4j/core/config/plugins/util/PluginRegistry
instanceKlass org/apache/logging/log4j/core/pattern/ArrayPatternConverter
instanceKlass org/apache/logging/log4j/core/pattern/AbstractPatternConverter
instanceKlass org/apache/logging/log4j/core/pattern/PatternConverter
instanceKlass org/apache/logging/log4j/core/pattern/PatternParser
instanceKlass org/apache/logging/log4j/core/layout/StringBuilderEncoder
instanceKlass org/apache/logging/log4j/core/layout/PatternLayout$PatternSerializer
instanceKlass org/apache/logging/log4j/core/layout/AbstractStringLayout$Serializer
instanceKlass org/apache/logging/log4j/core/layout/PatternLayout$SerializerBuilder
instanceKlass org/apache/logging/log4j/core/layout/PatternLayout$Builder
instanceKlass org/apache/logging/log4j/core/util/Builder
instanceKlass org/apache/logging/log4j/core/layout/AbstractStringLayout$Serializer2
instanceKlass org/apache/logging/log4j/core/layout/AbstractLayout
instanceKlass org/apache/logging/log4j/core/StringLayout
instanceKlass org/apache/logging/log4j/spi/LoggerRegistry$ConcurrentMapFactory
instanceKlass org/apache/logging/log4j/spi/LoggerRegistry$MapFactory
instanceKlass org/apache/logging/log4j/spi/LoggerRegistry
instanceKlass org/apache/logging/log4j/core/config/Node
instanceKlass org/apache/logging/log4j/core/config/plugins/util/PluginManager
instanceKlass org/apache/logging/log4j/core/util/DummyNanoClock
instanceKlass org/apache/logging/log4j/core/util/WatchEventService
instanceKlass java/util/UUID
instanceKlass org/apache/logging/log4j/core/util/WatchManager$LocalUUID
instanceKlass java/util/concurrent/Future
instanceKlass java/util/concurrent/ScheduledExecutorService
instanceKlass java/util/concurrent/ExecutorService
instanceKlass java/util/concurrent/Executor
instanceKlass org/apache/logging/log4j/core/config/DefaultReliabilityStrategy
instanceKlass org/apache/logging/log4j/core/config/LocationAwareReliabilityStrategy
instanceKlass sun/reflect/misc/ReflectUtil
instanceKlass java/util/concurrent/atomic/AtomicReferenceFieldUpdater$AtomicReferenceFieldUpdaterImpl$1
instanceKlass java/util/concurrent/atomic/AtomicReferenceFieldUpdater
instanceKlass org/apache/logging/log4j/core/config/AppenderControlArraySet
instanceKlass org/apache/logging/log4j/core/impl/DefaultLogEventFactory
instanceKlass org/apache/logging/log4j/core/LogEvent
instanceKlass org/apache/logging/log4j/core/impl/LogEventFactory
instanceKlass org/apache/logging/log4j/core/impl/LocationAwareLogEventFactory
instanceKlass org/apache/logging/log4j/core/config/ReliabilityStrategy
instanceKlass org/apache/logging/log4j/core/impl/LocationAware
instanceKlass java/util/DualPivotQuicksort
instanceKlass org/apache/logging/log4j/core/lookup/StrMatcher
instanceKlass org/apache/logging/log4j/core/lookup/DateLookup
instanceKlass sun/management/Util
instanceKlass java/util/Collections$2
instanceKlass sun/management/RuntimeImpl
instanceKlass java/util/stream/ReduceOps$2ReducingSink
instanceKlass java/util/HashMap$HashMapSpliterator
instanceKlass java/util/Collections$UnmodifiableCollection$1
instanceKlass java/util/Collections$1
instanceKlass jdk/management/jfr/internal/FlightRecorderMXBeanProvider$SingleMBeanComponent
instanceKlass jdk/management/jfr/FlightRecorderMXBean
instanceKlass java/lang/management/DefaultPlatformMBeanProvider$11
instanceKlass java/lang/management/DefaultPlatformMBeanProvider$10
instanceKlass java/lang/management/DefaultPlatformMBeanProvider$9
instanceKlass java/util/logging/LogManager
instanceKlass sun/management/ManagementFactoryHelper$LoggingMXBeanAccess$1
instanceKlass sun/management/ManagementFactoryHelper$LoggingMXBeanAccess
instanceKlass java/lang/management/DefaultPlatformMBeanProvider$8
instanceKlass java/lang/management/DefaultPlatformMBeanProvider$7
instanceKlass java/lang/management/DefaultPlatformMBeanProvider$6
instanceKlass java/lang/management/DefaultPlatformMBeanProvider$5
instanceKlass java/lang/management/DefaultPlatformMBeanProvider$4
instanceKlass java/lang/management/DefaultPlatformMBeanProvider$3
instanceKlass java/lang/management/DefaultPlatformMBeanProvider$2
instanceKlass java/lang/management/DefaultPlatformMBeanProvider$1
instanceKlass com/sun/management/internal/PlatformMBeanProviderImpl$5
instanceKlass sun/management/VMManagementImpl
instanceKlass sun/management/VMManagement
instanceKlass sun/management/ManagementFactoryHelper
instanceKlass sun/management/NotificationEmitterSupport
instanceKlass javax/management/NotificationEmitter
instanceKlass javax/management/NotificationBroadcaster
instanceKlass com/sun/management/DiagnosticCommandMBean
instanceKlass javax/management/DynamicMBean
instanceKlass com/sun/management/internal/PlatformMBeanProviderImpl$4
instanceKlass com/sun/management/internal/PlatformMBeanProviderImpl$3
instanceKlass com/sun/management/internal/PlatformMBeanProviderImpl$2
instanceKlass java/util/stream/ReduceOps$AccumulatingSink
instanceKlass java/util/stream/ReduceOps$Box
instanceKlass java/util/stream/ReduceOps$ReduceOp
instanceKlass java/util/stream/ReduceOps
instanceKlass java/util/function/BinaryOperator
instanceKlass java/util/function/BiConsumer
instanceKlass java/util/stream/Collectors$CollectorImpl
instanceKlass java/util/stream/Collector
instanceKlass java/util/stream/Collectors
instanceKlass com/sun/management/internal/PlatformMBeanProviderImpl$1
instanceKlass sun/management/spi/PlatformMBeanProvider$PlatformComponent
instanceKlass java/util/concurrent/Callable
instanceKlass sun/management/spi/PlatformMBeanProvider
instanceKlass java/lang/management/ManagementFactory$PlatformMBeanFinder$1
instanceKlass java/lang/management/ManagementFactory$PlatformMBeanFinder
instanceKlass java/lang/management/RuntimeMXBean
instanceKlass java/lang/management/PlatformManagedObject
instanceKlass java/lang/management/ManagementFactory
instanceKlass org/apache/logging/log4j/core/net/JndiManager$JndiManagerFactory
instanceKlass javax/naming/Context
instanceKlass org/apache/logging/log4j/core/appender/ManagerFactory
instanceKlass org/apache/logging/log4j/core/appender/AbstractManager
instanceKlass org/apache/logging/log4j/core/lookup/UpperLookup
instanceKlass org/apache/logging/log4j/core/lookup/LowerLookup
instanceKlass org/apache/logging/log4j/core/lookup/MapLookup
instanceKlass org/apache/logging/log4j/core/lookup/PropertiesLookup
instanceKlass org/apache/logging/log4j/core/lookup/AbstractLookup
instanceKlass org/apache/logging/log4j/core/config/DefaultAdvertiser
instanceKlass org/apache/logging/log4j/core/config/Property
instanceKlass org/apache/logging/log4j/core/config/ConfigurationSource
instanceKlass org/apache/logging/log4j/core/async/AsyncLoggerConfigDelegate
instanceKlass org/apache/logging/log4j/core/Appender
instanceKlass org/apache/logging/log4j/core/Layout
instanceKlass org/apache/logging/log4j/core/layout/Encoder
instanceKlass org/apache/logging/log4j/core/util/Watcher
instanceKlass org/apache/logging/log4j/core/util/NanoClock
instanceKlass org/apache/logging/log4j/core/lookup/StrLookup
instanceKlass org/apache/logging/log4j/core/net/Advertiser
instanceKlass org/apache/logging/log4j/core/lookup/StrSubstitutor
instanceKlass org/apache/logging/log4j/core/config/ConfigurationAware
instanceKlass org/apache/logging/log4j/core/Filter
instanceKlass org/apache/logging/log4j/core/util/ExecutorServices
instanceKlass org/apache/logging/log4j/core/AbstractLifeCycle
instanceKlass org/apache/logging/log4j/spi/LoggerContextShutdownEnabled
instanceKlass org/apache/logging/log4j/core/config/ConfigurationListener
instanceKlass org/apache/logging/log4j/spi/Terminable
instanceKlass java/util/stream/Sink$ChainedReference
instanceKlass java/util/stream/WhileOps$DropWhileSink
instanceKlass java/util/stream/FindOps$FindOp
instanceKlass java/util/stream/TerminalOp
instanceKlass java/util/stream/FindOps$FindSink
instanceKlass java/util/stream/TerminalSink
instanceKlass java/util/stream/Sink
instanceKlass java/util/stream/FindOps
instanceKlass java/util/stream/WhileOps$DropWhileOp
instanceKlass java/util/stream/WhileOps
instanceKlass java/util/function/Predicate
instanceKlass java/lang/StackStreamFactory$FrameBuffer
instanceKlass java/lang/StackStreamFactory$1
instanceKlass java/lang/StackStreamFactory
instanceKlass org/apache/logging/log4j/util/StackLocator
instanceKlass org/apache/logging/log4j/util/StackLocatorUtil
instanceKlass org/apache/logging/log4j/internal/LogManagerStatus
instanceKlass java/util/concurrent/Executors$DefaultThreadFactory
instanceKlass java/util/concurrent/Executors
instanceKlass org/apache/logging/log4j/core/util/Cancellable
instanceKlass org/apache/logging/log4j/core/util/DefaultShutdownCallbackRegistry
instanceKlass org/apache/logging/log4j/core/LifeCycle2
instanceKlass java/util/concurrent/atomic/AtomicReference
instanceKlass org/apache/logging/log4j/core/selector/ClassLoaderContextSelector
instanceKlass org/apache/logging/log4j/core/util/Loader
instanceKlass org/apache/logging/log4j/core/util/Constants
instanceKlass org/apache/logging/log4j/core/selector/ContextSelector
instanceKlass org/apache/logging/log4j/core/config/Configuration
instanceKlass org/apache/logging/log4j/core/filter/Filterable
instanceKlass org/apache/logging/log4j/core/LifeCycle
instanceKlass org/apache/logging/log4j/spi/LoggerContext
instanceKlass jdk/internal/loader/URLClassPath$JarLoader$3
instanceKlass jdk/internal/misc/ScopedMemoryAccess$Scope
instanceKlass org/apache/logging/log4j/core/impl/Log4jContextFactory
instanceKlass org/apache/logging/log4j/core/util/ShutdownCallbackRegistry
instanceKlass org/apache/logging/log4j/spi/Provider
instanceKlass org/apache/logging/log4j/util/ProviderUtil
instanceKlass java/util/RegularEnumSet$EnumSetIterator
instanceKlass org/apache/logging/log4j/Level
instanceKlass java/text/Format
instanceKlass org/apache/logging/log4j/util/Strings
instanceKlass org/apache/logging/log4j/message/ExitMessage
instanceKlass org/apache/logging/log4j/message/EntryMessage
instanceKlass org/apache/logging/log4j/message/FlowMessage
instanceKlass org/apache/logging/log4j/message/DefaultFlowMessageFactory
instanceKlass org/apache/logging/log4j/message/FlowMessageFactory
instanceKlass javax/servlet/Servlet
instanceKlass java/util/regex/Pattern$1
instanceKlass java/util/regex/IntHashSet
instanceKlass java/util/regex/Matcher
instanceKlass java/util/regex/MatchResult
instanceKlass java/util/regex/Pattern$TreeInfo
instanceKlass java/util/regex/Pattern$BitClass
instanceKlass java/util/regex/Pattern$BmpCharPredicate
instanceKlass java/util/regex/Pattern$CharPredicate
instanceKlass java/util/regex/ASCII
instanceKlass java/util/regex/Pattern$Node
instanceKlass java/util/regex/Pattern
instanceKlass org/apache/logging/log4j/util/PropertySource$Util
instanceKlass java/util/Collections$UnmodifiableMap$UnmodifiableEntrySet$UnmodifiableEntry
instanceKlass java/lang/ProcessEnvironment$CheckedEntry
instanceKlass java/lang/ProcessEnvironment$CheckedEntrySet$1
instanceKlass java/lang/ProcessEnvironment$EntryComparator
instanceKlass java/lang/ProcessEnvironment$NameComparator
instanceKlass org/apache/logging/log4j/util/SystemPropertiesPropertySource
instanceKlass org/apache/logging/log4j/util/EnvironmentPropertySource
instanceKlass org/apache/logging/log4j/util/BiConsumer
instanceKlass org/apache/logging/log4j/util/PropertySource$Comparator
instanceKlass java/util/LinkedHashMap$LinkedHashIterator
instanceKlass org/apache/logging/log4j/util/LoaderUtil$ThreadContextClassLoaderGetter
instanceKlass org/apache/logging/log4j/util/LoaderUtil
instanceKlass org/apache/logging/log4j/util/PropertiesPropertySource
instanceKlass org/apache/logging/log4j/util/PropertiesUtil$Environment
instanceKlass org/apache/logging/log4j/util/PropertySource
instanceKlass org/apache/logging/log4j/util/PropertiesUtil
instanceKlass org/apache/logging/log4j/util/Constants
instanceKlass org/apache/logging/log4j/message/AbstractMessageFactory
instanceKlass org/apache/logging/log4j/message/ReusableMessageFactory
instanceKlass org/apache/logging/log4j/MarkerManager$Log4jMarker
instanceKlass org/apache/logging/log4j/util/StringBuilderFormattable
instanceKlass org/apache/logging/log4j/Marker
instanceKlass org/apache/logging/log4j/MarkerManager
instanceKlass org/apache/logging/log4j/message/MessageFactory2
instanceKlass org/apache/logging/log4j/LogBuilder
instanceKlass org/apache/logging/log4j/message/Message
instanceKlass org/apache/logging/log4j/spi/AbstractLogger
instanceKlass org/apache/logging/log4j/spi/LocationAwareLogger
instanceKlass org/apache/logging/log4j/spi/ExtendedLogger
instanceKlass org/apache/logging/log4j/message/MessageFactory
instanceKlass org/apache/logging/log4j/spi/LoggerContextFactory
instanceKlass org/apache/logging/log4j/Logger
instanceKlass org/apache/logging/log4j/LogManager
instanceKlass java/util/Hashtable$Enumerator
instanceKlass java/util/Collections$SynchronizedCollection
instanceKlass java/util/Properties$EntrySet
instanceKlass java/util/concurrent/locks/ReentrantReadWriteLock$WriteLock
instanceKlass java/util/concurrent/locks/ReentrantReadWriteLock$ReadLock
instanceKlass java/util/concurrent/locks/ReentrantReadWriteLock
instanceKlass org/apache/commons/logging/Log
instanceKlass java/util/concurrent/locks/ReadWriteLock
instanceKlass org/apache/logging/log4j/spi/AbstractLoggerAdapter
instanceKlass org/apache/logging/log4j/spi/LoggerContextShutdownAware
instanceKlass org/apache/logging/log4j/spi/LoggerAdapter
instanceKlass org/apache/commons/logging/LogFactory$2
instanceKlass sun/net/www/protocol/jar/JarFileFactory
instanceKlass sun/net/www/protocol/jar/URLJarFile$URLJarFileCloseController
instanceKlass java/net/URLClassLoader$2
instanceKlass org/apache/commons/logging/LogFactory$3
instanceKlass sun/net/DefaultProgressMeteringPolicy
instanceKlass sun/net/ProgressMeteringPolicy
instanceKlass sun/net/ProgressMonitor
instanceKlass org/apache/commons/logging/LogFactory$5
instanceKlass java/net/URLClassLoader$3$1
instanceKlass java/net/URLClassLoader$3
instanceKlass org/apache/commons/logging/LogFactory$4
instanceKlass org/apache/commons/logging/impl/WeakHashtable$Referenced
instanceKlass org/apache/commons/logging/LogFactory$1
instanceKlass org/apache/commons/logging/LogFactory$6
instanceKlass org/apache/commons/logging/LogFactory
instanceKlass org/pentaho/reporting/libraries/base/versioning/DependencyInformation
instanceKlass org/pentaho/reporting/libraries/base/config/HierarchicalConfiguration
instanceKlass org/pentaho/reporting/libraries/base/config/ModifiableConfiguration
instanceKlass org/pentaho/reporting/libraries/base/config/ExtendedConfiguration
instanceKlass org/pentaho/reporting/libraries/base/config/Configuration
instanceKlass org/pentaho/reporting/libraries/base/boot/AbstractBoot
instanceKlass org/pentaho/reporting/libraries/base/boot/SubSystem
instanceKlass java/util/prefs/Preferences$1
instanceKlass java/util/prefs/Preferences
instanceKlass org/pentaho/reporting/designer/core/settings/WorkspaceSettings
instanceKlass org/pentaho/reporting/libraries/designtime/swing/settings/LocaleSettings
instanceKlass java/awt/TrayIcon
instanceKlass java/awt/MenuComponent
instanceKlass java/awt/EventQueue$4
instanceKlass sun/awt/dnd/SunDragSourceContextPeer
instanceKlass java/awt/dnd/peer/DragSourceContextPeer
instanceKlass java/awt/ModalEventFilter
instanceKlass java/awt/EventDispatchThread$HierarchyEventFilter
instanceKlass java/awt/EventFilter
instanceKlass java/awt/EventDispatchThread$1
instanceKlass java/awt/Conditional
instanceKlass sun/awt/EventQueueItem
instanceKlass java/awt/EventQueue$6
instanceKlass java/awt/event/InvocationEvent$1
instanceKlass sun/awt/AWTAccessor$InvocationEventAccessor
instanceKlass java/awt/ActiveEvent
instanceKlass java/awt/EventQueue$1AWTInvocationLock
instanceKlass sun/awt/PostEventQueue
instanceKlass sun/awt/MostRecentKeyValue
instanceKlass java/awt/Queue
instanceKlass sun/awt/AppContext$1
instanceKlass sun/awt/AppContext$2
instanceKlass sun/awt/AppContext$3
instanceKlass sun/awt/AppContext$6
instanceKlass jdk/internal/access/JavaAWTAccess
instanceKlass sun/awt/AppContext$GetAppContextLock
instanceKlass sun/awt/AppContext
instanceKlass java/lang/Shutdown$Lock
instanceKlass java/lang/Shutdown
instanceKlass java/lang/ApplicationShutdownHooks$1
instanceKlass java/lang/ApplicationShutdownHooks
instanceKlass java/lang/WeakPairMap$Pair$Lookup
instanceKlass java/lang/WeakPairMap$Pair
instanceKlass java/lang/WeakPairMap
instanceKlass java/lang/Module$ReflectionData
instanceKlass sun/awt/AWTAutoShutdown
instanceKlass sun/awt/util/ThreadGroupUtils
instanceKlass sun/java2d/Disposer$1
instanceKlass sun/java2d/Disposer
instanceKlass sun/awt/windows/WToolkit$ToolkitDisposer
instanceKlass sun/java2d/DisposerRecord
instanceKlass sun/awt/util/PerformanceLogger$TimeData
instanceKlass sun/awt/util/PerformanceLogger
instanceKlass sun/awt/SunToolkit$ModalityListenerList
instanceKlass sun/awt/ModalityListener
instanceKlass java/beans/PropertyChangeListener
instanceKlass java/beans/ChangeListenerMap
instanceKlass java/beans/PropertyChangeSupport
instanceKlass sun/util/logging/PlatformLogger$ConfigurableBridge$LoggerConfiguration
instanceKlass jdk/internal/logger/BootstrapLogger$RedirectedLoggers
instanceKlass javax/swing/event/EventListenerList
instanceKlass sun/awt/windows/WDesktopPeer
instanceKlass java/awt/peer/DesktopPeer
instanceKlass java/awt/Component$DummyRequestFocusController
instanceKlass sun/awt/RequestFocusController
instanceKlass java/awt/Component$1
instanceKlass sun/awt/AWTAccessor$ComponentAccessor
instanceKlass java/awt/font/JavaAWTFontAccessImpl
instanceKlass jdk/internal/access/JavaAWTFontAccess
instanceKlass java/text/AttributedCharacterIterator$Attribute
instanceKlass sun/font/AttributeValues
instanceKlass java/awt/geom/AffineTransform
instanceKlass sun/font/FontAccess
instanceKlass java/awt/Font
instanceKlass sun/awt/windows/WObjectPeer
instanceKlass java/awt/dnd/peer/DropTargetPeer
instanceKlass java/awt/peer/ComponentPeer
instanceKlass java/awt/event/InputEvent$1
instanceKlass sun/awt/AWTAccessor$InputEventAccessor
instanceKlass java/awt/event/NativeLibLoader$1
instanceKlass java/awt/event/NativeLibLoader
instanceKlass java/awt/AWTEvent$1
instanceKlass sun/awt/AWTAccessor$AWTEventAccessor
instanceKlass java/util/EventObject
instanceKlass java/awt/Component$AWTTreeLock
instanceKlass java/awt/Component
instanceKlass java/awt/MenuContainer
instanceKlass java/awt/image/ImageObserver
instanceKlass sun/awt/DisplayChangedListener
instanceKlass java/util/EventListener
instanceKlass sun/awt/image/SurfaceManager
instanceKlass sun/awt/image/SurfaceManager$ImageAccessor
instanceKlass java/awt/ImageCapabilities
instanceKlass java/awt/Image
instanceKlass sun/java2d/DestSurfaceProvider
instanceKlass sun/java2d/loops/RenderCache$Entry
instanceKlass sun/java2d/loops/RenderCache
instanceKlass sun/java2d/pipe/DrawImage
instanceKlass sun/java2d/pipe/GeneralCompositePipe
instanceKlass sun/java2d/pipe/SpanShapeRenderer
instanceKlass sun/java2d/pipe/AlphaPaintPipe
instanceKlass sun/java2d/pipe/AAShapePipe
instanceKlass sun/java2d/pipe/RegionIterator
instanceKlass sun/java2d/pipe/Region
instanceKlass sun/java2d/pipe/SpanClipRenderer
instanceKlass sun/java2d/pipe/PixelToShapeConverter
instanceKlass sun/java2d/pipe/AlphaColorPipe
instanceKlass sun/java2d/pipe/CompositePipe
instanceKlass sun/font/FontUtilities$1
instanceKlass sun/font/FontUtilities
instanceKlass sun/java2d/pipe/GlyphListPipe
instanceKlass sun/java2d/pipe/OutlineTextRenderer
instanceKlass java/lang/invoke/VarForm
instanceKlass java/lang/invoke/VarHandleGuards
instanceKlass jdk/internal/util/Preconditions$1
instanceKlass java/lang/invoke/VarHandle$1
instanceKlass java/lang/ClassValue$Version
instanceKlass java/lang/ClassValue$Identity
instanceKlass java/lang/ClassValue
instanceKlass java/lang/invoke/VarHandles
instanceKlass java/util/concurrent/ConcurrentLinkedQueue$Node
instanceKlass sun/java2d/ReentrantContextProvider
instanceKlass sun/java2d/marlin/FloatMath
instanceKlass sun/java2d/marlin/MarlinProperties
instanceKlass sun/java2d/marlin/MarlinConst
instanceKlass sun/java2d/pipe/RenderingEngine
instanceKlass sun/java2d/pipe/LoopPipe
instanceKlass sun/java2d/pipe/LoopBasedPipe
instanceKlass sun/java2d/pipe/ParallelogramPipe
instanceKlass sun/java2d/pipe/NullPipe
instanceKlass sun/java2d/pipe/DrawImagePipe
instanceKlass sun/java2d/pipe/TextPipe
instanceKlass sun/java2d/pipe/ShapeDrawPipe
instanceKlass sun/java2d/pipe/PixelFillPipe
instanceKlass sun/java2d/pipe/PixelDrawPipe
instanceKlass sun/java2d/StateTrackableDelegate$2
instanceKlass sun/java2d/StateTrackableDelegate
instanceKlass sun/java2d/cmm/ProfileDeferralInfo
instanceKlass java/awt/color/ICC_Profile$BuiltInProfile
instanceKlass java/awt/color/ICC_Profile
instanceKlass java/awt/color/ColorSpace$BuiltInSpace
instanceKlass java/awt/color/ColorSpace
instanceKlass java/awt/image/ColorModel$1
instanceKlass java/awt/image/ColorModel
instanceKlass sun/awt/image/PixelConverter
instanceKlass sun/java2d/loops/SurfaceType
instanceKlass sun/java2d/SurfaceData
instanceKlass sun/java2d/Surface
instanceKlass sun/java2d/StateTrackable
instanceKlass sun/java2d/DisposerTarget
instanceKlass sun/awt/windows/WToolkit$1
instanceKlass jdk/internal/logger/LazyLoggers$LazyLoggerAccessor
instanceKlass jdk/internal/logger/LazyLoggers$LoggerAccessor
instanceKlass jdk/internal/logger/AbstractLoggerWrapper
instanceKlass java/util/ServiceLoader$ProviderImpl
instanceKlass java/util/ServiceLoader$Provider
instanceKlass java/util/ServiceLoader$1
instanceKlass sun/util/logging/internal/LoggingProviderImpl$LogManagerAccess
instanceKlass java/util/concurrent/CopyOnWriteArrayList$COWIterator
instanceKlass jdk/internal/loader/URLClassPath$1
instanceKlass java/lang/CompoundEnumeration
instanceKlass jdk/internal/loader/BuiltinClassLoader$1
instanceKlass java/util/Collections$EmptyEnumeration
instanceKlass java/util/Collections$EmptyIterator
instanceKlass jdk/internal/loader/BuiltinClassLoader$2
instanceKlass java/util/ServiceLoader$3
instanceKlass java/util/ServiceLoader$2
instanceKlass java/util/ServiceLoader$LazyClassPathLookupIterator
instanceKlass java/util/Spliterators$1Adapter
instanceKlass java/util/function/Consumer
instanceKlass sun/reflect/annotation/AnnotationParser
instanceKlass java/lang/Class$3
instanceKlass java/util/EnumMap$1
instanceKlass java/util/stream/StreamOpFlag$MaskBuilder
instanceKlass java/util/stream/Stream
instanceKlass java/util/stream/BaseStream
instanceKlass java/util/stream/PipelineHelper
instanceKlass java/util/stream/StreamSupport
instanceKlass java/util/Spliterators$ArraySpliterator
instanceKlass java/util/Spliterator$OfDouble
instanceKlass java/util/Spliterator$OfLong
instanceKlass java/util/Spliterator$OfInt
instanceKlass java/util/Spliterator$OfPrimitive
instanceKlass java/util/Spliterator
instanceKlass java/util/Spliterators$EmptySpliterator
instanceKlass java/util/Spliterators
instanceKlass java/util/ServiceLoader$ModuleServicesLookupIterator
instanceKlass java/util/ServiceLoader
instanceKlass java/lang/System$LoggerFinder
instanceKlass jdk/internal/logger/BootstrapLogger$DetectBackend$1
instanceKlass jdk/internal/logger/BootstrapLogger$DetectBackend
instanceKlass jdk/internal/logger/BootstrapLogger
instanceKlass sun/util/logging/PlatformLogger$ConfigurableBridge
instanceKlass sun/util/logging/PlatformLogger$Bridge
instanceKlass java/lang/System$Logger
instanceKlass jdk/internal/logger/LazyLoggers$LazyLoggerFactories
instanceKlass jdk/internal/logger/LazyLoggers$1
instanceKlass jdk/internal/logger/LazyLoggers
instanceKlass sun/util/logging/PlatformLogger
instanceKlass java/util/Collections$SynchronizedMap
instanceKlass sun/awt/WeakIdentityHashMap
instanceKlass java/util/concurrent/locks/AbstractQueuedSynchronizer$ConditionObject
instanceKlass java/util/concurrent/locks/Condition
instanceKlass sun/awt/KeyboardFocusManagerPeerProvider
instanceKlass sun/awt/InputMethodSupport
instanceKlass sun/awt/ComponentFactory
instanceKlass sun/awt/PlatformGraphicsInfo
instanceKlass sun/invoke/util/Wrapper$1
instanceKlass java/lang/invoke/InnerClassLambdaMetafactory$1
instanceKlass java/awt/GraphicsEnvironment
instanceKlass java/awt/Insets
instanceKlass java/lang/invoke/LambdaFormEditor$1
instanceKlass java/lang/invoke/MethodHandles$1
instanceKlass java/lang/Long$LongCache
instanceKlass java/lang/invoke/InvokerBytecodeGenerator$ClassData
instanceKlass jdk/internal/org/objectweb/asm/Frame
instanceKlass java/lang/invoke/LambdaFormBuffer
instanceKlass java/lang/invoke/LambdaFormEditor$TransformKey
instanceKlass java/lang/invoke/LambdaFormEditor
instanceKlass java/lang/invoke/DirectMethodHandle$2
instanceKlass java/lang/invoke/ClassSpecializer$Factory
instanceKlass java/lang/invoke/ClassSpecializer$SpeciesData
instanceKlass java/lang/invoke/ClassSpecializer$1
instanceKlass java/lang/invoke/ClassSpecializer
instanceKlass java/lang/invoke/DelegatingMethodHandle$Holder
instanceKlass java/awt/Toolkit$1
instanceKlass java/awt/Toolkit$2
instanceKlass jdk/internal/jimage/ImageLocation
instanceKlass jdk/internal/jimage/decompressor/Decompressor
instanceKlass jdk/internal/jimage/ImageStringsReader
instanceKlass jdk/internal/jimage/ImageStrings
instanceKlass jdk/internal/jimage/ImageHeader
instanceKlass jdk/internal/jimage/NativeImageBuffer$1
instanceKlass jdk/internal/jimage/NativeImageBuffer
instanceKlass jdk/internal/jimage/BasicImageReader$1
instanceKlass jdk/internal/jimage/BasicImageReader
instanceKlass jdk/internal/jimage/ImageReader
instanceKlass jdk/internal/jimage/ImageReaderFactory$1
instanceKlass java/nio/file/FileSystems$DefaultFileSystemHolder$1
instanceKlass java/nio/file/FileSystems$DefaultFileSystemHolder
instanceKlass java/nio/file/FileSystems
instanceKlass java/nio/file/Paths
instanceKlass jdk/internal/jimage/ImageReaderFactory
instanceKlass jdk/internal/module/SystemModuleFinders$SystemImage
instanceKlass jdk/internal/module/SystemModuleFinders$SystemModuleReader
instanceKlass java/lang/module/ModuleReader
instanceKlass jdk/internal/loader/BuiltinClassLoader$5
instanceKlass jdk/internal/module/Checks
instanceKlass jdk/internal/module/Resources
instanceKlass sun/security/util/SecurityConstants
instanceKlass java/util/ResourceBundle$ResourceBundleProviderHelper
instanceKlass java/util/ResourceBundle$3
instanceKlass java/util/ResourceBundle$CacheKeyReference
instanceKlass java/util/ResourceBundle$CacheKey
instanceKlass sun/invoke/empty/Empty
instanceKlass sun/invoke/util/VerifyType
instanceKlass java/lang/invoke/MethodHandles$Lookup$ClassDefiner
instanceKlass jdk/internal/org/objectweb/asm/ClassReader
instanceKlass java/lang/invoke/MethodHandles$Lookup$ClassFile
instanceKlass jdk/internal/org/objectweb/asm/Handler
instanceKlass jdk/internal/org/objectweb/asm/AnnotationVisitor
instanceKlass jdk/internal/org/objectweb/asm/Attribute
instanceKlass jdk/internal/org/objectweb/asm/Label
instanceKlass jdk/internal/org/objectweb/asm/MethodVisitor
instanceKlass jdk/internal/org/objectweb/asm/FieldVisitor
instanceKlass java/lang/invoke/LambdaProxyClassArchive
instanceKlass jdk/internal/org/objectweb/asm/ByteVector
instanceKlass jdk/internal/org/objectweb/asm/Symbol
instanceKlass jdk/internal/org/objectweb/asm/SymbolTable
instanceKlass jdk/internal/org/objectweb/asm/ClassVisitor
instanceKlass java/lang/invoke/InfoFromMemberName
instanceKlass java/lang/invoke/MethodHandleInfo
instanceKlass jdk/internal/org/objectweb/asm/ConstantDynamic
instanceKlass sun/invoke/util/BytecodeDescriptor
instanceKlass jdk/internal/org/objectweb/asm/Handle
instanceKlass sun/security/action/GetBooleanAction
instanceKlass jdk/internal/org/objectweb/asm/Type
instanceKlass java/lang/invoke/AbstractValidatingLambdaMetafactory
instanceKlass java/lang/invoke/MethodHandleImpl$1
instanceKlass jdk/internal/access/JavaLangInvokeAccess
instanceKlass java/lang/invoke/Invokers$Holder
instanceKlass java/lang/invoke/BootstrapMethodInvoker
instanceKlass java/lang/invoke/InvokerBytecodeGenerator$2
instanceKlass java/lang/invoke/InvokerBytecodeGenerator
instanceKlass java/lang/invoke/LambdaForm$Holder
instanceKlass java/lang/invoke/LambdaForm$Name
instanceKlass java/lang/invoke/Invokers
instanceKlass java/lang/invoke/MethodHandleImpl
instanceKlass sun/invoke/util/ValueConversions
instanceKlass java/lang/invoke/DirectMethodHandle$Holder
instanceKlass java/lang/invoke/LambdaForm$NamedFunction
instanceKlass sun/invoke/util/Wrapper$Format
instanceKlass java/lang/invoke/MethodTypeForm
instanceKlass java/lang/invoke/MethodType$ConcurrentWeakInternSet
instanceKlass java/lang/invoke/LambdaMetafactory
instanceKlass sun/util/locale/LocaleObjectCache
instanceKlass java/util/ResourceBundle$Control
instanceKlass java/util/ResourceBundle$1
instanceKlass jdk/internal/access/JavaUtilResourceBundleAccess
instanceKlass java/util/ResourceBundle
instanceKlass java/awt/Toolkit$4
instanceKlass java/awt/Toolkit$3
instanceKlass sun/awt/AWTAccessor$ToolkitAccessor
instanceKlass java/awt/Toolkit
instanceKlass java/awt/EventQueue$3
instanceKlass sun/awt/AWTAccessor
instanceKlass java/awt/EventQueue$2
instanceKlass sun/awt/AWTAccessor$EventQueueAccessor
instanceKlass java/awt/EventQueue$1
instanceKlass java/awt/EventQueue
instanceKlass javax/swing/SwingUtilities
instanceKlass javax/swing/SwingConstants
instanceKlass org/pentaho/reporting/designer/core/ReportDesigner$SetLookAndFeelTask
instanceKlass java/beans/PropertyEditorSupport
instanceKlass com/sun/beans/WeakCache
instanceKlass com/sun/beans/finder/InstanceFinder
instanceKlass java/beans/WeakIdentityMap
instanceKlass java/beans/ThreadGroupContext
instanceKlass java/beans/PropertyEditorManager
instanceKlass org/pentaho/reporting/libraries/designtime/swing/propertyeditors/ColorPropertyEditor
instanceKlass java/beans/PropertyEditor
instanceKlass java/awt/Color
instanceKlass sun/net/NetProperties$1
instanceKlass sun/net/NetProperties
instanceKlass sun/net/spi/DefaultProxySelector$1
instanceKlass java/net/Proxy
instanceKlass org/pentaho/reporting/designer/core/settings/prefs/BinaryPreferencesFactory
instanceKlass java/util/prefs/PreferencesFactory
instanceKlass org/pentaho/reporting/designer/core/util/exceptions/ThrowableHandler
instanceKlass java/awt/Paint
instanceKlass java/awt/Transparency
instanceKlass java/net/ProxySelector
instanceKlass org/pentaho/reporting/designer/core/ReportDesigner
instanceKlass java/io/FilePermissionCollection$1
instanceKlass java/util/function/BiFunction
instanceKlass java/security/Security$2
instanceKlass jdk/internal/access/JavaSecurityPropertiesAccess
instanceKlass java/util/concurrent/ConcurrentHashMap$MapEntry
instanceKlass java/io/FileInputStream$1
instanceKlass java/security/Security$1
instanceKlass java/security/Security
instanceKlass sun/security/util/SecurityProperties
instanceKlass sun/security/util/FilePermCompat
instanceKlass java/io/FilePermission$1
instanceKlass jdk/internal/access/JavaIOFilePermissionAccess
instanceKlass sun/net/www/MessageHeader
instanceKlass java/net/URLConnection
instanceKlass java/util/LinkedList$Node
instanceKlass java/util/TreeMap$PrivateEntryIterator
instanceKlass java/util/TreeMap$Entry
instanceKlass java/util/NavigableMap
instanceKlass java/util/SortedMap
instanceKlass java/util/NavigableSet
instanceKlass java/util/SortedSet
instanceKlass java/net/URLClassLoader$1
instanceKlass org/pentaho/commons/launcher/filter/JarFilter
instanceKlass java/util/ArrayList$Itr
instanceKlass java/util/Collections$UnmodifiableMap$UnmodifiableEntrySet$1
instanceKlass java/util/Collections$3
instanceKlass org/pentaho/commons/launcher/property/EnvironmentPropertyGetter
instanceKlass org/pentaho/commons/launcher/property/PropertyLookupParser
instanceKlass java/util/StringTokenizer
instanceKlass org/pentaho/commons/launcher/util/StringUtil
instanceKlass org/pentaho/commons/launcher/property/PropertyGetter
instanceKlass org/pentaho/commons/launcher/config/Configuration
instanceKlass java/nio/charset/CoderResult
instanceKlass java/util/Properties$LineReader
instanceKlass java/net/URI$Parser
instanceKlass java/io/FileFilter
instanceKlass org/pentaho/commons/launcher/util/FileUtil
instanceKlass org/pentaho/commons/launcher/config/Parameters
instanceKlass java/lang/Void
instanceKlass java/lang/PublicMethods$Key
instanceKlass java/lang/PublicMethods$MethodList
instanceKlass java/io/Reader
instanceKlass java/lang/Readable
instanceKlass org/pentaho/commons/launcher/Launcher
instanceKlass java/security/SecureClassLoader$DebugHolder
instanceKlass java/security/PermissionCollection
instanceKlass java/security/SecureClassLoader$1
instanceKlass java/security/SecureClassLoader$CodeSourceKey
instanceKlass java/util/zip/Checksum$1
instanceKlass java/util/zip/CRC32
instanceKlass java/util/zip/Checksum
instanceKlass sun/nio/ByteBuffered
instanceKlass java/lang/Package$VersionInfo
instanceKlass java/lang/NamedPackage
instanceKlass jdk/internal/loader/Resource
instanceKlass jdk/internal/util/jar/JarIndex
instanceKlass jdk/internal/loader/FileURLMapper
instanceKlass jdk/internal/loader/URLClassPath$JarLoader$1
instanceKlass jdk/internal/loader/URLClassPath$Loader
instanceKlass jdk/internal/loader/URLClassPath$3
instanceKlass java/security/PrivilegedExceptionAction
instanceKlass sun/net/util/URLUtil
instanceKlass java/io/RandomAccessFile$1
instanceKlass java/util/jar/Attributes$Name
instanceKlass java/util/jar/Attributes
instanceKlass java/security/CodeSigner
instanceKlass java/util/jar/JarVerifier
instanceKlass sun/security/action/GetIntegerAction
instanceKlass sun/security/util/Debug
instanceKlass sun/security/util/SignatureFileVerifier
instanceKlass java/util/zip/ZipFile$InflaterCleanupAction
instanceKlass java/util/zip/Inflater$InflaterZStreamRef
instanceKlass java/util/zip/Inflater
instanceKlass java/util/zip/ZipEntry
instanceKlass java/nio/Bits$1
instanceKlass jdk/internal/misc/VM$BufferPool
instanceKlass java/nio/Bits
instanceKlass sun/nio/ch/DirectBuffer
instanceKlass jdk/internal/perf/PerfCounter$CoreCounters
instanceKlass jdk/internal/perf/Perf
instanceKlass jdk/internal/perf/Perf$GetPerfAction
instanceKlass jdk/internal/perf/PerfCounter
instanceKlass java/nio/file/attribute/FileTime
instanceKlass java/util/zip/ZipUtils
instanceKlass java/util/zip/ZipFile$Source$End
instanceKlass java/io/RandomAccessFile$2
instanceKlass jdk/internal/access/JavaIORandomAccessFileAccess
instanceKlass java/io/RandomAccessFile
instanceKlass java/io/DataInput
instanceKlass java/io/DataOutput
instanceKlass sun/nio/fs/WindowsNativeDispatcher$CompletionStatus
instanceKlass sun/nio/fs/WindowsNativeDispatcher$AclInformation
instanceKlass sun/nio/fs/WindowsNativeDispatcher$Account
instanceKlass sun/nio/fs/WindowsNativeDispatcher$DiskFreeSpace
instanceKlass sun/nio/fs/WindowsNativeDispatcher$VolumeInformation
instanceKlass sun/nio/fs/WindowsNativeDispatcher$FirstStream
instanceKlass sun/nio/fs/WindowsNativeDispatcher$FirstFile
instanceKlass java/util/Enumeration
instanceKlass java/util/concurrent/ConcurrentHashMap$Traverser
instanceKlass java/util/concurrent/ConcurrentHashMap$CollectionView
instanceKlass jdk/internal/loader/NativeLibraries$NativeLibraryImpl
instanceKlass jdk/internal/loader/NativeLibrary
instanceKlass java/util/ArrayDeque$DeqIterator
instanceKlass jdk/internal/loader/NativeLibraries$1
instanceKlass jdk/internal/loader/NativeLibraries$LibraryPaths
instanceKlass sun/nio/fs/WindowsNativeDispatcher
instanceKlass sun/nio/fs/NativeBuffer$Deallocator
instanceKlass sun/nio/fs/NativeBuffer
instanceKlass java/lang/ThreadLocal$ThreadLocalMap
instanceKlass sun/nio/fs/NativeBuffers
instanceKlass sun/nio/fs/WindowsFileAttributes
instanceKlass java/nio/file/attribute/DosFileAttributes
instanceKlass sun/nio/fs/AbstractBasicFileAttributeView
instanceKlass sun/nio/fs/DynamicFileAttributeView
instanceKlass sun/nio/fs/WindowsFileAttributeViews
instanceKlass sun/nio/fs/Util
instanceKlass java/nio/file/attribute/BasicFileAttributeView
instanceKlass java/nio/file/attribute/FileAttributeView
instanceKlass java/nio/file/attribute/AttributeView
instanceKlass java/nio/file/Files
instanceKlass java/nio/file/CopyOption
instanceKlass java/nio/file/attribute/BasicFileAttributes
instanceKlass sun/nio/fs/WindowsPath
instanceKlass java/nio/file/Path
instanceKlass java/nio/file/Watchable
instanceKlass java/util/zip/ZipFile$Source$Key
instanceKlass sun/nio/fs/WindowsPathParser$Result
instanceKlass sun/nio/fs/WindowsPathParser
instanceKlass java/util/Collections$UnmodifiableCollection
instanceKlass java/util/Arrays$ArrayItr
instanceKlass java/nio/file/FileSystem
instanceKlass java/nio/file/OpenOption
instanceKlass java/nio/file/spi/FileSystemProvider
instanceKlass sun/nio/fs/DefaultFileSystemProvider
instanceKlass java/util/zip/ZipFile$Source
instanceKlass java/lang/ref/Cleaner$Cleanable
instanceKlass jdk/internal/ref/CleanerImpl
instanceKlass java/lang/ref/Cleaner$1
instanceKlass java/lang/ref/Cleaner
instanceKlass jdk/internal/ref/CleanerFactory$1
instanceKlass java/util/concurrent/ThreadFactory
instanceKlass jdk/internal/ref/CleanerFactory
instanceKlass java/util/zip/ZipCoder
instanceKlass java/util/zip/ZipFile$CleanableResource
instanceKlass java/lang/Runtime$Version
instanceKlass java/util/jar/JavaUtilJarAccessImpl
instanceKlass jdk/internal/access/JavaUtilJarAccess
instanceKlass java/util/zip/ZipFile$1
instanceKlass jdk/internal/access/JavaUtilZipFileAccess
instanceKlass java/util/zip/ZipFile
instanceKlass java/util/zip/ZipConstants
instanceKlass java/lang/StringCoding
instanceKlass sun/nio/cs/ArrayDecoder
instanceKlass java/nio/charset/CharsetDecoder
instanceKlass sun/launcher/LauncherHelper
instanceKlass jdk/internal/vm/PostVMInitHook$1
instanceKlass jdk/internal/util/EnvUtils
instanceKlass jdk/internal/vm/PostVMInitHook$2
instanceKlass sun/util/locale/LocaleUtils
instanceKlass sun/util/locale/BaseLocale
instanceKlass java/util/Locale
instanceKlass jdk/internal/vm/PostVMInitHook
instanceKlass java/lang/reflect/Array
instanceKlass java/lang/invoke/StringConcatFactory$3
instanceKlass java/lang/invoke/StringConcatFactory$2
instanceKlass java/lang/invoke/StringConcatFactory$1
instanceKlass java/lang/invoke/StringConcatFactory
instanceKlass java/lang/ModuleLayer$Controller
instanceKlass java/util/concurrent/CopyOnWriteArrayList
instanceKlass jdk/internal/module/ServicesCatalog$ServiceProvider
instanceKlass jdk/internal/loader/AbstractClassLoaderValue$Memoizer
instanceKlass java/util/ImmutableCollections$ListItr
instanceKlass java/util/ListIterator
instanceKlass java/lang/ModuleLayer
instanceKlass jdk/internal/module/ModuleLoaderMap$Modules
instanceKlass jdk/internal/module/ModuleLoaderMap$Mapper
instanceKlass java/util/function/Function
instanceKlass jdk/internal/module/ModuleLoaderMap
instanceKlass java/util/ImmutableCollections$Set12$1
instanceKlass java/util/AbstractMap$1$1
instanceKlass java/lang/module/ResolvedModule
instanceKlass java/lang/module/Configuration
instanceKlass java/util/ImmutableCollections$SetN$SetNIterator
instanceKlass jdk/internal/loader/BuiltinClassLoader$LoadedModule
instanceKlass jdk/internal/loader/AbstractClassLoaderValue
instanceKlass jdk/internal/module/ServicesCatalog
instanceKlass jdk/internal/util/Preconditions
instanceKlass sun/net/util/IPAddressUtil
instanceKlass java/net/URLStreamHandler
instanceKlass java/util/HexFormat
instanceKlass sun/net/www/ParseUtil
instanceKlass java/net/URL$3
instanceKlass jdk/internal/access/JavaNetURLAccess
instanceKlass java/net/URL$DefaultFactory
instanceKlass java/net/URLStreamHandlerFactory
instanceKlass jdk/internal/loader/URLClassPath
instanceKlass java/security/Principal
instanceKlass java/security/ProtectionDomain$Key
instanceKlass java/security/ProtectionDomain$JavaSecurityAccessImpl
instanceKlass jdk/internal/access/JavaSecurityAccess
instanceKlass java/lang/ClassLoader$ParallelLoaders
instanceKlass java/security/cert/Certificate
instanceKlass jdk/internal/loader/ArchivedClassLoaders
instanceKlass java/util/Deque
instanceKlass java/util/Queue
instanceKlass jdk/internal/loader/ClassLoaderHelper
instanceKlass jdk/internal/loader/NativeLibraries
instanceKlass jdk/internal/loader/BootLoader
instanceKlass java/util/Optional
instanceKlass jdk/internal/module/SystemModuleFinders$SystemModuleFinder
instanceKlass java/lang/module/ModuleFinder
instanceKlass jdk/internal/module/SystemModuleFinders$3
instanceKlass jdk/internal/module/ModuleHashes$HashSupplier
instanceKlass jdk/internal/module/SystemModuleFinders$2
instanceKlass java/util/function/Supplier
instanceKlass java/lang/module/ModuleReference
instanceKlass jdk/internal/module/ModuleResolution
instanceKlass java/util/Collections$UnmodifiableMap
instanceKlass jdk/internal/module/ModuleHashes$Builder
instanceKlass jdk/internal/module/ModuleHashes
instanceKlass jdk/internal/module/ModuleTarget
instanceKlass java/lang/Enum
instanceKlass java/lang/module/ModuleDescriptor$Version
instanceKlass java/lang/module/ModuleDescriptor$Provides
instanceKlass java/lang/module/ModuleDescriptor$Opens
instanceKlass java/lang/module/ModuleDescriptor$Exports
instanceKlass java/lang/module/ModuleDescriptor$Requires
instanceKlass jdk/internal/module/Builder
instanceKlass jdk/internal/module/SystemModules$default
instanceKlass jdk/internal/module/SystemModules
instanceKlass jdk/internal/module/SystemModulesMap
instanceKlass java/net/URI$1
instanceKlass jdk/internal/access/JavaNetUriAccess
instanceKlass java/net/URI
instanceKlass jdk/internal/module/SystemModuleFinders
instanceKlass jdk/internal/module/ArchivedModuleGraph
instanceKlass jdk/internal/module/ArchivedBootLayer
instanceKlass jdk/internal/module/ModuleBootstrap$Counters
instanceKlass jdk/internal/module/ModulePatcher
instanceKlass java/io/FileSystem
instanceKlass java/io/DefaultFileSystem
instanceKlass java/io/File
instanceKlass java/lang/module/ModuleDescriptor$1
instanceKlass jdk/internal/access/JavaLangModuleAccess
instanceKlass sun/invoke/util/VerifyAccess
instanceKlass java/lang/module/ModuleDescriptor
instanceKlass jdk/internal/module/ModuleBootstrap
instanceKlass java/lang/invoke/MethodHandleStatics
instanceKlass java/util/Collections
instanceKlass sun/io/Win32ErrorMode
instanceKlass jdk/internal/misc/OSEnvironment
instanceKlass jdk/internal/misc/Signal$NativeHandler
instanceKlass java/util/Hashtable$Entry
instanceKlass jdk/internal/misc/Signal
instanceKlass java/lang/Terminator$1
instanceKlass jdk/internal/misc/Signal$Handler
instanceKlass java/lang/Terminator
instanceKlass java/nio/ByteOrder
instanceKlass java/nio/Buffer$1
instanceKlass jdk/internal/access/JavaNioAccess
instanceKlass jdk/internal/misc/ScopedMemoryAccess
instanceKlass java/nio/charset/CodingErrorAction
instanceKlass sun/nio/cs/SingleByte
instanceKlass java/lang/StringUTF16
instanceKlass sun/nio/cs/MS1252$Holder
instanceKlass sun/nio/cs/ArrayEncoder
instanceKlass java/nio/charset/CharsetEncoder
instanceKlass java/lang/reflect/Modifier
instanceKlass java/lang/Class$1
instanceKlass java/lang/Class$Atomic
instanceKlass java/lang/Class$ReflectionData
instanceKlass jdk/internal/util/ArraysSupport
instanceKlass java/nio/charset/StandardCharsets
instanceKlass sun/nio/cs/HistoricallyNamedCharset
instanceKlass sun/security/action/GetPropertyAction
instanceKlass java/lang/ThreadLocal
instanceKlass java/nio/charset/spi/CharsetProvider
instanceKlass java/nio/charset/Charset
instanceKlass java/io/Writer
instanceKlass java/io/OutputStream
instanceKlass java/io/Flushable
instanceKlass java/io/FileDescriptor$1
instanceKlass jdk/internal/access/JavaIOFileDescriptorAccess
instanceKlass java/io/FileDescriptor
instanceKlass jdk/internal/util/StaticProperty
instanceKlass java/util/HashMap$HashIterator
instanceKlass java/lang/Integer$IntegerCache
instanceKlass java/lang/CharacterData
instanceKlass java/util/Arrays
instanceKlass java/lang/VersionProps
instanceKlass java/lang/StringConcatHelper
instanceKlass jdk/internal/misc/VM
instanceKlass jdk/internal/util/SystemProps$Raw
instanceKlass jdk/internal/util/SystemProps
instanceKlass java/lang/System$2
instanceKlass jdk/internal/access/JavaLangAccess
instanceKlass java/lang/ref/Reference$1
instanceKlass jdk/internal/access/JavaLangRefAccess
instanceKlass java/lang/ref/ReferenceQueue$Lock
instanceKlass java/lang/ref/ReferenceQueue
instanceKlass jdk/internal/reflect/ReflectionFactory
instanceKlass jdk/internal/reflect/ReflectionFactory$GetReflectionFactoryAction
instanceKlass java/security/PrivilegedAction
instanceKlass java/util/concurrent/locks/LockSupport
instanceKlass java/util/concurrent/ConcurrentHashMap$Node
instanceKlass java/util/concurrent/ConcurrentHashMap$CounterCell
instanceKlass java/util/concurrent/locks/ReentrantLock
instanceKlass java/util/concurrent/locks/Lock
instanceKlass java/lang/Runtime
instanceKlass java/util/HashMap$Node
instanceKlass java/util/KeyValueHolder
instanceKlass java/util/Map$Entry
instanceKlass java/util/ImmutableCollections$MapN$MapNIterator
instanceKlass java/lang/Math
instanceKlass jdk/internal/reflect/Reflection
instanceKlass java/lang/invoke/MethodHandles$Lookup
instanceKlass java/lang/StringLatin1
instanceKlass java/security/Permission
instanceKlass java/security/Guard
instanceKlass java/lang/invoke/MemberName$Factory
instanceKlass java/lang/invoke/MethodHandles
instanceKlass jdk/internal/access/SharedSecrets
instanceKlass java/lang/reflect/ReflectAccess
instanceKlass jdk/internal/access/JavaLangReflectAccess
instanceKlass java/util/ImmutableCollections
instanceKlass java/util/Objects
instanceKlass java/util/Set
instanceKlass jdk/internal/misc/CDS
instanceKlass java/lang/Module$ArchivedData
instanceKlass java/lang/String$CaseInsensitiveComparator
instanceKlass java/util/Comparator
instanceKlass java/io/ObjectStreamField
instanceKlass jdk/internal/vm/vector/VectorSupport$VectorPayload
instanceKlass jdk/internal/vm/vector/VectorSupport
instanceKlass java/lang/reflect/RecordComponent
instanceKlass java/util/Iterator
instanceKlass java/lang/Number
instanceKlass java/lang/Character
instanceKlass java/lang/Boolean
instanceKlass java/util/concurrent/locks/AbstractOwnableSynchronizer
instanceKlass java/lang/LiveStackFrame
instanceKlass java/lang/StackFrameInfo
instanceKlass java/lang/StackWalker$StackFrame
instanceKlass java/lang/StackStreamFactory$AbstractStackWalker
instanceKlass java/lang/StackWalker
instanceKlass java/nio/Buffer
instanceKlass java/lang/StackTraceElement
instanceKlass java/util/RandomAccess
instanceKlass java/util/List
instanceKlass java/util/AbstractCollection
instanceKlass java/util/Collection
instanceKlass java/lang/Iterable
instanceKlass java/util/concurrent/ConcurrentMap
instanceKlass java/util/AbstractMap
instanceKlass java/security/CodeSource
instanceKlass jdk/internal/loader/ClassLoaders
instanceKlass java/util/jar/Manifest
instanceKlass java/net/URL
instanceKlass java/io/InputStream
instanceKlass java/io/Closeable
instanceKlass java/lang/AutoCloseable
instanceKlass jdk/internal/module/Modules
instanceKlass jdk/internal/misc/Unsafe
instanceKlass jdk/internal/misc/UnsafeConstants
instanceKlass java/lang/AbstractStringBuilder
instanceKlass java/lang/Appendable
instanceKlass java/lang/AssertionStatusDirectives
instanceKlass java/lang/invoke/MethodHandleNatives$CallSiteContext
instanceKlass jdk/internal/invoke/NativeEntryPoint
instanceKlass java/lang/invoke/CallSite
instanceKlass java/lang/invoke/MethodType
instanceKlass java/lang/invoke/TypeDescriptor$OfMethod
instanceKlass java/lang/invoke/LambdaForm
instanceKlass java/lang/invoke/MethodHandleNatives
instanceKlass java/lang/invoke/ResolvedMethodName
instanceKlass java/lang/invoke/MemberName
instanceKlass java/lang/invoke/VarHandle
instanceKlass java/lang/invoke/MethodHandle
instanceKlass jdk/internal/reflect/CallerSensitive
instanceKlass java/lang/annotation/Annotation
instanceKlass jdk/internal/reflect/FieldAccessor
instanceKlass jdk/internal/reflect/ConstantPool
instanceKlass jdk/internal/reflect/ConstructorAccessor
instanceKlass jdk/internal/reflect/MethodAccessor
instanceKlass jdk/internal/reflect/MagicAccessorImpl
instanceKlass java/lang/reflect/Parameter
instanceKlass java/lang/reflect/Member
instanceKlass java/lang/reflect/AccessibleObject
instanceKlass java/lang/Module
instanceKlass java/util/Map
instanceKlass java/util/Dictionary
instanceKlass java/lang/ThreadGroup
instanceKlass java/lang/Thread$UncaughtExceptionHandler
instanceKlass java/lang/Thread
instanceKlass java/lang/Runnable
instanceKlass java/lang/ref/Reference
instanceKlass java/lang/Record
instanceKlass java/security/AccessController
instanceKlass java/security/AccessControlContext
instanceKlass java/security/ProtectionDomain
instanceKlass java/lang/SecurityManager
instanceKlass java/lang/Throwable
instanceKlass java/lang/System
instanceKlass java/lang/ClassLoader
instanceKlass java/lang/Cloneable
instanceKlass java/lang/Class
instanceKlass java/lang/invoke/TypeDescriptor$OfField
instanceKlass java/lang/invoke/TypeDescriptor
instanceKlass java/lang/reflect/Type
instanceKlass java/lang/reflect/GenericDeclaration
instanceKlass java/lang/reflect/AnnotatedElement
instanceKlass java/lang/String
instanceKlass java/lang/constant/ConstantDesc
instanceKlass java/lang/constant/Constable
instanceKlass java/lang/CharSequence
instanceKlass java/lang/Comparable
instanceKlass java/io/Serializable
ciInstanceKlass java/lang/Object 1 1 92 7 1 10 12 1 1 10 7 12 1 1 1 10 7 12 1 1 1 10 12 1 1 8 1 10 12 1 1 10 7 12 1 1 1 10 12 1 10 12 1 1 100 1 8 1 10 12 1 3 8 1 100 1 5 0 1 1 1 1 1 1 1 1 1 1 1 1 1 1 1 1 7 1 1 1 7 1 1 1 1 1 1 1 7 1 1 1 1 1 1 1
ciMethod java/lang/Object equals (Ljava/lang/Object;)Z 518 0 35570 0 -1
ciMethod java/lang/Object hashCode ()I 768 0 384 0 -1
ciInstanceKlass java/lang/Class 1 1 1611 10 7 12 1 1 1 9 7 12 1 1 1 9 12 1 1 7 1 10 10 12 1 1 8 1 10 12 1 8 1 8 1 10 12 1 1 10 12 1 1 10 12 1 10 10 12 1 10 12 1 1 10 12 1 1 10 7 12 1 1 10 12 1 10 12 1 10 12 1 8 1 10 12 1 8 1 10 12 1 8 1 8 1 10 12 1 1 10 7 12 1 1 1 18 12 1 1 11 7 12 1 1 1 8 1 8 1 8 1 10 7 12 1 1 1 11 12 1 1 7 1 8 1 10 12 1 11 7 12 1 1 1 10 12 1 1 11 8 1 18 8 1 10 12 1 10 7 12 1 1 10 7 12 1 1 1 10 12 1 1 10 7 12 1 1 1 9 100 12 1 1 1 10 100 12 1 1 1 10 7 12 1 1 1 10 12 1 1 18 12 1 1 10 7 12 1 1 1 10 7 12 1 1 10 12 1 1 10 7 1 100 1 10 12 1 1 9 12 1 1 100 1 8 1 10 12 1 10 12 1 1 10 12 1 1 10 7 12 1 1 1 7 1 10 12 1 7 1 100 1 10 10 12 1 1 10 12 1 1 100 1 10 100 12 1 1 1 10 12 1 1 10 12 1 1 9 12 1 1 10 12 1 10 12 1 10 12 1 1 9 12 1 1 9 12 1 1 10 12 1 1 10 7 1 10 12 1 10 12 1 10 12 1 1 10 9 12 1 10 12 1 8 1 10 12 1 1 10 12 1 1 10 12 1 10 12 1 1 10 12 1 1 10 12 1 1 9 7 12 1 1 1 10 7 12 1 1 10 12 10 12 1 10 12 1 1 10 100 12 1 1 10 12 1 10 12 1 1 10 100 12 1 1 1 10 12 1 10 12 1 1 10 12 1 10 12 1 10 12 1 1 10 7 1 10 10 10 12 1 1 10 12 1 1 10 12 10 12 1 1 100 1 8 1 10 10 12 1 1 10 12 1 100 1 11 12 1 10 100 12 1 1 10 12 1 10 12 1 10 100 12 1 1 10 10 12 1 1 8 1 10 12 1 10 12 1 1 8 1 9 12 1 10 12 1 10 12 1 10 12 1 10 12 100 1 9 12 1 10 12 1 9 12 1 10 12 1 10 12 1 10 12 1 10 10 12 1 10 12 1 10 12 1 10 12 1 10 12 1 10 12 1 100 1 10 12 1 10 12 1 1 10 12 1 1 10 12 1 1 10 12 1 1 10 12 1 1 10 12 1 1 7 1 10 10 12 1 1 10 12 1 1 10 12 1 1 10 10 12 1 10 12 1 1 10 12 1 1 10 12 1 1 10 12 1 1 7 1 10 10 12 11 100 12 1 1 10 12 1 1 10 12 1 10 7 12 1 1 1 10 12 1 1 10 10 12 1 1 100 1 10 10 12 1 1 10 100 12 1 1 1 100 1 100 1 10 12 1 1 10 12 1 10 10 12 1 1 10 12 1 10 12 1 10 12 1 10 100 12 1 1 1 11 7 12 1 1 10 12 1 10 12 1 9 12 1 10 12 1 1 10 12 1 9 12 1 1 100 1 10 9 12 1 1 10 12 100 1 10 12 1 9 12 1 10 100 12 1 1 1 10 12 1 10 12 1 10 100 12 1 1 1 10 12 1 10 12 10 12 1 1 100 1 10 8 1 10 12 1 11 11 12 1 1 11 7 12 1 1 11 12 1 8 1 10 12 1 10 12 1 1 9 12 1 9 12 1 1 10 7 12 1 1 9 12 1 10 12 1 1 10 10 12 1 10 7 12 1 1 1 10 7 12 1 1 10 7 12 1 1 9 12 1 1 10 12 1 9 12 1 10 12 1 10 12 1 1 9 12 1 1 9 12 1 10 12 1 10 12 1 1 9 12 1 7 1 10 10 12 1 1 7 1 10 12 1 1 7 11 7 1 9 12 1 1 9 12 1 100 1 10 12 1 9 12 1 1 9 12 1 10 12 1 10 12 1 1 9 12 1 7 1 10 10 12 1 1 10 10 12 1 1 10 12 10 10 12 1 9 12 1 10 12 1 1 10 7 12 1 1 1 10 12 1 1 10 12 1 8 10 7 8 1 18 8 1 8 1 10 12 1 9 12 1 9 12 1 1 10 12 1 7 1 7 1 10 12 1 9 12 1 1 7 1 10 10 12 1 10 7 1 9 12 1 8 1 10 12 1 7 1 10 12 1 10 12 1 1 9 12 1 100 1 8 1 10 7 1 4 10 10 12 11 7 12 1 1 1 10 12 1 100 1 10 12 1 1 10 8 1 8 1 10 12 1 1 9 7 12 1 1 11 12 7 1 11 7 12 1 1 9 12 1 10 100 12 1 1 1 10 7 12 1 1 10 12 1 1 9 12 1 9 10 12 1 1 10 12 1 1 10 12 1 1 10 12 1 1 10 12 1 1 11 12 1 7 1 11 12 1 10 7 12 1 1 1 10 12 1 100 1 11 12 1 10 100 12 1 1 1 10 12 1 10 11 12 1 11 12 1 1 10 12 1 10 12 1 1 9 12 1 1 9 100 12 1 1 10 12 1 10 100 12 1 1 1 10 12 1 1 10 12 1 10 12 1 10 12 1 10 7 12 1 1 1 10 12 1 8 1 10 12 1 10 12 1 10 12 1 10 100 12 1 1 1 11 100 12 1 1 1 10 12 1 1 10 12 1 18 12 1 1 11 12 1 1 18 11 12 1 18 12 1 11 12 1 10 12 1 1 10 12 1 10 12 1 10 12 10 12 1 8 1 10 12 1 7 1 9 12 1 1 100 1 100 1 100 1 100 1 100 1 1 1 3 1 3 1 3 1 1 1 1 1 1 1 5 0 1 1 1 1 1 1 1 1 1 1 1 1 1 1 1 1 1 1 1 1 1 1 1 100 1 1 1 1 1 1 1 100 1 1 1 1 1 1 100 1 1 1 1 1 1 1 1 1 1 1 1 1 1 1 1 1 1 1 1 1 1 1 1 1 1 1 1 1 1 1 1 1 1 1 1 1 1 100 1 1 1 1 1 1 1 1 1 1 1 1 1 1 1 1 1 1 1 1 1 1 1 1 1 1 1 1 100 1 1 1 1 1 1 1 1 1 1 1 1 1 1 1 1 1 1 1 1 1 1 1 1 1 1 1 1 1 1 1 1 1 1 1 1 1 1 1 1 1 1 1 1 1 1 1 1 1 1 1 1 1 100 1 100 1 1 1 1 1 1 1 1 1 1 1 1 1 1 1 1 1 1 1 1 1 1 1 1 1 1 1 1 1 1 1 1 1 1 1 1 1 1 1 1 1 1 1 1 1 1 1 1 1 1 1 1 1 1 1 1 1 1 1 1 1 1 1 100 1 1 1 1 1 1 1 1 1 1 1 1 1 1 1 1 1 1 1 1 1 1 1 1 1 1 1 1 1 1 1 1 1 1 1 1 1 1 1 1 1 1 1 1 1 1 1 1 1 1 1 1 1 1 1 1 1 1 1 1 1 1 1 1 1 1 1 1 15 10 7 12 1 1 1 16 15 10 12 16 15 11 12 16 1 16 15 16 15 10 12 16 16 15 10 12 16 15 16 1 15 10 12 16 1 1 1 1 1 1 1 1 100 1 1 100 1 100 1 1 100 1 100 1 1
staticfield java/lang/Class EMPTY_CLASS_ARRAY [Ljava/lang/Class; 0 [Ljava/lang/Class;
staticfield java/lang/Class serialPersistentFields [Ljava/io/ObjectStreamField; 0 [Ljava/io/ObjectStreamField;
ciInstanceKlass java/io/Serializable 1 0 7 100 1 100 1 1 1
instanceKlass jdk/internal/vm/vector/VectorSupport$VectorShuffle
instanceKlass jdk/internal/vm/vector/VectorSupport$VectorMask
instanceKlass jdk/internal/vm/vector/VectorSupport$Vector
ciInstanceKlass jdk/internal/vm/vector/VectorSupport$VectorPayload 0 0 32 10 100 12 1 1 1 9 100 12 1 1 1 10 100 12 1 1 1 1 1 1 1 1 1 1 1 1 1 1 1 1
ciInstanceKlass jdk/internal/vm/vector/VectorSupport$VectorShuffle 0 0 28 10 100 12 1 1 1 100 1 1 1 1 1 1 1 1 1 1 1 1 1 1 1 100 1 1 1 1
ciInstanceKlass jdk/internal/vm/vector/VectorSupport$VectorMask 0 0 28 10 100 12 1 1 1 100 1 1 1 1 1 1 1 1 1 1 1 1 1 1 1 100 1 1 1 1
ciInstanceKlass jdk/internal/vm/vector/VectorSupport$Vector 0 0 28 10 100 12 1 1 1 100 1 1 1 1 1 1 1 1 1 1 1 1 1 1 1 100 1 1 1 1
ciInstanceKlass jdk/internal/vm/vector/VectorSupport 0 0 487 100 1 10 100 12 1 1 1 9 12 1 1 10 12 1 1 100 1 10 12 1 11 100 12 1 1 1 11 100 12 1 1 1 11 100 12 1 1 11 100 12 1 1 1 11 100 1 100 1 10 12 1 1 11 100 12 1 1 11 100 12 1 1 100 1 11 100 12 1 1 11 100 12 1 1 11 100 12 1 1 1 11 100 12 1 1 1 11 100 12 1 1 1 11 100 12 1 1 1 100 1 10 12 1 1 11 100 12 1 1 100 1 11 100 12 1 1 11 100 12 1 1 11 100 12 1 1 11 100 1 100 1 9 12 1 1 10 100 12 1 1 11 100 12 1 1 10 12 1 1 10 100 12 1 1 1 10 12 1 10 12 1 1 10 12 1 1 1 1 1 3 1 3 1 3 1 3 1 3 1 3 1 3 1 3 1 3 1 3 1 3 1 3 1 3 1 3 1 3 1 3 1 3 1 3 1 3 1 3 1 3 1 3 1 3 1 3 1 3 1 3 1 3 1 3 1 3 1 3 1 3 1 3 1 3 1 3 1 3 1 3 1 3 1 3 1 3 1 1 1 1 1 3 1 1 1 1 1 1 3 1 1 1 1 1 1 1 1 1 1 1 1 1 1 1 1 1 1 1 1 1 1 1 1 1 1 1 1 1 1 1 1 1 1 1 1 1 1 1 1 1 1 1 1 1 1 1 1 1 1 1 1 1 1 1 1 1 1 1 1 1 1 1 1 1 1 1 1 1 1 1 1 1 1 1 1 1 1 1 1 1 1 1 1 1 1 1 1 1 1 1 1 1 1 1 1 1 1 1 1 1 1 1 1 1 1 1 1 1 1 1 1 1 1 1 1 1 1 1 1 1 1 1 1 1 1 1 1 1 1 1 1 1 1 1 1 1 1 1 1 1 1 1 1 1 1 1 1 1 1 1 1 1 1 1 1 1 1 1 1 1 1 1 1 1 1 1 1 1 1 1 1 1 1 1 1 1 1 1 1 1 1 1 1 1 1 1 1 1 1 1 1 1 1 1 1 1 1 1 100 1 100 1 1 1 1 1 1 1 1 1 1 1 1 1 1 1 1 1 1 1 1 1 1 1 1
ciInstanceKlass java/lang/reflect/RecordComponent 0 0 196 10 100 12 1 1 1 9 100 12 1 1 1 9 12 1 1 9 12 1 10 12 1 1 10 12 1 1 10 100 12 1 1 1 10 12 1 1 9 12 1 1 10 12 1 1 10 12 1 1 10 12 1 10 100 12 1 1 10 100 12 1 1 9 12 1 1 10 100 12 1 1 1 11 100 12 1 1 1 10 9 100 12 1 1 1 10 100 12 1 1 1 9 12 1 1 10 100 12 1 1 1 10 12 1 1 11 100 12 1 1 10 100 12 1 1 100 1 9 12 1 9 12 1 1 9 12 1 10 100 12 1 1 1 10 12 1 1 10 12 1 1 100 1 10 10 12 1 10 12 1 1 8 1 10 12 1 10 12 1 9 12 1 100 1 1 1 1 1 1 1 1 1 1 1 1 1 1 1 1 1 1 1 1 1 1 100 1 1 1 1 1 1 100 1 1
ciInstanceKlass java/util/Iterator 1 1 53 100 1 8 1 10 12 1 1 10 100 12 1 1 1 11 100 12 1 1 1 11 12 1 1 11 100 12 1 1 1 100 1 1 1 1 1 1 1 1 1 1 1 1 1 1 1 1 1 1 1 1 1
ciInstanceKlass java/lang/System 1 1 803 10 100 12 1 1 1 9 7 12 1 1 1 10 12 1 10 12 1 1 10 12 1 1 10 12 1 9 12 1 1 10 7 12 1 1 1 11 100 12 1 1 1 10 100 12 1 1 1 10 12 1 1 10 12 1 1 100 1 8 1 10 12 1 10 100 12 1 1 1 10 7 12 1 1 1 18 12 1 1 10 100 12 1 1 1 100 1 10 12 1 1 10 100 12 1 1 1 10 12 1 10 7 12 1 1 1 9 100 12 1 1 1 10 100 12 1 1 1 11 7 12 1 1 1 10 12 1 1 10 7 12 1 1 1 100 1 10 10 12 1 1 8 1 10 12 1 8 1 10 12 1 9 12 1 1 8 1 10 7 12 1 1 1 10 12 1 1 100 1 8 1 10 9 12 1 1 8 1 10 12 1 1 10 100 12 1 1 1 8 1 10 12 1 100 1 10 12 1 8 1 10 12 1 10 12 1 1 100 1 10 12 10 12 1 9 12 1 1 9 12 1 1 10 7 12 1 1 1 10 7 12 1 1 1 10 12 1 1 10 12 1 10 12 1 10 7 12 1 1 1 10 12 1 100 1 100 1 8 1 10 12 1 10 12 1 1 7 1 10 12 1 100 1 8 1 10 10 12 1 100 1 8 1 10 8 1 10 7 12 1 1 8 1 10 12 100 1 8 1 10 10 12 1 1 10 7 12 1 1 1 100 1 18 12 1 100 1 9 100 12 1 1 1 10 12 1 100 1 10 12 1 1 10 12 1 1 10 7 12 1 1 1 10 12 1 1 10 12 1 10 12 1 10 12 1 1 10 12 1 7 1 10 12 1 10 12 1 100 1 10 12 1 10 7 12 1 1 1 100 1 8 1 10 9 12 1 9 12 1 10 12 1 10 100 12 1 1 10 12 1 10 12 1 1 8 1 10 12 1 1 8 1 11 12 1 10 12 11 12 1 1 11 7 12 1 1 1 11 7 12 1 1 11 12 1 1 7 1 11 12 1 10 12 1 8 1 10 12 1 1 8 1 8 1 8 1 8 1 11 12 1 10 12 1 10 12 1 10 12 1 10 7 12 1 1 8 1 7 1 9 7 12 1 1 1 10 12 1 7 1 9 12 10 9 12 7 1 10 12 8 1 10 12 1 1 8 1 10 7 12 1 1 10 12 1 10 7 12 1 1 1 10 12 1 1 10 7 12 1 1 1 10 12 10 7 12 1 1 1 9 12 1 1 100 1 8 1 10 12 1 1 10 7 12 1 1 1 7 1 10 12 1 1 8 1 10 8 1 8 1 8 1 8 1 10 10 7 12 1 1 10 12 1 1 10 12 1 1 10 12 1 1 10 12 1 10 100 12 1 1 1 10 100 1 8 1 10 10 10 12 1 1 10 12 1 1 8 1 10 12 1 8 1 10 12 1 10 12 1 1 7 1 10 10 12 1 10 12 1 9 12 1 1 1 3 1 3 1 1 1 1 1 1 1 1 1 1 1 1 100 1 1 100 1 1 1 1 1 1 1 1 1 1 1 100 1 100 1 1 1 1 1 1 1 1 1 1 1 1 1 1 1 1 1 1 1 1 1 1 1 1 1 1 1 1 1 1 1 1 1 1 1 1 1 1 1 1 1 1 1 1 1 1 1 1 1 1 1 1 1 1 1 1 1 1 100 1 1 1 1 1 1 1 1 1 1 1 1 1 1 1 1 1 1 1 1 1 1 1 1 1 1 1 1 1 1 1 1 1 100 1 1 15 10 100 12 1 1 1 16 15 10 12 1 1 16 15 10 12 16 1 1 1 1 1 1 1 100 1 100 1 1
staticfield java/lang/System in Ljava/io/InputStream; java/io/BufferedInputStream
staticfield java/lang/System out Ljava/io/PrintStream; java/io/PrintStream
staticfield java/lang/System err Ljava/io/PrintStream; java/io/PrintStream
instanceKlass jdk/internal/reflect/DelegatingClassLoader
instanceKlass java/security/SecureClassLoader
ciInstanceKlass java/lang/ClassLoader 1 1 1098 9 7 12 1 1 1 10 7 12 1 1 1 9 12 1 1 10 7 12 1 1 1 7 1 10 12 1 1 10 12 1 1 9 12 1 1 10 12 1 1 100 1 10 12 1 10 12 1 1 10 7 12 1 1 1 100 1 8 1 10 12 1 10 7 12 1 1 1 10 100 12 1 10 7 1 10 7 1 7 1 7 1 10 12 1 10 12 1 9 12 1 1 10 10 7 12 1 1 1 9 12 1 1 9 12 1 9 12 1 1 9 12 1 9 12 1 1 9 12 1 1 7 1 10 12 1 9 12 1 1 10 12 1 1 10 7 12 1 1 1 9 12 1 9 12 1 1 9 12 1 10 12 1 1 9 12 10 12 1 1 7 1 10 8 1 10 12 1 1 10 12 1 10 7 1 7 1 10 12 1 1 10 7 12 1 1 1 8 1 10 12 1 10 12 1 10 12 1 1 10 12 1 1 10 12 1 1 10 12 1 1 10 12 1 1 10 12 1 7 1 10 12 1 10 7 12 1 1 1 10 12 1 1 10 12 1 10 12 1 10 12 1 10 12 1 10 12 1 1 10 10 12 1 10 12 1 10 100 12 1 1 10 12 1 1 10 12 1 1 10 12 1 100 1 10 12 1 100 1 10 12 1 10 100 12 1 1 1 10 10 12 1 1 10 12 1 1 100 1 8 1 10 8 1 10 12 1 10 12 1 100 1 8 1 10 12 1 1 10 12 1 1 10 10 12 1 1 10 12 1 1 10 12 1 1 10 7 1 10 12 1 1 10 12 1 1 10 12 1 1 10 12 1 1 10 12 1 1 10 12 1 1 10 12 1 10 7 12 1 1 1 10 12 1 10 12 1 10 12 1 1 10 12 1 10 12 1 10 12 1 10 12 1 1 10 12 1 10 12 1 1 8 1 9 12 1 10 12 1 1 8 1 8 1 10 7 12 1 1 100 1 10 10 12 10 12 1 10 12 1 10 12 1 10 12 1 1 10 7 12 1 1 10 12 1 10 7 1 7 1 10 12 1 1 10 12 1 10 7 1 10 12 1 100 1 18 12 1 10 100 12 1 1 1 10 100 12 1 1 1 10 7 12 1 1 10 12 1 1 10 12 1 10 12 1 1 100 1 10 12 1 10 12 1 1 10 7 12 1 1 10 12 1 8 1 100 1 10 10 12 1 9 12 1 10 7 12 1 1 10 12 1 100 1 8 1 10 12 1 10 8 1 8 1 10 12 1 1 10 12 1 1 10 12 1 1 10 100 12 1 1 1 100 1 100 1 10 12 1 1 100 1 100 1 10 100 12 1 1 10 12 1 10 12 1 1 10 12 1 10 12 1 1 10 12 1 1 9 100 12 1 1 1 10 12 1 1 10 12 1 10 12 1 10 12 1 1 10 12 1 8 1 10 12 1 7 1 18 12 1 1 10 12 1 1 10 12 1 10 12 1 10 12 1 8 1 10 12 1 10 12 1 18 12 1 11 100 12 1 1 1 100 1 10 12 1 1 10 12 1 10 11 12 1 1 10 18 10 12 1 1 11 100 12 1 18 12 1 11 12 1 1 10 12 10 12 1 1 10 12 1 1 100 1 8 1 10 10 12 1 8 1 8 1 10 100 12 1 1 10 12 1 100 1 10 10 12 1 8 1 8 1 8 1 10 12 1 10 12 1 1 10 12 1 10 100 12 1 1 1 11 100 12 1 1 100 1 10 11 10 12 1 10 12 1 10 12 1 1 9 100 12 1 1 9 12 1 1 9 12 9 12 1 9 12 1 9 12 1 8 10 12 1 1 10 7 12 1 1 1 10 12 1 1 10 12 1 1 10 12 1 10 10 12 1 11 12 1 1 10 100 12 1 1 1 100 1 10 12 1 10 12 1 10 12 1 1 1 1 1 1 1 1 1 1 1 1 1 1 1 1 1 1 1 1 1 1 1 1 1 1 1 1 100 1 1 1 1 1 1 1 1 1 1 1 1 1 1 1 1 1 1 1 1 1 100 1 1 1 1 1 1 1 1 1 1 100 1 1 1 1 1 1 1 1 1 1 1 1 1 1 1 1 1 1 1 1 1 1 1 1 1 1 1 1 1 1 1 1 1 1 1 1 1 1 1 1 1 100 1 1 1 1 1 1 1 1 1 1 1 1 1 1 1 1 1 1 100 1 1 1 1 1 1 1 1 1 1 1 1 1 1 1 1 1 1 1 1 1 1 1 1 1 1 1 1 1 1 1 1 1 1 1 1 1 1 1 1 1 1 1 1 1 1 1 1 1 1 1 100 1 1 1 1 1 1 1 1 1 1 1 1 1 1 1 1 1 1 1 1 1 1 1 1 1 1 1 1 1 1 1 1 1 1 1 1 1 1 1 1 1 1 1 1 1 1 15 10 100 12 1 1 1 16 1 15 10 12 16 1 16 15 10 12 16 1 16 1 15 10 12 16 15 10 12 16 15 10 12 16 1 1 100 1 100 1 1
staticfield java/lang/ClassLoader nocerts [Ljava/security/cert/Certificate; 0 [Ljava/security/cert/Certificate;
staticfield java/lang/ClassLoader $assertionsDisabled Z 1
ciInstanceKlass jdk/internal/reflect/DelegatingClassLoader 1 1 18 10 7 12 1 1 1 100 1 1 1 1 1 1 1 1 1 1
instanceKlass java/net/URLClassLoader
instanceKlass jdk/internal/loader/BuiltinClassLoader
ciInstanceKlass java/security/SecureClassLoader 1 1 102 10 7 12 1 1 1 7 1 10 12 1 9 7 12 1 1 1 10 12 1 10 12 1 10 12 1 1 10 12 1 1 10 12 1 7 1 10 7 1 10 12 1 7 1 10 12 1 11 7 12 1 1 1 7 1 11 12 1 10 12 1 1 1 1 1 1 1 1 1 1 1 1 1 1 1 1 1 1 1 1 1 1 1 1 1 1 1 1 1 1 1 1 1 1 1 1 100 1 1 1 1
instanceKlass jdk/internal/loader/ClassLoaders$BootClassLoader
instanceKlass jdk/internal/loader/ClassLoaders$PlatformClassLoader
instanceKlass jdk/internal/loader/ClassLoaders$AppClassLoader
ciInstanceKlass jdk/internal/loader/BuiltinClassLoader 1 1 737 9 7 12 1 1 1 10 7 12 1 1 1 10 7 12 1 1 1 9 12 1 1 9 12 1 1 7 1 10 12 1 9 12 1 10 12 1 9 12 1 10 7 12 1 1 1 10 7 12 1 1 1 10 7 12 1 1 1 11 7 12 1 1 1 100 1 100 1 10 10 12 1 1 8 1 10 12 1 10 12 7 1 10 12 1 10 12 1 1 11 7 12 1 1 1 11 7 12 1 1 1 11 12 1 1 7 1 8 1 8 1 10 9 12 1 1 10 7 12 1 1 11 12 1 1 10 12 1 1 10 12 1 1 10 12 1 1 10 7 12 1 1 1 10 12 1 10 100 12 1 1 1 10 12 1 1 11 7 12 1 1 1 10 7 12 1 1 7 1 10 7 12 1 1 1 10 12 1 100 1 8 1 10 12 1 1 10 8 1 10 12 1 1 10 12 1 1 10 12 1 1 11 7 12 1 1 11 12 1 7 1 10 11 12 1 1 11 10 12 1 1 7 1 10 12 1 10 7 12 1 10 12 1 7 1 10 12 1 10 7 12 1 1 1 100 1 10 12 1 1 11 12 1 100 1 100 1 10 12 1 10 12 1 1 100 1 100 1 10 12 1 10 12 1 18 12 1 1 10 12 1 10 12 1 1 18 100 1 10 7 12 1 1 1 7 1 10 10 12 1 1 10 12 1 1 10 12 1 1 10 12 1 9 12 1 1 100 1 10 10 12 1 1 10 12 1 1 10 12 1 10 12 10 12 1 1 10 12 1 1 10 12 1 1 10 12 1 10 12 1 1 18 12 1 7 1 10 12 1 1 10 12 1 10 12 1 1 10 12 1 100 1 10 12 1 7 1 10 12 1 10 7 12 1 1 1 10 12 1 11 12 1 7 1 10 12 1 7 1 100 1 10 12 1 10 12 1 11 12 1 1 10 12 1 1 10 12 1 1 10 12 1 1 10 12 1 1 10 12 1 10 12 1 10 12 1 10 12 1 8 1 10 12 1 1 10 7 12 1 1 10 12 1 100 1 8 1 8 1 10 10 12 1 8 1 8 1 10 7 12 1 1 1 11 7 12 1 1 1 9 7 12 1 1 1 10 7 12 1 1 1 9 12 1 9 12 1 9 12 1 9 12 1 9 12 1 9 12 1 10 7 12 1 1 1 8 1 10 12 1 7 1 10 12 1 1 10 12 1 7 1 10 11 12 1 1 10 12 10 12 1 10 12 1 100 1 10 12 1 10 12 1 10 10 12 1 10 7 12 1 1 8 1 10 7 12 1 1 10 12 1 1 1 1 1 1 1 1 1 1 1 1 1 1 1 1 1 1 1 1 1 1 1 1 1 1 1 1 1 1 1 1 1 1 1 1 1 1 1 1 1 1 1 1 1 1 1 1 1 1 1 1 1 1 1 1 100 1 1 1 1 1 1 1 1 1 1 1 1 1 1 1 1 1 1 100 1 100 1 1 1 1 1 1 1 1 1 1 1 1 1 1 1 1 1 1 1 1 1 1 1 1 1 1 1 1 1 1 1 1 1 1 1 1 1 1 1 1 1 1 1 1 1 1 1 1 1 1 1 100 1 1 15 10 100 12 1 1 1 16 15 10 12 16 15 10 12 16 15 10 12 16 1 1 1 100 1 1 1 1 1 100 1 100 1 1
staticfield jdk/internal/loader/BuiltinClassLoader packageToModule Ljava/util/Map; java/util/concurrent/ConcurrentHashMap
staticfield jdk/internal/loader/BuiltinClassLoader $assertionsDisabled Z 1
ciInstanceKlass java/security/AccessController 1 1 295 10 100 12 1 1 1 10 7 12 1 1 1 10 7 12 1 1 1 10 12 1 1 10 12 1 1 10 7 12 1 1 1 10 12 1 1 10 12 1 10 12 1 1 10 12 1 100 1 8 1 10 12 1 10 12 1 10 12 1 1 10 12 1 7 1 7 1 10 12 1 1 10 12 1 10 12 1 10 12 1 1 10 7 12 1 1 1 10 12 1 1 9 100 12 1 1 1 10 100 12 1 1 1 10 12 1 10 12 1 9 100 12 1 1 1 10 12 1 10 12 1 1 9 12 1 1 10 100 1 10 11 7 12 1 1 1 10 7 12 1 1 11 7 1 7 1 10 12 1 10 12 1 10 12 1 8 1 10 12 1 1 8 1 10 100 12 1 1 1 8 1 100 1 10 10 12 1 1 10 12 1 10 7 12 1 1 1 10 12 1 8 1 10 100 12 1 1 8 1 8 1 10 12 1 8 1 10 12 1 10 12 1 1 10 12 1 1 1 1 1 1 1 1 1 1 1 1 1 1 1 1 1 1 1 1 1 1 1 1 1 1 1 1 100 1 1 1 1 1 1 1 1 1 1 1 1 1 1 1 1 1 1 1 1 1 1 1 1 1 1 1 1 1 1 1 1 1 1 100 1 100 1 1 1 1 1 1 1 1 1 3 1 1 1
staticfield java/security/AccessController $assertionsDisabled Z 1
instanceKlass jdk/internal/reflect/GeneratedConstructorAccessor48
instanceKlass jdk/internal/reflect/GeneratedConstructorAccessor47
instanceKlass jdk/internal/reflect/GeneratedConstructorAccessor46
instanceKlass jdk/internal/reflect/GeneratedConstructorAccessor45
instanceKlass jdk/internal/reflect/GeneratedConstructorAccessor44
instanceKlass jdk/internal/reflect/GeneratedConstructorAccessor43
instanceKlass jdk/internal/reflect/GeneratedConstructorAccessor42
instanceKlass jdk/internal/reflect/GeneratedConstructorAccessor41
instanceKlass jdk/internal/reflect/GeneratedConstructorAccessor40
instanceKlass jdk/internal/reflect/GeneratedConstructorAccessor39
instanceKlass jdk/internal/reflect/GeneratedConstructorAccessor38
instanceKlass jdk/internal/reflect/GeneratedConstructorAccessor37
instanceKlass jdk/internal/reflect/GeneratedConstructorAccessor36
instanceKlass jdk/internal/reflect/GeneratedConstructorAccessor35
instanceKlass jdk/internal/reflect/GeneratedConstructorAccessor34
instanceKlass jdk/internal/reflect/GeneratedConstructorAccessor33
instanceKlass jdk/internal/reflect/GeneratedConstructorAccessor32
instanceKlass jdk/internal/reflect/GeneratedConstructorAccessor31
instanceKlass jdk/internal/reflect/GeneratedConstructorAccessor30
instanceKlass jdk/internal/reflect/GeneratedConstructorAccessor29
instanceKlass jdk/internal/reflect/GeneratedConstructorAccessor28
instanceKlass jdk/internal/reflect/GeneratedConstructorAccessor27
instanceKlass jdk/internal/reflect/GeneratedConstructorAccessor26
instanceKlass jdk/internal/reflect/GeneratedConstructorAccessor25
instanceKlass jdk/internal/reflect/GeneratedConstructorAccessor24
instanceKlass jdk/internal/reflect/GeneratedConstructorAccessor23
instanceKlass jdk/internal/reflect/SerializationConstructorAccessorImpl
instanceKlass jdk/internal/reflect/GeneratedConstructorAccessor22
instanceKlass jdk/internal/reflect/GeneratedConstructorAccessor21
instanceKlass jdk/internal/reflect/GeneratedConstructorAccessor20
instanceKlass jdk/internal/reflect/GeneratedConstructorAccessor19
instanceKlass jdk/internal/reflect/GeneratedConstructorAccessor18
instanceKlass jdk/internal/reflect/GeneratedConstructorAccessor17
instanceKlass jdk/internal/reflect/GeneratedConstructorAccessor16
instanceKlass jdk/internal/reflect/GeneratedConstructorAccessor15
instanceKlass jdk/internal/reflect/GeneratedConstructorAccessor14
instanceKlass jdk/internal/reflect/GeneratedConstructorAccessor13
instanceKlass jdk/internal/reflect/GeneratedConstructorAccessor12
instanceKlass jdk/internal/reflect/GeneratedConstructorAccessor11
instanceKlass jdk/internal/reflect/GeneratedConstructorAccessor10
instanceKlass jdk/internal/reflect/GeneratedConstructorAccessor9
instanceKlass jdk/internal/reflect/GeneratedConstructorAccessor8
instanceKlass jdk/internal/reflect/GeneratedConstructorAccessor7
instanceKlass jdk/internal/reflect/GeneratedConstructorAccessor6
instanceKlass jdk/internal/reflect/GeneratedConstructorAccessor5
instanceKlass jdk/internal/reflect/GeneratedConstructorAccessor4
instanceKlass jdk/internal/reflect/GeneratedConstructorAccessor3
instanceKlass jdk/internal/reflect/GeneratedConstructorAccessor2
instanceKlass jdk/internal/reflect/BootstrapConstructorAccessorImpl
instanceKlass jdk/internal/reflect/GeneratedConstructorAccessor1
instanceKlass jdk/internal/reflect/DelegatingConstructorAccessorImpl
instanceKlass jdk/internal/reflect/NativeConstructorAccessorImpl
ciInstanceKlass jdk/internal/reflect/ConstructorAccessorImpl 1 1 27 10 7 12 1 1 1 100 1 100 1 1 1 1 1 1 1 1 1 100 1 100 1 100 1 1 1
instanceKlass jdk/internal/reflect/FieldAccessorImpl
instanceKlass jdk/internal/reflect/ConstructorAccessorImpl
instanceKlass jdk/internal/reflect/MethodAccessorImpl
ciInstanceKlass jdk/internal/reflect/MagicAccessorImpl 1 1 16 10 7 12 1 1 1 100 1 1 1 1 1 1 1 1
instanceKlass jdk/internal/reflect/GeneratedMethodAccessor23
instanceKlass jdk/internal/reflect/GeneratedMethodAccessor22
instanceKlass jdk/internal/reflect/GeneratedMethodAccessor21
instanceKlass jdk/internal/reflect/GeneratedMethodAccessor20
instanceKlass jdk/internal/reflect/GeneratedMethodAccessor19
instanceKlass jdk/internal/reflect/GeneratedMethodAccessor18
instanceKlass jdk/internal/reflect/GeneratedMethodAccessor17
instanceKlass jdk/internal/reflect/GeneratedMethodAccessor16
instanceKlass jdk/internal/reflect/GeneratedMethodAccessor15
instanceKlass jdk/internal/reflect/GeneratedMethodAccessor14
instanceKlass jdk/internal/reflect/GeneratedMethodAccessor13
instanceKlass jdk/internal/reflect/GeneratedMethodAccessor12
instanceKlass jdk/internal/reflect/GeneratedMethodAccessor11
instanceKlass jdk/internal/reflect/GeneratedMethodAccessor10
instanceKlass jdk/internal/reflect/GeneratedMethodAccessor9
instanceKlass jdk/internal/reflect/GeneratedMethodAccessor8
instanceKlass jdk/internal/reflect/GeneratedMethodAccessor7
instanceKlass jdk/internal/reflect/GeneratedMethodAccessor6
instanceKlass jdk/internal/reflect/GeneratedMethodAccessor5
instanceKlass jdk/internal/reflect/GeneratedMethodAccessor4
instanceKlass jdk/internal/reflect/GeneratedMethodAccessor3
instanceKlass jdk/internal/reflect/GeneratedMethodAccessor2
instanceKlass jdk/internal/reflect/GeneratedMethodAccessor1
instanceKlass jdk/internal/reflect/DelegatingMethodAccessorImpl
instanceKlass jdk/internal/reflect/NativeMethodAccessorImpl
ciInstanceKlass jdk/internal/reflect/MethodAccessorImpl 1 1 25 10 7 12 1 1 1 100 1 100 1 1 1 1 1 1 1 1 1 100 1 100 1 1 1
ciInstanceKlass java/lang/Module 1 1 959 10 7 12 1 1 1 9 7 12 1 1 1 10 7 12 1 1 1 9 12 1 9 12 1 1 9 12 1 1 10 12 1 1 10 12 1 10 12 1 1 10 7 12 1 1 1 7 1 10 7 12 1 1 1 10 12 1 1 11 7 12 1 1 1 10 12 1 1 10 7 12 1 1 1 10 12 1 1 10 7 12 1 1 1 9 100 12 1 1 1 10 100 12 1 1 1 10 12 1 8 1 10 7 12 1 1 1 10 7 12 1 1 1 9 12 1 1 9 12 1 1 10 12 1 9 12 1 1 11 12 1 9 7 12 1 1 10 7 12 1 1 1 10 7 12 1 1 1 10 12 1 1 100 1 7 1 10 10 12 1 1 8 1 10 12 1 10 12 10 12 1 10 12 1 1 10 12 1 1 10 12 1 1 9 7 12 1 1 1 10 12 1 1 10 12 1 1 9 12 1 10 12 1 10 12 1 9 12 1 1 11 7 12 1 1 10 12 1 1 9 12 1 9 12 1 10 12 1 10 12 1 100 1 8 1 10 10 12 1 1 10 12 1 8 1 10 12 1 1 8 1 8 1 10 12 1 1 10 12 1 10 12 1 1 18 12 1 1 10 12 1 1 11 12 1 9 12 1 11 12 10 100 12 1 1 100 1 8 1 10 7 1 11 12 1 1 10 12 1 10 12 1 10 12 1 1 11 12 1 1 11 7 12 1 1 11 12 1 1 9 12 1 11 12 1 10 12 1 1 10 12 1 1 9 12 1 10 12 10 7 12 1 1 10 7 12 1 1 10 7 1 18 12 1 1 11 100 12 1 1 1 18 12 1 11 12 1 1 10 100 12 1 1 1 11 12 1 1 10 7 12 1 1 4 7 1 11 12 1 7 1 7 1 10 10 7 12 1 1 1 10 11 7 12 1 8 1 10 10 12 1 1 10 7 12 1 1 10 12 1 10 12 1 7 1 10 12 1 10 11 12 1 1 10 12 10 12 1 1 9 12 1 100 1 10 10 12 1 1 11 100 1 10 12 1 1 11 12 1 10 10 12 1 11 10 12 1 1 10 12 1 1 10 12 1 1 10 7 12 1 1 10 12 1 10 12 1 1 10 10 12 1 1 10 12 1 18 12 1 11 12 1 18 12 1 10 12 1 10 12 1 10 12 7 1 10 12 1 10 12 1 10 12 1 9 12 1 7 1 10 10 10 10 12 1 10 12 1 10 12 1 10 12 1 1 10 12 1 1 10 12 1 9 12 1 18 12 1 1 10 100 12 1 1 1 100 1 8 1 10 12 1 1 10 12 1 1 10 100 12 1 1 100 1 10 12 1 1 100 1 8 1 100 1 10 100 1 100 1 3 10 12 1 100 1 10 12 1 10 12 1 1 10 12 1 1 100 1 10 12 1 10 12 1 1 100 1 100 1 10 12 8 1 10 12 1 1 10 12 1 1 10 7 12 1 1 10 12 1 1 10 12 1 10 12 10 12 1 1 100 1 10 10 12 1 1 10 100 12 1 1 1 100 1 8 1 10 12 1 1 10 7 12 1 1 8 1 10 12 1 8 1 10 12 1 10 12 10 12 1 8 1 10 10 100 12 1 1 7 1 10 10 12 1 10 7 12 1 1 9 12 1 9 12 1 9 12 1 9 12 1 10 12 11 12 1 10 12 1 100 1 1 1 1 1 1 1 1 1 1 1 1 1 1 1 1 100 1 1 1 1 1 1 1 1 1 1 1 1 1 1 1 1 1 1 1 1 1 1 1 1 1 1 1 1 1 1 1 1 1 1 1 1 1 1 1 1 1 1 1 1 1 1 1 1 1 1 1 1 1 1 1 1 1 1 1 1 1 1 1 1 1 1 1 1 1 1 1 1 1 1 1 1 1 1 1 1 1 1 1 100 100 1 1 1 1 1 1 1 1 1 1 1 1 1 1 1 1 1 1 1 1 1 1 1 1 1 1 1 1 1 1 1 1 1 1 100 1 100 1 100 1 1 1 1 1 1 1 1 1 1 1 1 1 1 1 1 1 1 1 1 1 1 1 1 1 1 1 1 15 10 7 12 1 1 1 16 15 10 12 16 16 15 10 12 16 16 15 10 16 1 15 10 12 16 1 15 10 12 16 1 16 15 10 12 16 1 1 1 1 1 1 1 100 1 100 1 1
staticfield java/lang/Module ALL_UNNAMED_MODULE Ljava/lang/Module; java/lang/Module
staticfield java/lang/Module ALL_UNNAMED_MODULE_SET Ljava/util/Set; java/util/ImmutableCollections$Set12
staticfield java/lang/Module EVERYONE_MODULE Ljava/lang/Module; java/lang/Module
staticfield java/lang/Module EVERYONE_SET Ljava/util/Set; java/util/ImmutableCollections$Set12
staticfield java/lang/Module $assertionsDisabled Z 1
instanceKlass org/dom4j/tree/BackedList
ciInstanceKlass java/util/ArrayList 1 1 492 10 7 12 1 1 1 7 1 9 7 12 1 1 1 9 12 1 100 1 100 1 10 8 1 10 12 1 1 10 12 1 10 12 1 1 10 12 1 9 12 1 11 7 12 1 1 1 9 12 1 1 10 12 1 1 7 10 7 12 1 1 1 9 12 1 10 12 1 10 12 1 1 10 7 12 1 1 1 10 7 12 1 1 1 10 12 1 1 10 12 1 1 10 12 1 1 10 12 1 10 12 1 1 100 1 100 1 10 12 1 10 7 12 1 1 1 10 7 12 1 1 10 12 1 10 12 10 12 1 1 10 12 1 1 10 12 1 1 100 1 10 12 1 1 10 12 1 1 10 12 1 100 1 10 11 12 1 1 11 100 12 1 1 1 11 12 1 10 12 1 10 12 1 10 12 1 1 100 1 10 12 1 1 10 10 12 1 1 10 12 1 8 1 8 1 8 1 8 1 10 12 1 1 10 12 1 1 11 12 1 100 1 10 100 12 1 1 10 12 1 10 12 1 1 10 100 12 1 1 10 12 1 10 100 12 1 1 1 11 100 12 1 1 1 10 12 1 100 1 8 1 10 7 1 10 12 1 7 1 10 12 1 10 12 1 1 7 1 10 12 1 10 12 1 1 11 100 12 1 1 7 1 10 12 1 10 12 1 1 11 100 12 1 1 10 12 1 1 10 12 1 1 10 12 1 1 10 12 1 1 11 100 12 1 1 10 12 1 1 100 1 100 1 100 1 1 1 1 5 0 1 3 1 1 1 1 1 1 1 1 1 1 1 1 1 1 1 1 1 1 1 1 1 1 1 1 1 1 1 1 1 1 1 1 1 1 1 1 1 1 1 1 1 1 1 1 1 1 1 1 1 1 1 1 1 1 1 1 1 1 1 1 1 1 1 1 1 1 1 1 1 1 1 1 1 1 1 1 1 1 1 1 1 1 1 1 1 1 1 1 1 1 1 1 1 1 1 1 100 1 1 1 1 100 1 1 1 1 1 1 1 1 1 1 1 1 1 1 1 1 1 1 1 1 1 1 1 1 1 1 1 1 1 100 1 1 1 1 1 1 1 1 1 1 1 1 1 1 1 1 1 1 100 1 100 1 1 1 1 1 1
staticfield java/util/ArrayList EMPTY_ELEMENTDATA [Ljava/lang/Object; 0 [Ljava/lang/Object;
staticfield java/util/ArrayList DEFAULTCAPACITY_EMPTY_ELEMENTDATA [Ljava/lang/Object; 0 [Ljava/lang/Object;
ciInstanceKlass java/util/concurrent/ConcurrentHashMap 1 1 1210 7 1 7 1 3 10 12 1 1 3 100 1 10 7 12 1 1 1 100 1 10 100 12 1 1 1 100 1 11 12 1 1 11 12 1 11 12 1 1 9 12 1 1 9 12 1 1 9 12 1 10 7 12 1 1 1 7 1 10 12 1 1 10 12 1 1 10 7 12 1 1 1 4 10 12 1 9 12 1 10 12 1 1 100 1 10 5 0 10 12 1 10 12 1 1 5 0 10 12 1 1 10 12 1 9 12 1 1 10 12 1 1 9 12 1 9 12 1 1 10 12 1 1 9 12 1 10 12 1 1 9 12 1 1 10 12 1 1 100 1 10 100 1 10 12 1 10 12 1 1 10 12 1 1 10 12 1 1 10 12 1 10 12 1 1 10 12 1 1 100 1 10 12 1 1 7 1 100 1 8 1 10 12 1 10 12 1 1 10 12 1 1 11 7 12 1 1 10 12 1 1 11 12 1 1 11 7 12 1 1 1 11 7 12 1 1 1 11 12 1 7 1 11 12 1 11 12 1 10 12 1 1 10 12 1 1 9 12 1 1 10 100 12 1 1 1 9 10 12 1 1 9 12 1 10 12 1 1 5 0 9 12 1 1 7 1 10 12 1 9 12 1 1 7 1 10 12 1 9 12 1 7 1 10 100 1 10 10 12 1 1 8 1 10 12 1 10 12 1 1 11 100 1 10 12 1 10 100 12 1 1 1 8 1 10 100 12 1 1 1 8 1 10 12 1 8 1 10 12 1 10 12 1 1 10 100 12 1 1 10 12 1 10 12 1 10 12 1 9 12 1 9 10 12 1 9 12 1 1 11 100 12 1 1 1 11 100 12 1 1 1 100 1 10 12 11 100 12 1 1 10 11 7 12 1 10 12 1 100 1 10 12 1 100 1 10 10 9 7 12 1 1 1 10 12 3 10 100 12 1 1 9 12 1 10 12 1 1 9 12 1 1 9 12 1 10 12 1 1 10 100 12 1 1 9 12 1 9 7 12 1 1 10 12 1 1 10 12 1 3 9 12 1 9 12 1 10 12 1 1 7 1 9 3 9 12 1 100 1 10 12 1 9 12 1 10 12 1 9 12 1 10 12 1 9 12 1 10 100 12 1 1 1 100 10 12 1 100 1 5 0 10 100 12 1 1 100 1 10 12 1 1 10 12 1 10 12 1 100 1 10 12 1 10 100 1 100 1 10 10 12 1 10 100 1 10 12 1 10 100 1 10 12 1 10 100 1 10 12 1 1 100 1 10 12 1 10 10 12 1 100 1 10 12 1 10 10 12 1 100 1 10 12 1 10 100 1 10 12 1 10 100 1 10 12 1 10 100 1 10 12 1 10 100 1 10 12 1 10 100 1 10 12 1 10 100 1 10 12 1 10 100 1 10 12 1 10 100 1 10 10 100 1 10 10 100 1 10 10 100 1 10 12 1 10 100 1 10 12 1 10 100 1 10 12 1 10 100 1 10 12 1 10 100 1 10 12 1 10 100 1 10 10 100 1 10 10 100 1 10 10 100 1 10 12 1 10 100 1 10 12 1 10 100 1 10 12 1 10 100 1 10 12 1 10 100 1 10 12 1 10 10 12 1 10 7 12 1 1 1 10 12 1 7 1 7 1 10 12 1 9 12 1 1 9 12 1 1 10 12 1 1 8 10 12 1 1 8 8 8 8 7 10 12 1 1 10 12 1 100 1 8 1 10 7 1 100 1 100 1 1 1 5 0 1 1 3 1 3 1 1 1 1 3 1 3 1 3 1 1 1 1 1 3 1 3 1 3 1 1 1 1 1 1 1 1 1 1 1 1 1 1 1 1 1 1 1 1 1 1 1 1 1 100 1 1 1 1 1 1 1 1 1 1 1 1 1 1 1 1 1 1 1 1 1 1 1 1 1 1 1 1 1 1 1 1 1 1 1 1 1 1 1 1 1 1 1 1 1 1 1 1 1 1 1 1 1 1 1 1 1 1 1 1 1 1 1 1 1 1 1 1 1 1 1 1 1 1 1 1 1 1 1 1 1 1 1 1 100 1 1 1 1 1 1 1 1 1 1 1 100 1 1 1 1 1 1 1 1 1 1 1 1 1 1 1 1 1 1 1 1 1 1 1 1 1 1 1 1 1 1 1 1 1 1 1 1 1 1 1 1 1 1 1 1 1 1 1 1 1 1 1 1 1 1 1 1 1 1 1 1 1 1 1 1 1 1 1 1 1 1 1 1 1 1 1 1 1 1 1 1 1 1 1 1 1 1 1 1 1 1 1 1 1 1 1 1 1 1 1 1 1 1 1 1 1 1 1 1 1 1 1 1 1 1 1 1 1 1 1 1 1 1 1 1 1 1 1 1 1 1 1 1 1 1 1 1 1 1 1 1 1 1 1 1 1 1 1 1 1 1 1 1 1 1 1 1 1 1 1 1 1 1 1 1 1 1 1 1 1 1 1 1 1 1 1 1 1 1 1 1 1 1 1 1 1 1 1 1 1 1 1 1 1 1 1 1 1 1 1 1 1 1 1 1 1 1 1 1 1 1 1 1 1 1 1 1 1 1 1 1 1 1 1 100 1 100 1 100 1 100 1 100 1 100 1 100 1 100 1 100 1 1 1 1 1 1 1 1 1 1 1 1 1 1 1 1 1 1 1 1 1 1 1 1 1 1 1 1 1 1 1 1 1 1 1 1 1 1 1 1 1 1 1 1 1 1 1 1 1 1 1 1 1 1 1 1 1 1
staticfield java/util/concurrent/ConcurrentHashMap NCPU I 4
staticfield java/util/concurrent/ConcurrentHashMap serialPersistentFields [Ljava/io/ObjectStreamField; 3 [Ljava/io/ObjectStreamField;
staticfield java/util/concurrent/ConcurrentHashMap U Ljdk/internal/misc/Unsafe; jdk/internal/misc/Unsafe
staticfield java/util/concurrent/ConcurrentHashMap SIZECTL J 20
staticfield java/util/concurrent/ConcurrentHashMap TRANSFERINDEX J 32
staticfield java/util/concurrent/ConcurrentHashMap BASECOUNT J 24
staticfield java/util/concurrent/ConcurrentHashMap CELLSBUSY J 36
staticfield java/util/concurrent/ConcurrentHashMap CELLVALUE J 144
staticfield java/util/concurrent/ConcurrentHashMap ABASE I 16
staticfield java/util/concurrent/ConcurrentHashMap ASHIFT I 2
ciInstanceKlass java/lang/String 1 1 1396 10 7 12 1 1 1 8 1 9 7 12 1 1 1 9 12 1 1 9 12 1 1 10 12 1 10 12 1 1 10 12 1 1 9 12 1 1 10 7 12 1 1 1 10 7 1 10 7 12 1 1 1 10 12 1 1 10 12 1 1 10 12 1 10 12 1 1 10 12 1 10 7 12 1 1 1 9 7 12 1 1 1 10 7 12 1 1 1 10 12 1 1 10 12 1 1 10 12 1 1 10 12 1 1 10 12 1 1 9 7 12 1 1 10 12 9 7 12 1 1 3 10 7 12 1 1 1 7 1 11 12 1 1 11 12 1 11 12 1 1 10 7 12 1 1 1 10 12 1 1 9 100 12 1 1 1 10 12 1 1 10 12 1 11 12 1 1 10 12 1 1 10 12 10 12 1 1 10 100 12 1 1 1 10 7 12 1 1 1 10 12 1 1 7 1 100 1 10 12 1 10 12 1 10 12 1 1 100 1 10 12 1 1 100 1 10 12 1 1 10 12 1 1 10 10 12 1 100 1 100 1 7 1 10 12 1 10 12 1 1 10 12 1 1 10 12 1 10 12 1 1 10 12 1 1 10 7 12 1 1 7 1 11 11 12 1 11 12 1 10 12 1 1 10 12 1 10 12 10 12 1 1 10 10 7 12 1 1 1 10 7 12 1 1 10 12 1 1 10 7 12 1 1 10 12 1 10 12 1 1 10 12 1 1 10 12 1 10 12 1 10 12 1 1 100 1 10 12 1 1 10 12 10 12 1 10 12 1 1 10 100 12 1 1 1 10 12 1 10 12 1 1 10 12 1 10 12 1 3 3 10 12 1 10 12 1 1 10 12 1 1 10 12 1 1 10 12 1 10 12 1 1 10 12 1 1 10 12 1 10 12 1 10 12 1 10 12 1 1 10 12 1 10 12 1 10 12 1 10 12 1 10 12 1 10 12 1 10 100 1 10 8 1 10 12 1 1 10 12 1 8 1 10 12 1 1 10 12 10 12 1 8 1 10 10 12 1 1 10 12 1 1 10 12 1 10 12 1 1 10 12 10 100 1 10 10 12 1 10 12 1 10 12 1 10 10 12 1 10 12 1 1 10 12 1 100 1 10 10 12 1 100 1 10 10 12 1 10 12 1 1 10 12 1 10 12 1 1 10 10 12 1 1 10 100 1 10 10 12 1 10 12 1 1 10 12 1 1 10 100 1 10 12 1 10 12 1 10 12 1 10 12 1 1 10 12 1 11 7 1 11 12 10 12 1 10 12 1 1 10 12 1 1 10 10 12 1 10 12 1 9 12 1 1 11 7 12 1 1 1 10 10 12 1 10 12 1 1 10 10 12 1 10 12 1 10 12 1 1 9 12 1 10 12 1 1 10 10 12 1 1 10 12 10 10 12 1 10 12 10 10 12 10 10 12 1 10 12 1 10 12 10 10 12 10 12 1 10 12 10 12 10 10 12 1 10 12 1 1 10 12 1 10 10 12 1 10 7 12 1 1 1 10 12 1 1 10 10 7 12 1 1 1 11 10 12 1 10 12 1 1 10 12 1 1 10 7 12 1 1 1 10 12 1 10 10 12 1 10 12 1 10 12 1 10 100 12 1 1 10 12 1 100 1 100 1 8 1 10 10 10 12 1 8 1 10 12 1 3 3 7 1 10 10 12 1 10 12 1 10 12 1 1 10 12 1 1 11 7 12 1 1 1 7 1 10 12 1 1 10 12 1 10 12 1 1 10 12 1 1 8 1 10 12 1 1 10 12 1 11 100 12 1 1 1 11 100 12 1 1 11 12 1 1 10 12 1 10 12 1 1 10 10 7 12 1 1 1 10 12 1 10 12 1 10 10 12 10 12 1 1 10 10 12 1 10 10 12 1 10 10 12 1 10 10 12 1 10 12 1 1 10 10 12 1 8 1 10 12 1 1 18 12 1 1 11 100 12 1 1 1 7 1 3 18 12 1 18 12 1 8 1 10 100 12 1 1 1 11 12 1 1 10 12 10 10 12 1 10 11 12 1 1 10 12 1 1 11 12 1 18 3 11 10 12 1 11 11 10 12 1 10 12 1 1 8 1 10 12 1 10 12 1 10 12 1 1 10 10 12 1 11 100 12 1 7 1 100 1 10 12 1 7 1 10 10 7 12 1 1 1 100 1 10 7 1 10 10 12 1 10 10 12 1 8 1 10 10 12 1 8 1 8 1 10 12 1 10 12 1 10 10 12 10 7 12 1 1 10 100 12 1 1 10 100 12 1 1 8 1 10 12 1 10 12 1 1 10 10 12 8 1 8 1 10 8 1 8 1 8 1 8 1 10 12 1 10 12 1 8 1 10 100 12 1 1 1 10 12 10 12 1 1 10 12 10 10 12 10 12 7 1 9 12 1 1 7 1 10 100 1 100 1 100 1 100 1 1 1 1 1 1 5 0 1 1 1 1 1 3 1 3 1 1 1 1 1 1 1 1 1 1 1 1 1 1 1 100 1 1 1 100 1 1 1 1 1 1 1 1 1 1 1 1 1 1 1 1 1 1 1 1 1 1 1 1 1 1 1 100 1 1 1 1 1 1 1 1 1 100 1 1 1 1 1 1 1 1 1 1 1 1 1 1 1 1 1 1 1 1 1 1 1 1 1 1 1 1 1 1 1 1 1 1 1 1 1 1 1 1 1 1 1 1 1 1 1 1 1 1 1 1 1 1 1 1 1 1 1 1 1 1 1 1 1 1 1 1 1 1 1 1 1 1 1 1 1 1 1 1 1 1 1 1 1 1 1 1 1 1 1 1 1 1 1 1 1 1 1 1 1 1 1 1 1 1 1 1 1 1 1 1 1 1 1 1 1 1 1 1 1 1 1 1 1 1 1 1 1 1 1 1 1 1 1 1 1 1 1 1 1 1 1 1 1 1 1 1 1 1 1 1 1 1 1 1 1 1 1 1 1 1 1 1 1 1 1 1 1 100 1 1 1 1 1 1 1 1 1 1 1 1 1 1 1 1 1 1 1 1 1 1 1 1 100 1 1 1 1 1 1 1 1 1 1 1 1 1 7 1 1 1 1 1 1 1 1 1 1 1 1 1 1 1 15 10 100 12 1 1 1 16 15 10 12 16 15 10 12 15 10 12 15 10 12 1 1 1 1 100 1 100 1 1 1
staticfield java/lang/String COMPACT_STRINGS Z 1
staticfield java/lang/String serialPersistentFields [Ljava/io/ObjectStreamField; 0 [Ljava/io/ObjectStreamField;
staticfield java/lang/String CASE_INSENSITIVE_ORDER Ljava/util/Comparator; java/lang/String$CaseInsensitiveComparator
ciInstanceKlass java/security/ProtectionDomain 1 1 324 10 7 12 1 1 1 9 7 12 1 1 1 7 1 10 9 12 1 1 9 12 1 1 9 12 1 1 10 7 12 1 1 7 1 9 12 1 9 12 1 1 7 1 9 12 1 1 9 12 1 10 100 12 1 1 10 100 12 1 1 1 10 12 1 1 10 12 1 9 12 1 9 100 12 1 1 10 12 1 1 10 100 1 10 12 1 1 8 1 100 1 8 1 10 12 1 10 10 100 12 1 1 1 10 12 1 1 8 1 11 8 1 10 12 1 8 1 8 1 10 12 1 1 10 12 1 10 12 1 1 10 12 1 8 1 10 12 1 8 1 8 1 10 100 12 1 1 1 9 100 12 1 1 1 10 12 1 1 9 100 12 1 1 1 10 100 12 1 1 1 100 1 100 1 10 12 1 10 100 12 1 1 1 10 100 1 10 12 1 10 12 1 1 11 100 12 1 1 11 12 1 100 1 11 100 12 1 1 1 10 12 1 10 11 12 1 1 11 12 1 1 10 12 1 10 7 12 1 1 10 100 12 1 1 11 12 1 10 12 8 1 8 1 10 7 12 1 1 1 7 1 10 10 7 12 1 1 1 1 1 1 1 1 1 1 100 1 1 100 1 1 1 1 1 1 1 1 1 1 1 1 1 1 1 1 1 1 1 1 1 1 1 1 1 1 1 1 1 1 1 1 1 1 1 1 1 1 1 1 1 1 100 1 1 1 1 1 100 1 1 1 1 1
staticfield java/security/ProtectionDomain filePermCompatInPD Z 0
ciInstanceKlass java/security/CodeSource 1 1 395 10 7 12 1 1 1 9 7 12 1 1 1 9 12 1 1 9 12 1 1 9 12 1 1 10 7 12 1 1 1 9 12 1 1 10 100 12 1 1 10 100 10 100 12 1 1 1 10 100 12 1 1 1 10 12 1 1 100 1 10 10 100 12 1 1 1 10 100 12 1 1 1 10 12 1 1 10 12 1 100 1 10 12 1 1 10 12 1 1 10 12 1 1 10 12 1 10 10 10 12 1 1 10 100 12 1 1 1 10 12 1 10 12 1 10 12 1 8 1 10 12 1 10 12 1 10 12 1 1 10 12 1 8 1 10 12 1 1 10 100 1 10 10 12 1 1 8 1 10 12 1 10 12 1 10 12 1 8 1 8 1 9 12 1 1 100 1 8 1 10 12 1 10 12 1 1 8 1 10 12 1 8 1 8 1 8 1 10 100 12 1 1 10 12 1 1 10 12 1 10 12 1 1 10 12 1 1 10 12 1 1 100 1 100 1 10 12 1 10 12 10 12 1 1 10 100 12 1 1 10 12 1 100 1 10 12 10 8 1 10 12 1 10 12 1 10 12 1 1 100 1 10 12 1 1 100 1 100 1 8 1 8 1 10 10 12 1 1 10 100 12 1 1 1 100 1 10 12 10 12 1 1 11 100 12 1 1 10 10 12 1 11 10 12 1 8 1 100 1 10 12 1 10 12 1 1 10 12 1 11 12 1 1 11 100 1 1 1 1 5 0 1 1 1 1 1 1 1 1 1 1 1 1 1 1 1 1 1 1 1 1 1 1 1 1 1 1 1 1 1 1 1 1 1 1 1 1 1 1 1 1 1 1 1 1 1 1 1 1 1 1 1 1 1 1 1 1 1 1 1 1 1 1 1 1 1 100 1 1 1 1 1 1 1
ciInstanceKlass java/lang/StringBuilder 1 1 409 10 7 12 1 1 1 10 12 1 10 12 1 10 12 1 1 10 7 12 1 1 1 10 7 12 1 1 1 10 12 1 10 12 1 10 12 1 10 12 1 10 12 1 10 12 1 10 12 1 10 12 1 10 12 1 10 12 1 10 12 1 10 12 1 10 12 1 10 12 1 1 10 12 1 10 12 1 1 10 12 1 1 10 12 1 10 12 1 10 12 1 10 12 1 10 12 1 10 12 1 10 12 1 10 12 10 12 1 10 12 1 10 12 1 10 12 1 1 10 12 1 10 12 1 10 12 10 12 1 1 10 12 1 1 9 12 1 1 9 12 1 1 10 7 12 1 1 1 10 7 1 10 100 12 1 1 1 10 12 1 10 12 1 1 10 12 1 1 10 10 12 1 1 10 100 12 1 1 10 12 1 10 12 1 1 100 1 100 1 8 1 10 10 12 1 1 10 12 1 1 10 12 1 10 12 1 10 12 1 10 12 1 10 12 1 10 12 1 10 12 1 10 12 1 10 12 1 10 12 1 10 12 1 10 12 1 10 12 1 10 12 1 10 12 1 1 10 12 1 1 10 12 1 10 12 1 10 12 1 10 12 10 12 10 12 1 10 12 1 10 12 1 10 12 10 12 1 10 12 1 10 12 1 10 12 1 10 12 1 10 12 1 10 12 1 10 12 1 10 12 1 1 10 12 1 10 12 1 1 10 12 1 10 12 1 1 10 12 1 10 12 1 1 10 12 1 10 12 1 10 12 1 10 10 12 1 10 12 1 100 1 100 1 100 1 1 1 1 5 0 1 1 1 1 1 1 1 1 1 1 1 1 1 1 1 1 1 1 1 1 1 1 1 1 1 1 1 1 1 1 1 1 1 1 1 1 1 1 1 1 1 1 1 100 1 1 1 100 1 1 1 1 1 1 1 1 1 1
ciInstanceKlass jdk/internal/loader/ClassLoaders 1 1 183 10 100 12 1 1 1 10 7 12 1 1 1 10 12 1 1 10 100 12 1 1 1 9 7 12 1 1 1 9 12 1 1 9 12 1 1 7 1 11 100 12 1 1 1 100 1 11 12 1 1 11 12 1 1 10 100 12 1 1 1 10 100 12 1 1 1 100 1 100 1 10 7 12 1 1 1 9 12 1 1 10 12 1 1 7 1 10 12 1 1 10 12 1 7 1 8 1 10 7 12 1 1 1 10 12 1 1 7 1 10 12 1 10 12 1 10 12 1 8 1 10 7 12 1 1 8 1 8 1 10 12 1 7 1 10 12 1 10 12 1 10 12 1 1 1 1 1 1 1 1 1 1 1 1 1 1 1 1 1 1 1 1 100 1 1 1 1 1 1 1 1 1 1 1 1 1 1 1 1 1 1 1
staticfield jdk/internal/loader/ClassLoaders JLA Ljdk/internal/access/JavaLangAccess; java/lang/System$2
staticfield jdk/internal/loader/ClassLoaders BOOT_LOADER Ljdk/internal/loader/ClassLoaders$BootClassLoader; jdk/internal/loader/ClassLoaders$BootClassLoader
staticfield jdk/internal/loader/ClassLoaders PLATFORM_LOADER Ljdk/internal/loader/ClassLoaders$PlatformClassLoader; jdk/internal/loader/ClassLoaders$PlatformClassLoader
staticfield jdk/internal/loader/ClassLoaders APP_LOADER Ljdk/internal/loader/ClassLoaders$AppClassLoader; jdk/internal/loader/ClassLoaders$AppClassLoader
ciInstanceKlass jdk/internal/misc/Unsafe 1 1 1285 10 7 12 1 1 1 9 7 12 1 1 1 9 12 1 1 10 12 1 1 10 7 12 1 1 1 10 12 1 1 10 12 1 1 10 12 1 1 10 12 1 1 10 12 1 1 10 12 1 1 10 12 1 1 10 12 1 1 10 12 1 1 10 12 1 1 10 12 1 1 10 12 1 1 10 12 1 1 10 12 1 10 12 1 100 1 10 10 12 1 1 10 12 1 1 5 0 10 12 1 1 10 12 1 1 10 7 12 1 1 1 10 12 1 1 10 12 1 10 12 1 10 12 1 1 10 12 1 1 10 12 1 10 12 1 100 1 100 1 10 8 1 10 12 1 1 10 12 1 8 1 10 12 1 1 10 12 1 10 12 1 10 12 1 1 10 12 1 10 12 1 1 10 12 1 1 10 12 1 10 12 1 10 12 1 10 12 1 1 10 12 1 10 12 1 10 12 1 1 10 12 1 5 0 5 0 5 0 10 12 1 10 12 1 10 12 1 10 12 1 10 12 1 10 12 1 10 12 1 10 12 1 10 12 1 1 10 12 1 10 12 1 100 1 8 1 10 100 1 10 10 12 1 1 10 12 1 1 10 12 1 10 12 1 1 10 12 1 1 10 12 1 10 12 1 1 10 12 1 9 7 12 1 1 9 12 1 100 1 10 10 12 1 1 8 1 10 8 1 8 1 10 12 1 1 9 7 12 1 1 1 9 100 1 9 7 1 9 7 1 9 9 100 1 9 100 1 9 100 1 10 12 1 1 10 12 1 1 10 12 1 1 10 12 1 1 5 0 5 0 9 12 1 1 10 12 1 10 12 1 10 12 1 1 10 12 1 1 10 12 1 8 1 3 10 12 1 1 10 12 1 1 10 12 1 10 12 1 1 10 12 1 1 10 12 1 10 12 1 10 12 1 10 12 1 10 12 1 10 12 1 1 10 12 1 1 10 12 1 10 12 1 10 12 1 10 12 1 10 12 1 10 12 1 1 10 12 1 1 10 12 1 10 12 1 10 12 1 10 12 1 10 12 1 10 12 1 1 10 12 1 1 10 12 1 1 10 12 1 1 10 12 1 10 12 1 10 12 1 10 12 1 10 12 1 10 12 1 10 12 1 1 10 12 1 1 10 12 1 10 12 1 10 12 1 10 12 1 10 12 1 10 12 1 10 12 1 1 10 12 1 1 10 12 1 10 12 1 10 12 1 10 12 1 10 12 1 10 12 1 10 12 1 10 12 1 1 10 12 1 10 12 1 10 12 1 10 12 1 10 12 1 1 10 12 1 10 12 1 10 12 1 10 12 1 10 12 1 10 12 1 10 12 1 10 12 1 1 10 12 1 10 12 1 10 12 1 10 12 1 10 12 1 10 12 1 1 10 12 1 10 12 1 10 12 1 1 10 12 1 10 12 1 10 12 1 10 12 1 10 12 1 10 12 1 10 12 1 10 12 1 10 12 1 10 12 1 10 12 1 10 12 1 10 12 1 10 12 1 10 12 1 10 12 1 10 12 1 10 12 1 10 12 1 10 12 1 10 12 1 10 12 1 100 1 10 100 1 10 9 12 1 5 0 10 12 1 1 5 0 10 12 1 5 0 10 12 1 10 12 1 10 12 1 1 10 12 1 1 10 12 1 10 12 1 10 12 1 10 12 1 1 10 12 1 10 12 1 10 12 1 10 12 1 10 12 1 1 10 12 1 10 12 1 10 12 1 10 12 1 1 10 12 1 10 12 1 10 12 1 1 10 12 1 10 12 1 10 12 1 10 12 1 1 10 12 1 10 10 12 1 1 10 12 1 10 12 1 1 10 12 1 10 12 5 0 5 0 5 0 10 12 1 1 10 12 1 10 12 1 10 12 10 100 12 1 1 8 1 100 1 11 12 1 1 8 1 11 12 1 1 10 100 12 1 1 10 12 1 10 12 1 10 12 1 10 12 1 10 12 1 1 10 12 1 10 12 1 10 12 1 10 12 1 10 12 1 10 12 1 10 7 1 10 12 1 9 12 1 7 1 9 12 1 7 1 9 12 1 7 1 9 12 1 7 1 9 12 1 7 1 9 12 1 7 1 9 12 1 7 1 9 12 1 7 1 9 12 1 10 12 1 9 12 1 9 12 1 9 12 1 9 12 1 9 12 1 9 12 1 9 12 1 9 12 1 9 12 1 9 12 1 1 1 3 1 1 1 1 1 1 1 1 1 1 1 1 1 1 1 1 1 1 1 1 1 1 1 1 1 1 1 1 1 1 1 1 1 1 1 1 1 1 1 1 1 1 1 1 1 1 1 1 1 1 1 1 1 1 1 1 1 1 1 1 1 1 1 1 1 1 1 1 1 1 1 1 1 1 1 1 1 1 1 1 1 1 1 1 1 1 1 1 1 100 1 1 1 1 1 1 1 1 1 1 1 1 1 1 1 1 1 1 1 1 1 1 1 1 1 1 1 1 1 1 1 1 1 1 1 1 1 1 1 1 1 1 1 1 1 1 1 1 1 1 1 1 1 1 1 1 1 1 1 1 1 1 1 1 1 1 1 1 1 1 1 1 1 1 1 1 1 1 1 1 1 1 1 1 1 1 1 1 1 1 1 1 1 1 1 1 1 1 1 1 1 1 1 1 1 1 1 1 1 1 1 1 1 1 1 1 1 1 1 1 1 1 1 1 1 1 1 1 1 1 1 1 1 1 1 1 1 1 1 1 1 1 1 1 1 1 1 1 1 1 1 1 1 1 1 1 1 1 1 1 1 1 1 1 1 1 1 1 1 1 1 1 1 1 1 1 1 1 1 1 1 1 1 1 1 1 1 1 1 1 1 1 1 1 1 1 1 1 1 1 1 1 1 1 1 1 1 3 1 1 1 1 1 1 1 1 1 1 1 1 1 1 1 1 1 1 1 1 1
staticfield jdk/internal/misc/Unsafe theUnsafe Ljdk/internal/misc/Unsafe; jdk/internal/misc/Unsafe
staticfield jdk/internal/misc/Unsafe ARRAY_BOOLEAN_BASE_OFFSET I 16
staticfield jdk/internal/misc/Unsafe ARRAY_BYTE_BASE_OFFSET I 16
staticfield jdk/internal/misc/Unsafe ARRAY_SHORT_BASE_OFFSET I 16
staticfield jdk/internal/misc/Unsafe ARRAY_CHAR_BASE_OFFSET I 16
staticfield jdk/internal/misc/Unsafe ARRAY_INT_BASE_OFFSET I 16
staticfield jdk/internal/misc/Unsafe ARRAY_LONG_BASE_OFFSET I 16
staticfield jdk/internal/misc/Unsafe ARRAY_FLOAT_BASE_OFFSET I 16
staticfield jdk/internal/misc/Unsafe ARRAY_DOUBLE_BASE_OFFSET I 16
staticfield jdk/internal/misc/Unsafe ARRAY_OBJECT_BASE_OFFSET I 16
staticfield jdk/internal/misc/Unsafe ARRAY_BOOLEAN_INDEX_SCALE I 1
staticfield jdk/internal/misc/Unsafe ARRAY_BYTE_INDEX_SCALE I 1
staticfield jdk/internal/misc/Unsafe ARRAY_SHORT_INDEX_SCALE I 2
staticfield jdk/internal/misc/Unsafe ARRAY_CHAR_INDEX_SCALE I 2
staticfield jdk/internal/misc/Unsafe ARRAY_INT_INDEX_SCALE I 4
staticfield jdk/internal/misc/Unsafe ARRAY_LONG_INDEX_SCALE I 8
staticfield jdk/internal/misc/Unsafe ARRAY_FLOAT_INDEX_SCALE I 4
staticfield jdk/internal/misc/Unsafe ARRAY_DOUBLE_INDEX_SCALE I 8
staticfield jdk/internal/misc/Unsafe ARRAY_OBJECT_INDEX_SCALE I 4
staticfield jdk/internal/misc/Unsafe ADDRESS_SIZE I 8
ciInstanceKlass java/lang/ThreadGroup 1 1 293 10 7 12 1 1 1 9 7 12 1 1 1 8 1 9 12 1 1 7 1 9 12 1 9 12 1 1 10 12 1 1 10 12 1 1 10 12 1 10 12 1 1 10 12 1 9 12 1 1 10 12 1 1 10 12 1 9 12 1 10 100 12 1 1 1 9 12 1 9 12 1 1 10 7 12 1 1 1 100 10 12 1 1 10 7 12 1 1 1 10 100 12 1 9 12 1 10 12 1 1 10 12 1 1 9 12 1 1 10 12 1 1 10 12 1 10 12 1 10 12 1 1 10 12 1 1 10 12 1 10 12 1 10 10 12 1 10 12 1 10 100 1 10 10 12 1 10 12 1 10 12 1 7 10 12 1 9 12 1 1 10 12 1 1 8 1 10 100 12 1 1 1 10 12 1 1 10 12 1 1 10 12 1 1 11 100 1 100 1 9 12 1 100 1 10 8 1 10 12 1 1 10 12 1 1 8 1 10 12 1 10 100 12 1 1 1 10 12 1 1 10 100 1 8 1 10 8 1 10 12 1 8 1 1 1 1 1 1 1 1 1 1 1 1 1 1 1 1 1 3 1 1 1 1 1 1 1 1 1 1 1 1 1 1 1 1 1 1 1 1 1 1 1 1 1 1 1 1 1 1 1 1 1 1 1 1 1 1 1 1 1 1
instanceKlass org/pentaho/di/core/ConcurrentMapProperties
instanceKlass org/pentaho/di/laf/OverlayProperties
instanceKlass org/pentaho/reporting/libraries/base/config/DefaultConfiguration
instanceKlass java/security/Provider
ciInstanceKlass java/util/Properties 1 1 651 10 7 12 1 1 1 100 1 10 7 12 1 1 7 1 10 12 1 9 12 1 1 9 12 1 1 9 12 1 1 10 7 12 1 1 1 10 12 1 1 8 1 10 7 12 1 1 1 7 1 10 12 1 10 12 1 1 8 1 10 12 1 7 1 10 12 10 12 1 1 9 12 1 1 10 12 1 1 7 1 10 12 1 10 12 1 10 12 1 1 100 1 8 1 10 12 1 10 12 1 10 12 1 1 10 12 1 100 1 3 10 10 100 12 1 1 1 10 12 1 10 12 1 1 8 1 10 12 1 10 12 1 1 8 1 10 100 12 1 1 10 12 1 1 10 12 1 10 12 1 1 100 1 10 12 1 10 12 1 1 100 1 9 100 12 1 1 1 10 12 1 10 12 1 1 100 1 10 10 10 12 1 1 11 7 12 1 1 1 11 7 12 1 1 1 11 12 1 1 7 1 11 12 1 11 12 1 10 12 1 1 8 1 10 12 1 10 12 1 100 1 10 10 12 1 1 10 100 12 1 1 9 100 12 1 1 10 12 1 1 10 100 12 1 1 1 100 1 100 1 100 1 10 8 1 8 1 10 12 1 10 12 1 10 12 1 1 10 10 12 1 1 10 12 1 1 7 1 10 10 12 1 11 7 12 1 1 10 7 12 1 1 1 8 1 10 100 12 1 1 11 8 1 10 100 1 11 10 12 1 10 12 1 10 12 1 10 12 1 1 10 12 1 1 10 12 1 1 10 12 1 10 12 1 10 10 12 1 10 12 1 10 12 1 10 10 12 1 1 10 12 1 1 7 1 10 10 12 1 10 12 1 10 12 1 10 12 1 10 12 1 1 10 12 1 1 10 12 1 10 12 1 10 12 1 1 10 12 10 12 1 1 10 12 1 1 10 12 1 10 12 1 1 10 12 1 1 10 12 100 1 10 11 100 12 1 1 4 11 10 12 1 1 10 100 12 1 1 11 12 1 10 12 1 1 10 100 12 1 1 10 12 1 100 1 8 1 10 12 1 10 10 100 12 1 1 1 100 1 6 0 10 12 1 1 11 100 12 1 1 1 10 12 1 10 12 1 1 1 1 1 5 0 1 1 1 1 1 1 1 1 1 1 1 1 1 1 1 1 1 1 1 1 1 1 1 1 1 1 1 1 1 1 1 1 1 1 1 1 1 1 1 1 100 1 1 1 1 1 1 1 1 1 1 1 1 1 1 1 1 1 1 1 1 100 1 1 1 1 1 1 1 100 1 100 1 1 1 1 100 1 1 1 1 1 1 1 1 1 1 1 1 1 1 1 1 1 1 1 1 1 1 1 1 1 1 1 1 1 1 1 1 1 1 1 1 1 1 1 1 1 1 1 1 1 1 1 1 1 1 1 1 1 1 1 1 1 1 1 1 1 1 1 1 1 1 1 1 1 1 1 1 1 1 1 1 100 1 1 1 1 1 1 1 1 1 100 1 1 1
staticfield java/util/Properties UNSAFE Ljdk/internal/misc/Unsafe; jdk/internal/misc/Unsafe
instanceKlass java/util/Hashtable
ciInstanceKlass java/util/Dictionary 1 1 36 10 7 12 1 1 1 100 1 1 1 1 1 1 1 1 1 1 1 1 1 1 1 1 1 1 1 1 1 1 1 1 1 1 1 1
instanceKlass javax/swing/UIDefaults
instanceKlass org/apache/commons/logging/impl/WeakHashtable
instanceKlass java/util/Properties
ciInstanceKlass java/util/Hashtable 1 1 512 100 1 10 7 12 1 1 1 9 7 12 1 1 1 100 1 100 1 10 8 1 10 12 1 1 10 12 1 10 12 1 1 10 12 1 10 7 12 1 1 1 8 1 10 12 1 9 12 1 1 7 1 9 12 1 1 4 10 7 12 1 1 1 9 12 1 4 10 12 1 11 7 12 1 1 1 10 12 1 1 10 12 1 1 9 12 1 10 12 1 1 100 1 10 9 12 1 1 10 7 12 1 1 1 9 12 1 1 10 12 1 10 12 1 3 9 12 1 9 12 1 3 10 12 1 10 12 1 10 12 1 1 11 12 1 1 11 7 12 1 1 1 11 7 12 1 1 1 11 12 1 7 1 11 12 1 11 12 1 10 12 1 1 10 12 1 1 10 12 1 9 12 1 1 9 12 9 12 1 1 10 100 1 100 1 10 12 1 10 8 1 10 10 12 1 8 1 10 8 1 10 7 12 1 1 1 7 1 10 12 1 10 12 1 100 1 10 12 1 10 12 1 1 7 1 10 100 1 10 10 12 1 1 11 12 1 1 11 12 1 100 1 10 10 10 100 12 1 1 11 100 12 1 1 1 100 1 10 11 100 12 1 1 11 100 12 1 10 12 1 10 12 1 1 10 100 12 1 1 10 12 1 1 10 12 1 1 10 12 1 1 10 100 12 1 1 1 8 10 100 12 1 1 100 1 8 1 10 4 10 12 4 10 12 1 8 1 10 12 10 100 12 1 1 1 100 1 11 100 12 1 1 1 10 100 12 1 1 1 10 12 1 10 12 1 1 10 100 1 100 1 1 1 1 1 1 5 0 1 1 1 1 1 3 1 3 1 3 1 1 1 1 1 1 1 1 1 1 1 1 1 1 1 1 1 1 1 1 1 1 1 1 1 100 1 1 1 1 1 1 1 1 1 1 1 1 1 1 1 1 1 1 1 1 1 1 1 1 1 1 1 1 1 100 1 1 1 1 1 1 1 1 1 1 1 1 1 1 1 1 1 1 1 1 1 1 1 1 1 1 1 1 1 1 1 1 1 1 1 1 1 1 1 1 1 1 1 1 1 1 1 1 1 1 1 1 1 1 1 1 1 1 100 1 1 1 100 1 1 1 1 1 100 1 1 1 1 1 1 1 1 1 1 1 1 1 1 1 1 1 1
instanceKlass org/hsqldb/lib/ReaderInputStream
instanceKlass org/hsqldb/lib/CountdownInputStream
instanceKlass org/hsqldb/lib/HsqlByteArrayInputStream
instanceKlass org/scannotation/archiveiterator/InputStreamWrapper
instanceKlass java/io/ObjectInputStream$PeekInputStream
instanceKlass java/io/ObjectInputStream$BlockDataInputStream
instanceKlass org/apache/commons/compress/compressors/CompressorInputStream
instanceKlass java/io/ObjectInputStream
instanceKlass org/apache/xerces/impl/XMLEntityManager$RewindableInputStream
instanceKlass java/util/zip/ZipFile$ZipFileInputStream
instanceKlass java/io/FilterInputStream
instanceKlass java/io/FileInputStream
instanceKlass java/io/ByteArrayInputStream
ciInstanceKlass java/io/InputStream 1 1 184 100 1 10 7 12 1 1 1 100 1 10 10 7 12 1 1 1 10 7 12 1 1 1 10 12 1 7 1 3 10 12 1 1 100 1 8 1 10 12 1 10 7 12 1 1 1 3 100 1 8 1 10 10 7 12 1 1 1 7 1 10 11 7 12 1 1 1 10 12 1 1 11 12 1 1 11 7 12 1 1 1 11 12 1 1 7 1 10 7 12 1 1 1 5 0 10 12 1 10 12 1 1 100 1 10 8 1 10 8 1 8 1 10 12 1 1 10 100 12 1 1 1 100 1 1 1 1 3 1 3 1 1 1 1 1 1 1 1 1 1 1 1 1 1 1 1 1 1 1 1 1 1 1 1 1 1 1 1 1 1 1 1 1 1 1 1 1 1 1 1 1 1 1 1 1 1 1 1 1 1 1 1 1
ciInstanceKlass java/io/ByteArrayInputStream 1 1 96 10 7 12 1 1 1 9 7 12 1 1 1 9 12 1 1 9 12 1 9 12 1 10 7 12 1 1 1 10 7 12 1 1 1 10 7 12 1 1 1 10 7 12 1 1 1 10 12 1 1 10 100 12 1 1 1 1 1 1 1 1 1 1 1 1 1 1 1 1 1 1 1 1 1 1 1 1 1 1 1 100 1 1 1 1 1 1 1 1 1 1 1 1 1 1
instanceKlass org/hsqldb/jdbc/JDBCConnection$1
instanceKlass org/hsqldb/jdbc/JDBCDriver$1
instanceKlass org/pentaho/di/core/KettleEnvironment$1
instanceKlass org/apache/commons/vfs2/cache/SoftRefFilesCache$SoftRefReleaseThread
instanceKlass java/util/TimerThread
instanceKlass net/sf/ehcache/CacheManager$1
instanceKlass sun/awt/image/ImageFetcher
instanceKlass java/util/concurrent/ForkJoinWorkerThread
instanceKlass java/util/logging/LogManager$Cleaner
instanceKlass org/apache/logging/log4j/core/util/Log4jThread
instanceKlass java/awt/EventDispatchThread
instanceKlass jdk/internal/misc/InnocuousThread
instanceKlass java/lang/ref/Finalizer$FinalizerThread
instanceKlass java/lang/ref/Reference$ReferenceHandler
ciInstanceKlass java/lang/Thread 1 1 612 9 7 12 1 1 1 9 12 1 1 10 12 1 1 9 12 1 1 9 12 1 1 100 1 8 1 10 12 1 1 3 8 1 100 1 5 0 10 12 1 1 10 7 12 1 1 9 12 1 1 9 12 1 9 12 1 1 9 12 1 100 1 8 1 10 9 12 1 1 10 7 12 1 1 1 10 100 12 1 1 1 10 10 7 12 1 1 10 12 1 1 10 12 1 1 9 100 12 1 1 1 10 12 1 1 10 12 1 9 12 1 1 10 12 1 1 10 12 1 1 9 12 1 10 12 1 1 9 12 1 1 10 7 12 1 1 1 9 12 1 1 9 12 1 1 10 12 1 1 10 7 12 1 1 1 9 12 1 10 12 1 1 9 12 1 100 1 10 7 1 10 8 1 10 12 1 1 10 12 1 10 12 1 10 12 1 1 10 12 1 10 12 1 9 12 1 100 1 10 10 12 1 1 10 12 1 10 12 1 100 1 11 7 12 1 1 9 7 12 1 1 1 10 12 1 10 12 1 10 12 9 12 1 1 10 9 12 1 10 12 1 100 1 10 10 12 1 1 9 12 1 10 12 1 11 100 12 1 1 10 12 1 9 12 1 10 12 1 10 12 1 10 10 12 1 10 12 1 10 12 1 10 12 1 10 12 1 1 100 1 10 10 12 1 10 12 1 10 12 1 9 100 12 1 1 1 10 12 1 1 10 12 1 100 1 8 1 10 10 12 1 10 12 8 1 10 12 1 8 1 10 8 1 8 1 10 100 12 1 1 10 100 12 1 1 1 100 1 8 1 10 9 12 1 9 12 1 1 10 12 1 1 10 10 12 1 1 9 12 1 10 12 1 1 100 1 10 12 11 100 12 1 1 1 9 100 12 1 1 1 9 12 1 1 10 12 1 1 100 1 10 12 1 11 100 12 1 1 1 100 1 10 12 1 10 12 1 1 11 12 1 10 12 1 100 1 10 12 1 10 12 1 1 10 100 12 1 1 1 8 1 9 12 1 10 12 1 1 11 100 12 1 1 1 10 100 12 1 1 1 11 12 1 10 12 1 7 1 1 1 1 3 1 3 1 3 1 1 1 1 1 1 1 1 1 1 1 1 1 1 1 1 1 1 1 100 1 1 1 1 1 1 1 1 1 1 1 1 100 1 100 1 1 1 1 1 1 1 1 1 1 1 1 1 1 1 1 1 1 1 1 1 1 1 1 1 1 1 1 1 1 1 1 1 1 1 1 1 1 1 1 1 1 1 100 100 1 1 1 1 1 1 1 1 1 100 1 1 1 1 1 1 1 1 1 1 1 1 1 1 1 1 1 1 1 1 1 1 1 1 1 1 1 1 100 1 1 1 1 1 1 100 1 1 100 1 1 1 1 1 1
staticfield java/lang/Thread EMPTY_STACK_TRACE [Ljava/lang/StackTraceElement; 0 [Ljava/lang/StackTraceElement;
ciMethod java/lang/System identityHashCode (Ljava/lang/Object;)I 768 0 384 0 -1
ciInstanceKlass java/lang/StringLatin1 1 1 380 7 1 10 100 12 1 1 1 100 1 10 12 1 10 7 12 1 1 1 10 7 12 1 1 1 10 12 1 10 7 12 1 1 1 10 12 1 1 10 7 12 1 1 1 10 12 1 1 10 12 1 1 10 10 12 1 10 12 1 1 10 9 7 12 1 1 1 10 12 1 1 10 7 12 1 1 1 10 12 10 12 1 1 10 12 1 1 10 12 1 1 10 7 12 1 1 1 10 12 1 10 12 1 1 9 12 1 1 100 1 10 10 7 12 1 1 1 10 7 12 1 1 1 10 12 1 10 12 1 100 1 100 1 8 1 10 12 1 8 1 10 12 100 1 10 10 10 7 12 1 1 1 8 1 8 1 8 1 10 12 1 1 10 100 12 1 1 10 12 1 10 12 1 1 10 12 1 1 10 12 1 1 10 12 1 10 12 10 12 10 12 1 10 12 10 10 12 1 10 12 1 10 12 1 10 7 12 1 1 1 10 7 12 1 1 1 10 12 1 1 10 12 1 1 10 10 7 12 1 1 1 1 1 1 1 1 1 1 1 1 1 1 1 1 1 1 1 1 1 1 1 1 1 1 1 1 1 1 1 1 1 1 1 1 1 1 1 1 1 1 1 1 1 1 1 1 1 1 1 1 100 1 1 1 1 1 1 1 1 1 1 1 1 1 1 1 1 1 1 1 1 1 1 1 1 1 1 1 1 1 1 1 1 1 1 1 1 1 1 1 1 1 1 1 1 100 1 1 1 1 1 1 1 1 1 1 1 1 1 1 1 1 1 1 1 1 1 100 1 1 1 1 1 1 1 1 1 1 1 1 1 1 1 1 1 1 1 1 1 1 1 1 1 1 100 1 1 1 1
staticfield java/lang/StringLatin1 $assertionsDisabled Z 1
ciMethod java/lang/StringLatin1 equals ([B[B)Z 608 576 7480 0 -1
ciMethod java/lang/StringLatin1 hashCode ([B)I 420 7794 1207 0 -1
ciInstanceKlass java/lang/StringUTF16 1 1 598 100 1 7 1 10 100 12 1 1 1 100 1 10 7 1 3 100 1 100 1 10 8 1 10 12 1 1 10 12 1 8 1 10 12 1 1 10 12 1 9 12 1 1 10 12 1 1 100 1 8 1 10 12 1 9 12 1 1 9 12 1 10 10 12 1 1 10 12 1 1 10 7 12 1 1 1 10 12 1 10 12 1 1 10 12 1 1 10 12 1 1 10 12 1 1 10 12 1 10 12 1 1 10 12 1 1 10 12 1 1 10 12 1 1 10 12 1 10 12 1 10 12 1 1 10 12 1 100 1 10 12 1 10 10 12 1 1 10 12 1 10 12 1 1 10 12 1 10 7 12 1 1 1 10 7 12 1 1 1 10 12 10 12 1 1 10 12 1 10 12 1 1 10 12 1 1 10 12 1 10 12 1 10 12 1 3 10 12 1 1 10 12 1 10 12 1 10 12 1 10 12 1 10 12 1 10 12 1 1 9 12 1 10 12 1 10 12 1 10 12 1 10 12 1 10 12 1 10 10 12 10 12 10 10 100 12 1 1 1 10 7 12 1 1 1 10 12 1 10 12 1 100 1 8 1 8 1 10 12 1 1 100 1 10 10 100 12 1 1 1 10 100 12 1 1 8 1 8 1 8 1 10 12 1 1 10 12 1 1 10 12 10 12 1 10 100 12 1 1 10 12 1 1 10 12 1 1 10 12 1 10 12 10 12 10 12 1 10 12 10 12 1 10 12 1 10 12 1 10 12 1 10 12 1 10 100 12 1 1 1 10 100 12 1 1 1 10 12 1 1 10 12 1 1 11 100 12 1 1 10 12 1 10 12 1 10 12 1 1 9 12 1 1 9 12 1 5 0 5 0 10 12 1 10 12 10 12 10 7 12 1 1 1 10 12 1 1 1 1 1 1 1 1 1 1 1 1 1 1 1 1 1 1 1 1 1 1 1 1 1 1 1 1 1 1 1 100 1 1 1 1 1 1 1 1 1 1 1 1 1 1 1 1 1 1 1 1 1 1 1 1 1 1 1 1 1 1 1 1 1 1 1 1 1 1 1 1 1 1 1 1 1 1 1 1 1 1 1 1 1 1 1 1 1 1 1 1 1 1 1 1 1 1 1 1 1 1 1 1 1 1 1 1 1 1 1 1 1 1 100 1 1 1 1 1 1 1 1 1 1 1 1 1 1 1 1 1 100 1 1 1 1 1 1 1 1 1 1 1 1 1 1 1 1 1 1 1 1 1 1 1 1 1 1 1 1 1 1 1 1 1 1 1 1 1 1 1 1 1 1 1 1 1 1 1 1 1 1 1 1 1 1 1 1 1 1 1 1 1 100 1 100 1 1 1 1 1
staticfield java/lang/StringUTF16 HI_BYTE_SHIFT I 0
staticfield java/lang/StringUTF16 LO_BYTE_SHIFT I 8
staticfield java/lang/StringUTF16 $assertionsDisabled Z 1
ciMethod java/lang/StringUTF16 hashCode ([B)I 0 0 406 0 -1
instanceKlass java/lang/Exception
instanceKlass java/lang/Error
ciInstanceKlass java/lang/Throwable 1 1 393 10 7 12 1 1 1 9 7 12 1 1 1 9 12 1 1 9 12 1 9 12 1 1 9 12 1 10 12 1 1 9 12 1 1 10 12 1 1 10 12 1 100 1 7 1 10 8 1 10 12 1 1 8 1 10 100 12 1 1 10 10 12 1 100 1 8 1 10 10 12 1 1 10 7 12 1 1 10 12 1 8 1 9 7 12 1 1 1 10 12 1 1 7 1 10 12 10 12 1 7 1 10 10 7 12 1 1 1 11 7 12 1 1 1 10 7 12 1 1 1 10 12 1 1 10 12 1 1 8 1 10 12 1 10 12 1 1 8 1 8 1 10 12 1 1 10 12 1 8 1 8 1 9 12 1 1 10 100 12 1 1 100 1 10 11 12 1 8 1 8 1 10 7 12 1 1 8 1 10 12 1 8 1 100 1 10 12 1 9 12 1 1 10 12 1 10 100 12 1 9 12 1 1 10 12 1 1 100 1 8 1 10 12 1 10 100 12 1 1 10 12 1 1 100 1 10 100 12 1 1 1 10 12 1 11 100 12 1 1 1 11 100 12 1 1 1 11 12 1 8 1 10 12 1 1 8 1 10 10 9 100 12 1 1 1 8 1 10 12 1 1 10 100 1 8 1 10 11 12 1 1 8 1 9 12 1 10 100 12 1 1 11 9 12 1 1 11 12 1 1 100 10 12 1 10 12 1 1 100 1 1 1 1 5 0 1 1 1 1 1 1 1 1 1 1 1 1 1 100 1 1 1 1 1 1 1 1 1 1 1 1 1 1 1 1 1 1 1 1 1 1 1 1 1 1 1 1 1 1 1 1 1 1 1 1 1 1 1 1 1 1 100 1 100 1 1 1 1 1 1 1 1 1 1 1 1 1 1 1 1 1 1
staticfield java/lang/Throwable UNASSIGNED_STACK [Ljava/lang/StackTraceElement; 0 [Ljava/lang/StackTraceElement;
staticfield java/lang/Throwable SUPPRESSED_SENTINEL Ljava/util/List; java/util/Collections$EmptyList
staticfield java/lang/Throwable EMPTY_THROWABLE_ARRAY [Ljava/lang/Throwable; 0 [Ljava/lang/Throwable;
staticfield java/lang/Throwable $assertionsDisabled Z 1
instanceKlass javax/swing/text/BadLocationException
instanceKlass java/awt/AWTException
instanceKlass java/awt/datatransfer/UnsupportedFlavorException
instanceKlass java/util/TooManyListenersException
instanceKlass org/jaxen/saxpath/SAXPathException
instanceKlass org/dom4j/DocumentException
instanceKlass org/pentaho/ui/xul/XulException
instanceKlass java/beans/PropertyVetoException
instanceKlass org/apache/bsf/BSFException
instanceKlass org/pentaho/reporting/engine/classic/core/util/beans/BeanException
instanceKlass sun/nio/fs/WindowsException
instanceKlass java/util/zip/DataFormatException
instanceKlass org/hsqldb/lib/tar/TarMalformatException
instanceKlass org/pentaho/di/core/lifecycle/LifecycleException
instanceKlass org/pentaho/support/encryption/PasswordEncoderException
instanceKlass javassist/NotFoundException
instanceKlass javassist/CannotCompileException
instanceKlass javassist/bytecode/BadBytecode
instanceKlass org/scannotation/AnnotationDB$CrossReferenceException
instanceKlass org/pentaho/di/core/exception/KettleVersionException
instanceKlass org/pentaho/di/core/exception/KettleException
instanceKlass org/pentaho/reporting/engine/classic/core/modules/misc/configstore/base/ConfigStoreException
instanceKlass org/pentaho/reporting/engine/classic/core/modules/parser/bundle/writer/BundleWriterException
instanceKlass org/pentaho/reporting/libraries/fonts/FontException
instanceKlass org/pentaho/reporting/engine/classic/core/ReportProcessingException
instanceKlass java/beans/IntrospectionException
instanceKlass org/pentaho/reporting/libraries/formula/parser/ParseException
instanceKlass java/util/concurrent/ExecutionException
instanceKlass java/util/concurrent/TimeoutException
instanceKlass net/sf/ehcache/management/provider/MBeanRegistrationProviderException
instanceKlass org/pentaho/reporting/libraries/repository/ContentIOException
instanceKlass java/sql/SQLException
instanceKlass org/pentaho/reporting/libraries/resourceloader/ResourceException
instanceKlass org/pentaho/reporting/libraries/base/boot/ModuleInitializeException
instanceKlass javax/management/JMException
instanceKlass java/security/GeneralSecurityException
instanceKlass java/text/ParseException
instanceKlass org/apache/xerces/impl/dv/DatatypeException
instanceKlass javax/xml/parsers/ParserConfigurationException
instanceKlass org/xml/sax/SAXException
instanceKlass javax/naming/NamingException
instanceKlass java/lang/CloneNotSupportedException
instanceKlass java/lang/InterruptedException
instanceKlass java/util/prefs/BackingStoreException
instanceKlass java/security/PrivilegedActionException
instanceKlass java/io/IOException
instanceKlass java/net/URISyntaxException
instanceKlass java/lang/ReflectiveOperationException
instanceKlass java/lang/RuntimeException
ciInstanceKlass java/lang/Exception 1 1 40 10 7 12 1 1 1 10 12 1 10 12 1 10 12 1 10 12 1 100 1 1 1 1 5 0 1 1 1 1 1 1 1 1 1 1 1 1 1 1
instanceKlass java/lang/reflect/InvocationTargetException
instanceKlass java/lang/InstantiationException
instanceKlass java/lang/IllegalAccessException
instanceKlass java/lang/NoSuchFieldException
instanceKlass java/lang/NoSuchMethodException
instanceKlass java/lang/ClassNotFoundException
ciInstanceKlass java/lang/ReflectiveOperationException 1 1 34 10 7 12 1 1 1 10 12 1 10 12 1 10 12 1 100 1 1 1 1 5 0 1 1 1 1 1 1 1 1 1 1 1
instanceKlass org/apache/commons/beanutils/ConversionException
instanceKlass org/pentaho/ui/xul/binding/BindingException
instanceKlass org/apache/commons/lang/exception/NestableRuntimeException
instanceKlass org/jaxen/JaxenRuntimeException
instanceKlass org/dom4j/XPathException
instanceKlass org/pentaho/reporting/engine/classic/core/modules/misc/connections/DatasourceMgmtServiceException
instanceKlass org/pentaho/reporting/engine/classic/core/modules/misc/connections/DatasourceServiceException
instanceKlass org/pentaho/reporting/engine/classic/core/InvalidReportStateException
instanceKlass java/io/UncheckedIOException
instanceKlass java/lang/NegativeArraySizeException
instanceKlass org/hsqldb/HsqlException
instanceKlass java/lang/reflect/InaccessibleObjectException
instanceKlass javassist/bytecode/StackMapTable$RuntimeCopyException
instanceKlass javassist/bytecode/CodeAttribute$RuntimeCopyException
instanceKlass java/util/EmptyStackException
instanceKlass net/sf/ehcache/CacheException
instanceKlass org/pentaho/reporting/libraries/base/boot/ObjectFactoryException
instanceKlass org/pentaho/reporting/engine/classic/core/metadata/MetaDataLookupException
instanceKlass java/util/ConcurrentModificationException
instanceKlass java/lang/IndexOutOfBoundsException
instanceKlass org/w3c/dom/events/EventException
instanceKlass org/w3c/dom/DOMException
instanceKlass java/util/MissingResourceException
instanceKlass org/apache/xerces/impl/dv/DVFactoryException
instanceKlass org/apache/xerces/parsers/AbstractDOMParser$Abort
instanceKlass org/apache/xerces/xni/XNIException
instanceKlass java/time/DateTimeException
instanceKlass java/lang/reflect/UndeclaredThrowableException
instanceKlass org/apache/logging/log4j/core/config/ConfigurationException
instanceKlass java/util/NoSuchElementException
instanceKlass org/apache/logging/log4j/LoggingException
instanceKlass java/lang/UnsupportedOperationException
instanceKlass org/apache/commons/logging/LogConfigurationException
instanceKlass java/lang/IllegalStateException
instanceKlass java/lang/SecurityException
instanceKlass java/lang/IllegalArgumentException
instanceKlass java/lang/ArithmeticException
instanceKlass java/lang/NullPointerException
instanceKlass java/lang/IllegalMonitorStateException
instanceKlass java/lang/ArrayStoreException
instanceKlass java/lang/ClassCastException
ciInstanceKlass java/lang/RuntimeException 1 1 40 10 7 12 1 1 1 10 12 1 10 12 1 10 12 1 10 12 1 100 1 1 1 1 5 0 1 1 1 1 1 1 1 1 1 1 1 1 1 1
instanceKlass javassist/bytecode/annotation/NoSuchClassError
instanceKlass java/lang/AssertionError
instanceKlass java/util/ServiceConfigurationError
instanceKlass org/apache/xerces/impl/dv/ObjectFactory$ConfigurationError
instanceKlass org/apache/xerces/parsers/ObjectFactory$ConfigurationError
instanceKlass java/lang/VirtualMachineError
instanceKlass java/lang/LinkageError
instanceKlass java/lang/ThreadDeath
ciInstanceKlass java/lang/Error 1 1 40 10 7 12 1 1 1 10 12 1 10 12 1 10 12 1 10 12 1 100 1 1 1 1 5 0 1 1 1 1 1 1 1 1 1 1 1 1 1 1
instanceKlass java/lang/StackOverflowError
instanceKlass java/lang/OutOfMemoryError
instanceKlass java/lang/InternalError
ciInstanceKlass java/lang/VirtualMachineError 1 1 34 10 100 12 1 1 1 10 12 1 10 12 1 10 12 1 100 1 1 1 1 5 0 1 1 1 1 1 1 1 1 1 1 1
ciInstanceKlass java/lang/StackOverflowError 1 1 26 10 100 12 1 1 1 10 12 1 100 1 1 1 1 5 0 1 1 1 1 1 1 1 1 1
instanceKlass java/lang/IncompatibleClassChangeError
instanceKlass java/lang/BootstrapMethodError
instanceKlass java/lang/NoClassDefFoundError
ciInstanceKlass java/lang/LinkageError 1 1 31 10 7 12 1 1 1 10 12 1 10 12 1 100 1 1 1 1 5 0 1 1 1 1 1 1 1 1 1 1 1
ciInstanceKlass java/lang/ArrayStoreException 1 1 26 10 100 12 1 1 1 10 12 1 100 1 1 1 1 5 0 1 1 1 1 1 1 1 1 1
ciInstanceKlass java/lang/ThreadDeath 0 0 21 10 100 12 1 1 1 100 1 1 1 1 5 0 1 1 1 1 1 1 1
ciInstanceKlass java/lang/StackTraceElement 1 1 224 10 7 12 1 1 1 10 7 12 1 1 9 12 1 1 9 12 1 1 9 12 1 9 12 1 8 1 10 100 12 1 1 1 7 1 9 12 1 8 1 9 12 1 9 12 1 9 12 1 1 8 1 10 12 1 1 10 12 1 7 1 10 10 12 1 1 8 1 10 12 1 1 10 12 1 8 1 8 1 8 1 10 12 1 8 1 8 1 10 12 1 8 1 8 1 10 12 1 1 10 12 1 10 12 1 1 10 12 1 9 12 1 1 10 7 12 1 1 1 10 12 1 1 7 1 10 12 1 1 10 7 12 1 1 10 7 12 1 1 1 10 7 12 1 1 10 7 12 1 1 10 10 12 1 1 10 12 1 10 12 1 1 100 1 1 1 1 1 3 1 3 1 1 5 0 1 1 1 1 1 1 1 1 1 1 1 1 1 1 1 1 1 1 1 1 1 1 1 1 1 1 100 1 100 1 1 1 1 1 1 1 1 1 1 100 1 1 1 1 1 1 1 1
instanceKlass java/util/IdentityHashMap$Values
instanceKlass java/util/TreeMap$Values
instanceKlass org/apache/logging/log4j/ThreadContext$EmptyThreadContextStack
instanceKlass java/util/concurrent/ConcurrentLinkedDeque
instanceKlass java/util/LinkedHashMap$LinkedValues
instanceKlass java/util/AbstractQueue
instanceKlass java/util/HashMap$Values
instanceKlass java/util/ArrayDeque
instanceKlass java/util/AbstractSet
instanceKlass java/util/ImmutableCollections$AbstractImmutableCollection
instanceKlass java/util/AbstractList
ciInstanceKlass java/util/AbstractCollection 1 1 160 10 7 12 1 1 1 10 7 12 1 1 1 10 12 1 1 11 7 12 1 1 1 11 12 1 1 10 12 1 1 10 100 12 1 1 1 10 12 1 1 10 12 1 1 10 7 12 1 1 10 7 12 1 1 1 7 1 10 100 12 1 1 1 10 100 12 1 1 1 100 1 10 11 12 1 11 7 1 10 12 1 10 12 1 10 100 12 1 1 1 11 8 1 100 1 10 10 12 1 1 8 1 10 12 1 10 12 1 1 1 1 1 1 1 1 1 1 1 1 1 1 1 1 1 1 1 1 1 1 1 1 1 1 1 1 1 1 1 1 1 1 1 1 1 1 1 1 1 1 1 1 1 1 1 1 1 1 1 1
ciInstanceKlass java/lang/Boolean 1 1 151 10 7 12 1 1 1 9 7 12 1 1 1 10 12 1 1 10 12 1 8 1 10 7 12 1 1 9 12 1 1 9 12 1 8 1 10 12 1 1 10 12 1 1 10 7 12 1 1 1 100 1 100 1 10 12 1 1 9 100 12 1 1 9 12 10 100 12 1 1 1 10 12 1 1 8 1 10 7 12 1 1 1 9 12 1 1 100 1 100 1 100 1 1 1 1 1 1 5 0 1 1 1 1 1 1 1 1 1 1 3 1 1 1 1 1 1 1 1 1 1 1 1 1 1 1 1 1 1 1 1 100 1 1 1 1 1 1 1 1 1 1 100 1 1 1 1 1 1 1 1
staticfield java/lang/Boolean TRUE Ljava/lang/Boolean; java/lang/Boolean
staticfield java/lang/Boolean FALSE Ljava/lang/Boolean; java/lang/Boolean
staticfield java/lang/Boolean TYPE Ljava/lang/Class; java/lang/Class
instanceKlass java/util/concurrent/locks/AbstractQueuedSynchronizer
ciInstanceKlass java/util/concurrent/locks/AbstractOwnableSynchronizer 1 1 32 10 7 12 1 1 1 9 7 12 1 1 1 100 1 1 1 1 5 0 1 1 1 1 1 1 1 1 1 1 1 1
instanceKlass java/lang/LiveStackFrameInfo
ciInstanceKlass java/lang/StackFrameInfo 1 1 132 10 7 12 1 1 1 9 7 12 1 1 1 9 7 1 9 12 1 1 11 7 12 1 1 1 9 12 1 1 11 12 1 1 10 12 1 1 10 100 12 1 1 1 10 12 1 11 12 1 11 12 1 1 11 12 1 10 12 1 1 9 12 1 1 10 12 1 1 10 100 12 1 1 10 12 1 1 11 12 1 1 10 12 1 9 12 1 1 10 12 1 1 100 1 8 1 10 12 1 10 7 12 1 1 1 100 1 1 1 1 1 1 1 1 1 1 1 1 1 1 1 1 1 1 100 1 1 1 1 1 1
staticfield java/lang/StackFrameInfo JLIA Ljdk/internal/access/JavaLangInvokeAccess; java/lang/invoke/MethodHandleImpl$1
ciInstanceKlass java/lang/LiveStackFrameInfo 0 0 97 10 100 12 1 1 1 9 100 12 1 1 1 9 12 1 9 12 1 9 12 1 9 12 1 1 100 1 10 12 1 1 10 12 1 8 1 10 12 1 1 8 1 8 1 8 1 10 100 1 10 12 1 100 1 10 12 1 100 1 100 1 1 1 3 1 3 1 1 1 1 1 1 1 1 1 1 1 1 1 1 1 1 1 1 1 1 1 1 1 1 1 1 1 100 1 1
ciInstanceKlass java/lang/Character 1 1 576 7 1 100 1 100 1 9 12 1 1 8 1 9 12 1 1 100 1 9 12 1 1 10 100 12 1 1 1 10 100 12 1 1 1 10 100 12 1 1 1 10 7 12 1 1 1 9 7 12 1 1 1 10 12 1 10 12 1 1 10 12 1 1 10 100 12 1 1 10 12 1 1 3 3 3 3 3 10 12 1 1 10 12 1 3 11 7 12 1 1 1 11 12 1 1 10 12 1 1 10 12 1 1 100 1 10 10 12 1 3 10 12 1 1 10 12 1 10 12 1 1 100 1 8 1 10 12 1 1 10 12 1 10 12 1 10 12 1 10 12 1 10 12 1 1 10 12 1 10 7 12 1 1 10 10 12 1 10 10 12 1 10 12 1 1 10 12 1 10 10 12 1 10 12 1 10 12 1 10 12 1 10 12 1 10 12 1 10 12 1 10 12 10 10 12 10 10 12 1 10 10 12 1 10 10 12 1 10 10 12 1 10 10 12 1 10 10 12 1 10 10 12 1 1 10 10 12 1 10 5 0 10 12 1 10 12 1 10 10 12 1 10 10 12 1 1 10 10 12 1 10 10 12 1 9 12 1 1 100 1 10 10 12 1 10 12 1 1 3 10 100 12 1 1 1 10 12 1 10 100 12 1 1 100 1 10 10 12 1 1 10 12 1 1 10 12 1 1 8 1 10 12 1 9 100 12 1 1 1 10 12 1 10 10 12 1 10 12 1 1 10 12 1 10 10 12 1 1 10 10 12 1 1 100 1 8 1 10 12 1 1 10 7 12 1 1 1 8 1 10 12 1 1 9 12 1 1 100 1 100 1 100 1 1 1 1 3 1 3 1 3 1 3 1 1 1 1 1 3 1 1 3 1 3 1 3 1 3 1 3 1 3 1 3 1 3 1 3 1 3 1 3 1 3 1 3 1 3 1 3 1 3 1 3 1 3 1 3 1 3 1 3 1 3 1 3 1 3 1 3 1 3 1 3 1 3 1 1 1 1 1 1 1 1 1 1 1 1 1 1 1 1 1 1 1 3 1 1 1 1 1 1 1 3 1 1 3 1 1 1 1 1 3 1 1 5 0 1 1 1 1 1 1 1 1 1 1 1 1 1 1 1 1 1 1 1 1 1 1 1 1 1 1 1 1 1 1 1 1 1 1 1 1 1 1 1 1 1 1 1 1 1 1 1 1 1 1 1 1 1 1 1 1 1 1 1 1 1 1 1 1 1 1 1 1 1 1 1 1 1 1 1 1 1 1 1 1 1 1 1 1 1 1 1 1 1 100 1 100 1 1 1 1 1 1
staticfield java/lang/Character TYPE Ljava/lang/Class; java/lang/Class
staticfield java/lang/Character $assertionsDisabled Z 1
ciInstanceKlass java/lang/Float 1 1 223 7 1 100 1 10 7 12 1 1 1 10 100 12 1 1 1 4 100 1 10 12 1 1 10 12 1 1 8 1 8 1 10 100 12 1 1 1 10 12 1 1 10 12 1 1 10 4 4 4 10 7 12 1 1 9 12 1 1 10 12 1 1 10 12 1 10 12 1 10 12 1 1 10 12 1 10 12 1 3 10 12 1 1 10 12 1 1 10 12 1 10 100 12 1 1 1 10 12 1 1 10 12 1 1 8 1 10 7 12 1 1 1 9 12 1 1 100 1 100 1 100 1 1 1 1 1 4 1 1 1 4 1 1 3 1 3 1 3 1 3 1 1 1 1 5 0 1 1 1 1 1 1 1 1 1 1 100 1 1 1 1 1 1 1 1 1 1 1 1 1 3 1 1 1 1 1 1 1 1 1 1 1 1 1 1 1 1 1 1 1 1 1 1 1 1 1 1 1 1 1 1 1 1 1 1 1 1 1 1 100 1 1 1 1 1 1 1 100 1 100 1 1
staticfield java/lang/Float TYPE Ljava/lang/Class; java/lang/Class
instanceKlass java/math/BigInteger
instanceKlass java/math/BigDecimal
instanceKlass java/util/concurrent/atomic/Striped64
instanceKlass java/util/concurrent/atomic/AtomicLong
instanceKlass java/util/concurrent/atomic/AtomicInteger
instanceKlass java/lang/Long
instanceKlass java/lang/Integer
instanceKlass java/lang/Short
instanceKlass java/lang/Byte
instanceKlass java/lang/Double
instanceKlass java/lang/Float
ciInstanceKlass java/lang/Number 1 1 37 10 7 12 1 1 1 10 100 12 1 1 1 100 1 1 1 1 5 0 1 1 1 1 1 1 1 1 1 1 1 1 1 1 1 1 1
ciInstanceKlass java/lang/Double 1 1 285 7 1 100 1 10 7 12 1 1 1 10 12 1 1 10 12 1 100 1 10 12 1 1 10 7 12 1 1 1 6 0 8 1 10 12 1 1 8 1 10 12 1 1 8 1 6 0 10 12 1 1 100 1 5 0 5 0 8 1 8 1 10 100 12 1 1 1 10 100 12 1 1 1 8 1 10 12 1 1 8 1 8 1 8 1 10 12 1 1 10 12 1 10 12 1 1 10 12 1 10 12 1 10 12 1 1 10 12 1 10 6 0 6 0 6 0 10 7 12 1 1 9 12 1 1 10 12 1 10 12 1 10 12 1 10 12 1 5 0 10 12 1 1 10 12 1 10 12 1 10 100 12 1 1 1 10 12 1 1 10 12 1 1 8 1 10 7 12 1 1 1 9 12 1 1 100 1 100 1 100 1 1 1 1 1 6 0 1 1 1 6 0 1 1 3 1 3 1 3 1 3 1 1 1 1 5 0 1 1 1 1 1 1 1 1 1 1 1 1 1 1 1 1 100 1 1 1 1 1 1 1 1 1 1 1 1 3 1 1 1 1 1 1 1 1 1 1 1 1 1 1 1 1 1 1 1 1 1 1 1 1 1 1 1 1 1 1 1 1 1 1 100 1 1 1 1 1 1 1 100 1 100 1 1
staticfield java/lang/Double TYPE Ljava/lang/Class; java/lang/Class
ciMethod java/lang/Double doubleToLongBits (D)J 540 0 59484 0 -1
ciInstanceKlass java/lang/Byte 1 1 215 7 1 100 1 10 100 12 1 1 1 9 12 1 1 8 1 9 12 1 1 100 1 10 12 1 1 10 12 1 1 10 100 12 1 1 1 10 100 12 1 1 1 9 7 12 1 1 1 10 12 1 1 100 1 100 1 10 12 1 1 8 1 10 12 1 1 8 1 10 12 1 10 12 1 10 12 1 10 12 1 1 10 12 1 10 12 1 10 12 1 1 10 8 1 8 1 10 7 1 9 12 1 1 10 12 1 10 12 1 1 10 12 1 1 10 12 1 1 10 12 1 5 0 10 12 1 1 8 1 10 7 12 1 1 1 9 12 1 1 100 1 100 1 1 1 3 1 3 1 1 1 1 3 1 3 1 1 5 0 1 1 1 1 1 1 1 1 1 1 1 1 1 1 1 1 1 1 1 1 1 1 1 1 1 1 1 1 1 1 1 1 1 1 1 1 1 1 1 1 1 1 1 1 1 1 1 1 1 1 1 1 1 1 1
staticfield java/lang/Byte TYPE Ljava/lang/Class; java/lang/Class
ciInstanceKlass java/lang/Short 1 1 224 7 1 100 1 100 1 10 100 12 1 1 1 10 12 1 1 100 1 100 1 10 12 1 1 8 1 10 12 1 1 8 1 10 12 1 10 12 1 10 12 1 10 12 1 1 10 12 1 1 10 12 1 9 12 1 1 8 1 9 12 1 1 100 1 10 12 1 1 10 12 1 10 100 12 1 1 1 10 100 12 1 1 1 9 7 12 1 1 1 10 12 1 10 12 1 1 10 8 1 8 1 10 7 1 9 12 1 1 10 12 1 10 12 1 1 10 12 1 1 10 12 1 1 10 12 1 3 3 5 0 10 12 1 1 8 1 10 7 12 1 1 1 9 12 1 1 100 1 100 1 1 1 3 1 3 1 1 1 1 3 1 3 1 1 5 0 1 1 1 1 1 1 1 1 1 1 1 1 1 1 1 1 1 1 1 1 1 1 1 1 1 1 1 3 1 1 1 1 1 1 1 1 1 1 1 1 1 1 1 1 1 1 1 1 1 1 1 1 1 1 1 1 1
staticfield java/lang/Short TYPE Ljava/lang/Class; java/lang/Class
ciInstanceKlass java/lang/Integer 1 1 445 7 1 100 1 7 1 7 1 10 12 1 1 9 12 1 1 9 12 1 1 10 100 12 1 1 1 10 12 1 1 10 100 12 1 1 1 10 10 12 1 1 10 100 12 1 1 1 10 12 1 10 12 1 1 10 7 12 1 1 1 10 12 1 1 10 12 1 1 10 12 1 10 12 1 10 12 1 1 10 10 12 1 9 12 1 1 9 12 1 7 1 8 1 10 12 1 100 1 10 12 1 8 1 10 12 1 1 10 12 1 8 1 10 12 1 8 1 10 12 1 1 3 10 12 1 1 3 10 12 1 1 10 12 1 1 10 7 12 1 1 1 11 7 1 100 1 10 11 10 12 1 1 8 1 10 12 1 1 8 1 100 1 10 12 1 1 10 12 1 1 5 0 8 1 10 12 1 10 12 1 10 12 1 10 12 1 1 7 1 9 12 1 1 9 12 1 1 10 12 1 10 7 1 9 12 1 10 12 1 10 12 1 10 12 1 1 10 7 12 1 1 1 100 1 100 1 10 12 1 1 10 12 1 1 8 1 8 1 10 12 1 1 8 1 8 1 8 1 8 1 8 1 8 1 10 12 1 10 12 1 10 12 1 5 0 3 3 3 3 10 12 1 3 10 12 1 10 100 12 1 1 1 10 12 1 1 10 12 1 1 8 1 10 7 12 1 1 1 9 12 1 1 3 3 3 3 3 3 9 12 1 1 100 1 100 1 100 1 1 1 1 1 1 1 3 1 3 1 1 5 0 1 1 1 1 1 1 1 1 1 100 1 1 1 1 1 1 1 1 1 1 1 1 1 1 1 1 1 1 1 1 1 1 1 1 1 1 1 1 1 1 1 1 1 1 1 1 1 1 1 3 1 1 1 1 1 1 1 1 1 1 1 1 1 1 1 1 100 1 1 1 1 1 1 1 1 1 1 1 1 1 1 1 1 1 1 1 1 1 1 1 1 1 1 1 1 1 1 1 100 1 1 1 1 1 1 1 1 1 100 1 100 1 1
staticfield java/lang/Integer TYPE Ljava/lang/Class; java/lang/Class
staticfield java/lang/Integer digits [C 36
staticfield java/lang/Integer DigitTens [B 100
staticfield java/lang/Integer DigitOnes [B 100
staticfield java/lang/Integer sizeTable [I 10
ciInstanceKlass java/lang/Long 1 1 506 7 1 100 1 7 1 7 1 10 12 1 1 9 12 1 1 9 7 12 1 1 1 10 100 12 1 1 1 10 12 1 1 10 100 12 1 1 1 10 10 12 10 12 1 10 12 1 10 12 1 5 0 5 0 100 1 10 12 1 1 10 12 1 1 10 12 1 10 12 1 10 12 1 10 12 1 1 10 100 12 1 1 10 12 1 10 12 1 1 10 12 1 1 10 12 1 1 10 12 1 1 10 7 12 1 1 1 10 12 1 1 10 12 1 10 12 1 10 12 1 10 12 1 1 10 10 12 1 5 0 5 0 9 12 1 1 9 12 1 5 0 100 1 8 1 10 12 1 8 1 10 12 1 8 1 8 1 10 12 1 1 5 0 10 12 1 1 5 0 10 12 1 1 10 12 1 1 10 100 12 1 1 1 11 100 1 100 1 10 11 10 12 1 1 8 1 10 12 1 1 8 1 100 1 10 12 1 1 10 12 1 8 1 8 1 11 12 1 1 10 12 1 10 12 1 10 12 1 5 0 5 0 9 7 12 1 1 1 10 12 1 10 12 1 1 8 1 8 1 10 12 1 1 8 1 8 1 8 1 8 1 8 1 8 1 10 12 1 10 12 1 10 12 1 1 10 7 1 9 12 1 1 10 12 1 10 12 1 1 10 100 12 1 1 1 100 1 100 1 10 12 1 1 10 12 1 1 5 0 10 12 1 10 12 1 5 0 5 0 5 0 10 12 1 1 5 0 5 0 10 12 1 10 12 1 10 100 12 1 1 1 10 12 1 1 10 12 1 1 8 1 10 7 12 1 1 1 9 12 1 1 100 1 100 1 100 1 1 1 1 5 0 1 1 1 1 3 1 3 1 5 0 1 1 1 1 1 1 1 1 1 100 1 1 1 1 1 1 1 1 1 1 1 1 1 1 1 1 1 1 1 1 1 1 1 1 1 1 1 1 1 1 1 1 1 1 1 1 1 1 1 1 1 1 1 1 1 1 1 1 1 1 1 1 1 1 3 1 1 1 1 1 1 1 1 1 1 1 1 1 1 1 100 1 1 1 1 1 1 1 1 1 1 1 1 1 1 1 1 1 1 1 1 1 1 1 1 1 1 1 100 1 1 1 1 1 1 1 1 1 100 1 100 1 1
staticfield java/lang/Long TYPE Ljava/lang/Class; java/lang/Class
instanceKlass java/lang/ref/PhantomReference
instanceKlass java/lang/ref/FinalReference
instanceKlass java/lang/ref/WeakReference
instanceKlass java/lang/ref/SoftReference
ciInstanceKlass java/lang/ref/Reference 1 1 195 9 7 12 1 1 1 9 7 12 1 1 10 12 1 1 10 12 1 1 9 12 1 1 10 12 1 1 9 12 1 1 9 12 1 1 7 1 10 12 1 10 7 12 1 1 10 12 1 10 12 1 1 10 12 1 9 12 1 10 12 1 1 10 12 1 10 12 1 9 12 1 100 1 100 1 10 12 1 9 12 1 9 12 1 100 1 10 10 12 1 10 10 7 12 1 1 10 7 12 1 1 1 10 12 1 1 10 7 12 1 1 7 1 8 1 10 12 1 10 12 1 1 10 12 1 1 10 12 1 7 1 10 10 7 12 1 1 1 1 1 1 1 1 1 1 1 1 1 1 1 1 1 1 1 100 1 1 1 100 1 1 1 1 1 1 1 1 1 1 1 1 1 1 1 1 1 1 1 1 1 1 1 1 1 1 1 1 1 1 1 1 1 1 1
staticfield java/lang/ref/Reference processPendingLock Ljava/lang/Object; java/lang/Object
staticfield java/lang/ref/Reference $assertionsDisabled Z 1
instanceKlass com/sun/beans/util/Cache$Kind$Soft
instanceKlass java/io/ClassCache$CacheRef
instanceKlass sun/font/FontDesignMetrics$KeyReference
instanceKlass sun/font/StrikeCache$SoftDisposerRef
instanceKlass sun/security/util/MemoryCache$SoftCacheEntry
instanceKlass sun/awt/SoftCache$ValueCell
instanceKlass sun/util/locale/provider/LocaleResources$ResourceReference
instanceKlass sun/util/resources/Bundles$BundleReference
instanceKlass java/lang/invoke/LambdaFormEditor$Transform
instanceKlass java/util/ResourceBundle$BundleReference
instanceKlass sun/util/locale/LocaleObjectCache$CacheEntry
ciInstanceKlass java/lang/ref/SoftReference 1 1 47 10 7 12 1 1 1 9 7 12 1 1 1 9 12 1 10 12 1 10 12 1 1 1 1 1 1 1 1 1 1 1 1 1 1 1 1 1 1 1 1 100 1 1 1 1 1
ciMethod java/lang/ref/SoftReference get ()Ljava/lang/Object; 512 0 16090 0 192
ciInstanceKlass java/security/PrivilegedAction 1 0 14 100 1 100 1 1 1 1 1 1 1 1 1 1
instanceKlass javax/swing/text/DefaultStyledDocument$AbstractChangeHandler$DocReference
instanceKlass sun/java2d/ReentrantContextProvider$HardReference
instanceKlass javax/swing/ActionPropertyChangeListener$OwnedWeakReference
instanceKlass sun/awt/WeakIdentityHashMap$WeakKey
instanceKlass javax/swing/text/GapContent$MarkData
instanceKlass sun/awt/image/ImageWatched$AccWeakReference
instanceKlass sun/swing/plaf/DesktopProperty$WeakPCL
instanceKlass java/util/logging/LogManager$LoggerWeakRef
instanceKlass java/util/logging/Level$KnownLevel
instanceKlass com/sun/jmx/mbeanserver/WeakIdentityHashMap$IdentityWeakReference
instanceKlass java/lang/WeakPairMap$WeakRefPeer
instanceKlass org/apache/commons/logging/impl/WeakHashtable$WeakKey
instanceKlass java/lang/ClassValue$Entry
instanceKlass java/util/ResourceBundle$KeyElementReference
instanceKlass java/lang/invoke/MethodType$ConcurrentWeakInternSet$WeakEntry
instanceKlass java/beans/WeakIdentityMap$Entry
instanceKlass java/lang/ThreadLocal$ThreadLocalMap$Entry
instanceKlass java/util/WeakHashMap$Entry
ciInstanceKlass java/lang/ref/WeakReference 1 1 31 10 7 12 1 1 1 10 12 1 100 1 1 1 1 1 1 1 1 1 1 1 1 1 1 1 1 1 1 1 1
ciMethod java/lang/ref/Reference get ()Ljava/lang/Object; 0 0 1 0 -1
instanceKlass java/lang/ref/Finalizer
ciInstanceKlass java/lang/ref/FinalReference 1 1 47 10 7 12 1 1 1 10 7 12 1 1 1 10 12 1 1 100 1 8 1 10 12 1 1 1 1 1 1 1 1 1 1 1 1 1 1 1 1 1 1 1 1 1 1 1 1
ciInstanceKlass java/lang/ref/Finalizer 1 1 152 9 7 12 1 1 1 10 7 12 1 1 1 9 12 1 1 9 12 1 1 9 12 1 9 12 1 10 12 1 10 12 1 1 9 12 1 1 100 1 10 12 1 7 1 11 7 12 1 1 100 1 10 12 1 100 1 10 12 1 10 100 12 1 1 1 10 100 12 1 1 1 100 1 10 10 12 1 10 7 12 1 1 1 7 1 10 7 1 10 10 7 12 1 1 1 10 12 1 1 10 7 12 1 1 7 1 10 12 1 10 12 1 1 10 12 1 1 10 12 1 1 1 1 1 1 1 1 1 1 1 1 1 1 1 1 1 1 1 1 1 1 1 1 1 1 1 1 1 1 1 1
staticfield java/lang/ref/Finalizer lock Ljava/lang/Object; java/lang/Object
staticfield java/lang/ref/Finalizer $assertionsDisabled Z 1
instanceKlass jdk/internal/ref/PhantomCleanable
instanceKlass jdk/internal/ref/Cleaner
ciInstanceKlass java/lang/ref/PhantomReference 1 1 39 10 100 12 1 1 1 10 7 12 1 1 1 1 1 1 1 1 1 1 1 1 1 1 1 1 1 1 1 1 1 1 1 1 1 1 1 1 1
instanceKlass java/lang/ref/ReferenceQueue$Null
ciInstanceKlass java/lang/ref/ReferenceQueue 1 1 140 10 7 12 1 1 1 7 1 10 9 7 12 1 1 1 9 12 1 1 9 7 12 1 1 1 9 12 1 9 12 1 9 12 1 1 100 1 10 9 12 1 1 9 12 1 7 1 10 100 12 1 1 1 10 12 1 10 12 1 1 100 1 8 1 10 12 1 10 7 12 1 1 1 10 12 1 1 5 0 10 12 1 1 11 100 12 1 1 1 10 7 12 1 1 1 7 1 10 1 1 1 1 1 1 1 1 1 1 1 1 1 1 100 1 1 1 1 1 1 1 1 1 100 1 1 1 1 1 1 1 1 1 1 1 1 1 1 1 1
staticfield java/lang/ref/ReferenceQueue NULL Ljava/lang/ref/ReferenceQueue; java/lang/ref/ReferenceQueue$Null
staticfield java/lang/ref/ReferenceQueue ENQUEUED Ljava/lang/ref/ReferenceQueue; java/lang/ref/ReferenceQueue$Null
staticfield java/lang/ref/ReferenceQueue $assertionsDisabled Z 1
instanceKlass java/lang/reflect/Executable
instanceKlass java/lang/reflect/Field
ciInstanceKlass java/lang/reflect/AccessibleObject 1 1 398 10 7 12 1 1 1 9 100 12 1 1 1 10 100 12 1 1 1 10 7 12 1 1 10 7 12 1 1 1 10 7 12 1 1 1 10 12 1 1 10 12 1 1 9 12 1 1 100 1 10 7 12 1 1 1 11 12 1 100 1 10 12 1 7 1 100 1 10 12 1 10 12 1 1 7 1 10 100 12 1 1 1 10 12 1 1 100 1 10 12 1 1 100 1 10 10 10 7 12 1 1 1 10 12 1 1 10 12 1 10 12 1 10 12 1 1 10 12 1 8 1 7 1 10 10 12 1 1 8 1 10 12 1 10 12 1 8 1 8 1 8 1 8 1 8 1 8 1 7 1 10 12 1 10 12 1 9 12 1 1 10 12 1 1 10 12 1 10 11 100 1 100 1 8 1 10 10 12 1 10 12 1 1 8 1 10 12 1 8 1 10 12 1 1 10 100 1 8 1 10 11 7 12 1 1 10 12 1 1 10 12 1 1 10 12 1 1 9 12 1 1 100 1 10 12 1 7 1 10 12 1 10 12 1 1 10 100 1 10 12 1 10 12 10 12 1 10 12 1 1 10 12 1 10 12 1 1 10 12 1 9 12 1 10 7 12 1 1 8 1 10 7 12 1 1 1 8 1 10 100 12 1 1 1 9 12 1 100 1 10 7 1 10 10 7 12 1 1 1 7 1 10 10 7 12 1 1 1 7 1 9 12 1 1 1 1 1 1 1 1 1 1 1 1 1 1 1 1 1 1 1 1 1 1 1 1 1 1 1 1 1 1 1 1 1 1 1 1 1 1 1 1 1 1 1 1 1 1 1 1 1 1 1 1 1 1 1 1 1 1 1 1 1 1 1 1 1 1 1 1 1 1 1 1 1 1 1 1 1 1 1 1 1 1 1 1 1
staticfield java/lang/reflect/AccessibleObject reflectionFactory Ljdk/internal/reflect/ReflectionFactory; jdk/internal/reflect/ReflectionFactory
instanceKlass java/lang/reflect/Constructor
instanceKlass java/lang/reflect/Method
ciInstanceKlass java/lang/reflect/Executable 1 1 548 10 7 12 1 1 1 10 7 12 1 1 1 10 7 12 1 1 1 11 7 12 1 1 1 10 7 12 1 1 1 10 12 1 1 10 7 12 1 1 1 10 7 12 1 1 1 10 12 1 8 1 10 10 12 1 1 10 12 1 1 10 7 12 1 1 1 18 12 1 1 11 7 12 1 1 1 8 1 8 1 8 1 10 7 12 1 1 1 11 12 1 1 7 1 8 1 8 1 10 12 1 100 1 8 1 10 12 1 8 1 11 100 12 1 1 1 100 1 10 12 1 1 11 12 1 8 1 18 8 1 10 12 1 10 12 1 1 18 8 1 10 12 1 7 1 10 12 1 10 12 1 11 7 12 1 1 10 12 1 1 8 1 8 1 10 12 1 1 10 12 1 1 10 10 12 1 100 1 10 10 12 1 10 12 1 1 10 7 12 1 1 10 12 1 10 12 1 10 12 1 1 10 100 12 1 1 10 12 1 10 12 1 10 100 12 1 1 1 10 12 1 8 1 10 12 1 10 12 1 3 100 1 8 1 10 12 1 10 12 1 10 10 12 1 10 12 1 1 8 1 8 1 8 1 9 12 1 10 12 1 100 1 8 1 9 12 1 10 12 1 10 12 1 1 10 12 1 1 10 12 1 10 12 10 12 1 7 1 10 12 1 10 12 1 1 100 1 10 100 12 1 1 1 7 1 10 7 12 1 1 1 10 12 1 1 11 7 12 1 1 10 7 12 1 1 10 100 12 1 1 1 10 12 1 1 9 12 1 10 12 1 1 10 12 1 10 12 1 1 9 100 12 1 1 1 10 100 12 1 1 1 10 12 1 10 12 1 1 9 12 1 10 10 10 10 100 12 1 1 1 10 12 1 9 12 1 10 12 1 1 9 12 1 100 1 100 1 1 1 1 1 1 1 1 1 1 1 1 1 1 1 1 1 1 1 1 1 1 1 1 1 1 1 1 1 1 1 1 1 1 100 1 1 1 1 1 1 1 1 100 1 1 1 1 1 1 1 1 1 1 1 1 100 1 1 1 1 1 1 1 1 1 1 1 1 1 1 1 1 1 1 1 1 1 1 1 1 1 1 1 1 1 1 1 1 1 1 1 1 1 1 1 1 1 100 1 1 1 1 1 1 1 1 1 1 1 1 1 1 1 1 1 1 1 1 1 100 1 100 1 1 15 10 7 12 1 1 1 16 15 16 1 16 1 15 10 12 16 1 100 1 1 100 1 100 1 1
ciInstanceKlass java/lang/reflect/Constructor 1 1 429 10 100 12 1 1 1 10 100 12 1 1 9 7 12 1 1 1 10 12 1 1 10 12 1 1 10 100 12 1 1 9 12 1 1 10 7 12 1 1 1 9 12 1 1 9 12 1 1 9 12 1 9 12 1 1 9 12 1 9 12 1 1 9 12 1 1 9 12 1 100 1 8 1 10 12 1 10 12 1 9 12 1 1 10 7 12 1 1 10 7 12 1 1 1 10 12 1 1 10 12 1 1 10 12 1 7 1 100 1 8 1 10 10 12 1 10 12 1 10 12 1 1 10 12 1 1 100 1 10 7 12 1 1 10 12 1 1 10 12 1 10 12 1 1 10 100 12 1 1 1 10 100 12 1 1 10 12 1 1 10 12 1 10 100 12 1 1 1 8 1 10 10 12 1 100 1 8 1 10 12 1 10 12 1 1 10 12 1 1 10 12 1 10 12 1 10 12 1 1 10 12 1 1 9 12 1 1 10 12 1 1 10 12 1 1 10 12 1 8 1 10 12 1 1 11 7 12 1 1 1 10 12 1 1 10 12 1 10 12 1 9 12 1 1 10 7 12 1 1 1 10 12 1 1 10 12 1 1 10 12 1 1 10 12 1 1 10 12 1 9 100 12 1 1 10 12 1 10 12 1 10 12 1 100 1 8 1 10 10 12 1 1 10 12 1 10 10 12 1 1 10 12 1 1 10 100 12 1 1 1 11 100 12 1 1 1 10 12 1 1 9 100 12 1 1 1 10 100 12 1 1 1 10 12 1 1 1 1 1 1 1 1 1 1 1 1 1 1 1 1 1 1 1 1 1 1 1 1 1 1 1 1 1 1 1 1 1 1 1 1 1 1 1 1 1 1 1 1 1 1 1 1 1 1 1 100 1 100 1 100 1 100 1 1 1 1 1 1 1 1 1 1 1 1 1 1 1 1 1 1 1 1 1 1 1 1 1 1 1 1 1 1 1 1 1 100 1 1
ciInstanceKlass java/lang/reflect/Method 1 1 446 9 7 12 1 1 1 10 7 12 1 1 1 10 7 12 1 1 9 12 1 1 10 12 1 1 10 12 1 1 10 7 12 1 1 10 7 12 1 1 1 9 12 1 1 9 12 1 9 12 1 1 9 12 1 9 12 1 9 12 1 1 9 12 1 9 12 1 1 9 12 1 9 12 1 9 12 1 1 100 1 8 1 10 12 1 10 12 1 9 12 1 1 8 1 10 7 12 1 1 10 7 12 1 1 1 10 12 1 1 10 12 1 1 10 12 1 10 12 1 1 10 12 1 1 7 1 10 12 1 1 10 12 10 7 12 1 1 10 12 1 1 10 12 1 10 12 1 10 12 1 10 7 12 1 1 1 10 12 1 1 10 7 1 10 7 12 1 1 1 10 7 12 1 1 10 12 1 1 10 12 1 1 10 12 1 10 7 12 1 1 1 10 12 1 10 8 1 10 12 1 10 12 1 7 1 8 1 8 1 8 1 10 12 1 10 12 1 1 10 12 1 1 10 10 12 1 1 10 12 1 11 7 1 9 12 1 1 10 12 1 1 10 12 1 10 12 1 1 10 12 1 1 11 7 12 1 1 1 10 12 1 10 12 1 10 12 1 10 12 1 10 12 1 9 12 1 1 10 7 12 1 1 1 10 12 1 1 10 7 12 1 1 1 10 7 12 1 1 1 10 7 12 1 1 1 11 7 12 1 1 1 10 7 12 1 1 1 7 1 100 1 100 1 10 12 1 10 12 1 1 10 12 1 100 1 8 1 10 12 1 10 10 12 1 1 10 12 1 1 10 12 1 1 10 12 1 1 8 1 10 12 1 1 1 1 1 1 1 1 1 1 1 1 1 1 1 1 1 1 1 1 1 1 1 1 1 1 1 1 1 1 1 1 1 1 1 1 1 1 1 1 1 1 1 1 1 1 1 1 1 1 1 1 1 100 1 100 1 100 1 1 1 1 1 1 1 1 1 1 1 1 1 1 1 1 1 1 1 1 1 1 1 1 1 1
ciInstanceKlass java/lang/reflect/Field 1 1 437 9 7 12 1 1 1 10 12 1 1 10 100 12 1 1 1 10 100 12 1 1 9 12 1 1 10 12 1 1 10 12 1 1 10 100 12 1 1 10 7 12 1 1 1 9 12 1 1 9 12 1 9 12 1 9 12 1 1 9 12 1 1 9 12 1 9 12 1 1 9 12 1 1 100 1 8 1 10 12 1 10 12 1 9 12 1 1 9 12 1 10 12 1 10 7 12 1 1 10 12 1 1 10 12 1 1 10 12 1 10 12 1 1 7 1 10 12 1 1 10 12 1 1 10 12 1 1 10 12 1 10 12 1 10 7 1 10 7 12 1 1 7 1 10 8 1 10 12 1 1 10 12 1 1 8 1 10 12 10 12 1 8 1 8 1 10 11 100 1 9 12 1 10 12 1 1 10 12 1 1 11 7 12 1 1 1 11 12 1 1 11 12 1 1 11 12 1 1 11 12 1 1 11 12 1 1 11 12 1 1 11 12 1 1 11 12 1 1 11 12 1 1 11 12 1 1 11 12 1 1 11 12 1 1 11 12 1 1 11 12 1 1 11 12 1 1 11 12 1 1 11 12 1 1 10 12 1 10 100 12 1 1 10 12 1 10 12 1 1 10 12 9 12 1 1 10 7 12 1 1 1 10 12 1 1 10 100 12 1 1 10 12 1 1 11 100 1 10 12 1 100 1 10 100 12 1 1 1 10 7 12 1 1 1 9 12 1 10 7 12 1 1 1 11 7 12 1 1 1 10 12 1 1 10 12 1 1 9 100 12 1 1 1 10 100 12 1 1 1 10 12 1 1 100 1 1 1 1 1 1 1 1 1 1 1 1 1 1 1 1 1 1 1 1 1 1 1 1 1 1 1 1 1 1 1 1 1 1 1 100 1 1 1 1 1 1 1 1 1 1 1 1 1 1 1 1 1 1 1 1 1 1 1 1 1 1 1 1 1 1 1 1 1 1 100 1 1 1 1 1 1 1 1 100 1 1
ciInstanceKlass java/lang/reflect/Parameter 0 0 226 10 100 12 1 1 1 9 100 12 1 1 1 9 12 1 1 9 12 1 1 9 12 1 10 12 1 1 10 12 1 1 10 100 12 1 1 1 100 1 10 10 12 1 1 11 100 12 1 1 1 10 12 1 10 100 12 1 1 1 10 12 1 1 10 12 1 10 12 1 8 1 8 1 10 100 12 1 1 1 10 12 1 10 12 10 12 1 8 1 10 12 1 9 12 1 1 10 12 1 1 9 12 1 1 10 12 1 1 10 12 1 1 10 12 1 1 10 12 1 10 10 12 1 10 100 12 1 1 1 10 12 1 1 11 100 12 1 1 10 100 12 1 1 100 1 10 100 12 1 1 1 10 12 1 1 10 12 1 1 10 12 1 1 10 12 1 1 9 12 1 100 1 10 11 12 1 1 11 12 1 1 100 1 1 1 1 1 1 1 1 1 1 1 1 1 1 1 1 1 1 1 1 1 1 1 1 1 1 1 1 1 1 1 1 1 1 1 1 1 1 100 1 1 1 1
ciInstanceKlass java/lang/StringBuffer 1 1 470 10 7 12 1 1 1 10 12 1 10 12 1 10 12 1 1 9 7 12 1 1 1 10 12 1 1 10 12 1 10 12 1 1 9 12 1 1 10 12 1 10 12 1 1 10 12 1 1 10 12 1 10 12 1 1 10 12 1 10 12 1 1 10 12 1 1 10 7 12 1 1 1 10 12 1 1 10 12 1 10 12 1 10 12 1 10 12 1 10 12 1 10 12 1 10 12 1 10 12 1 10 12 1 10 12 1 10 12 1 10 12 1 10 12 1 10 12 1 1 10 12 1 10 12 1 1 10 12 1 1 10 10 12 1 1 10 12 1 10 12 1 10 12 1 10 12 1 10 12 1 10 12 1 10 12 10 12 1 10 12 1 10 12 1 10 12 1 1 10 12 1 10 12 1 10 10 12 1 1 10 12 1 1 9 12 1 1 10 7 12 1 1 1 10 7 1 10 10 100 12 1 1 1 10 10 12 1 10 8 10 100 12 1 1 1 8 10 12 1 8 1 10 12 1 10 12 1 10 100 12 1 1 1 10 100 12 1 1 1 7 1 10 12 100 1 8 1 10 10 12 1 1 10 12 1 1 10 12 1 1 10 12 1 10 12 1 10 12 1 10 12 1 10 12 1 10 12 1 10 12 1 10 12 1 10 12 1 10 12 1 10 12 1 10 12 1 10 12 1 10 12 1 10 12 1 10 12 1 10 12 10 12 10 12 1 10 12 1 10 12 1 10 12 10 12 1 10 12 1 10 12 1 10 12 1 10 12 1 10 12 1 10 12 1 10 12 1 10 12 1 10 12 1 10 12 1 7 1 10 12 1 9 7 12 1 1 1 9 7 1 9 12 1 1 100 1 100 1 100 1 1 1 1 5 0 1 1 1 1 1 1 1 1 1 1 1 1 1 1 1 1 1 1 1 1 1 1 1 1 1 1 1 1 1 1 1 1 1 1 1 1 1 1 1 1 1 1 1 1 1 1 1 1 1 1 1 1 1 1 1 1 1 1 1 1 100 1 1 1 1 1 100 1 1 1 1 1 1 1 1 1 1 1 1 1 1 1 1 1
staticfield java/lang/StringBuffer serialPersistentFields [Ljava/io/ObjectStreamField; 3 [Ljava/io/ObjectStreamField;
instanceKlass java/lang/StringBuilder
instanceKlass java/lang/StringBuffer
ciInstanceKlass java/lang/AbstractStringBuilder 1 1 547 7 1 7 1 10 7 12 1 1 1 9 7 12 1 1 1 9 12 1 9 12 1 1 9 12 1 1 10 7 12 1 1 1 10 12 1 1 3 3 10 12 1 10 12 1 1 11 7 1 100 1 100 1 10 8 1 10 12 1 10 12 1 10 12 1 1 10 12 1 10 12 1 10 12 1 9 12 1 1 10 12 1 1 10 7 12 1 1 1 10 10 12 1 10 12 1 10 12 1 1 10 12 1 1 10 7 12 1 1 1 10 7 12 1 1 1 100 1 8 1 10 10 12 1 1 100 1 10 12 10 12 1 1 10 10 12 1 1 10 12 1 1 10 12 1 1 10 12 1 1 100 1 10 10 12 1 10 100 12 1 1 1 10 12 1 1 10 12 1 10 12 1 1 10 10 12 1 1 10 12 10 12 1 10 12 1 1 10 12 1 1 10 12 1 1 10 12 1 10 10 12 1 1 10 12 1 10 12 1 1 8 1 10 12 1 1 10 12 1 10 12 1 10 12 1 10 12 1 10 12 1 10 12 1 10 7 12 1 1 10 12 1 10 12 1 10 100 12 1 1 1 10 12 1 10 12 1 10 12 1 10 12 1 10 12 1 1 10 12 1 10 12 1 1 10 12 1 1 10 10 7 12 1 1 1 10 12 1 10 12 1 10 12 1 1 10 12 1 10 12 1 10 12 1 10 12 1 10 12 1 10 12 1 10 12 1 10 12 1 10 12 1 1 10 12 1 10 12 1 10 12 10 12 1 1 18 12 1 1 100 1 10 100 12 1 1 1 18 10 12 1 1 10 12 1 10 12 1 1 11 12 1 10 12 1 10 12 1 10 10 12 1 10 8 1 8 1 8 1 10 10 100 1 10 12 1 100 1 10 100 1 10 100 1 1 1 3 1 1 1 1 1 1 1 1 1 1 100 1 1 1 1 1 1 1 1 1 1 1 1 1 1 1 1 1 1 1 1 1 1 1 1 1 1 1 1 1 1 1 1 1 1 1 1 1 1 1 1 1 1 1 1 1 1 1 1 1 1 1 1 1 1 1 1 1 1 1 1 1 1 1 1 1 1 1 1 1 1 1 1 1 1 1 1 1 1 1 1 1 1 1 1 1 1 1 1 1 1 1 1 1 1 1 1 1 100 1 1 100 1 1 1 1 1 100 1 1 1 1 1 1 15 10 100 12 1 1 1 16 1 15 10 12 16 15 10 12 1 1 1 1 100 1 100 1 1
staticfield java/lang/AbstractStringBuilder EMPTYVALUE [B 0
instanceKlass org/pentaho/reporting/designer/core/util/firewall/FirewallingSecurityManager
ciInstanceKlass java/lang/SecurityManager 0 0 576 10 100 12 1 1 1 9 100 12 1 1 1 10 100 12 1 1 1 100 1 8 1 10 12 1 10 12 1 1 10 100 12 1 1 1 10 100 1 10 100 1 10 9 100 12 1 1 1 10 100 12 1 1 1 10 12 1 1 10 100 12 1 1 100 1 8 1 10 9 12 1 1 9 12 1 8 1 9 12 1 100 1 10 8 1 10 12 1 1 10 12 1 10 12 1 1 100 1 10 10 12 1 1 100 1 8 1 10 12 1 8 1 8 1 8 1 8 1 8 1 8 1 10 12 1 8 1 8 1 8 1 8 1 8 1 10 100 12 1 1 1 10 12 1 1 8 1 100 1 8 1 10 8 1 8 1 8 1 8 1 8 1 10 100 12 1 1 8 1 100 1 8 1 8 1 10 8 1 10 12 1 100 1 8 1 10 10 12 1 1 10 12 1 10 12 1 10 12 1 10 100 12 1 1 1 10 12 1 10 100 12 1 1 11 100 12 1 1 1 18 12 1 1 11 100 12 1 1 1 18 12 1 1 11 12 1 1 18 18 11 12 1 18 12 1 11 12 1 1 9 12 1 1 9 12 1 9 12 1 9 12 1 100 1 10 100 12 1 1 10 12 1 10 12 1 18 12 1 18 10 100 12 1 1 1 18 12 1 10 12 1 18 18 8 1 10 12 1 9 12 1 1 11 100 12 1 1 1 8 1 100 1 10 12 1 10 12 1 1 10 12 1 1 9 12 1 1 10 12 1 10 12 1 1 8 1 100 1 10 9 12 1 8 1 10 12 1 8 1 100 1 10 10 100 12 1 1 10 100 1 9 100 12 1 1 1 11 12 1 1 10 12 1 11 12 1 10 12 1 100 1 10 10 12 1 1 10 12 1 1 1 1 1 1 1 1 1 1 1 100 1 1 1 1 1 1 1 1 1 1 1 1 1 1 1 1 1 1 1 1 1 1 1 1 1 1 1 1 1 1 1 1 1 1 1 1 1 1 1 1 1 1 1 1 1 1 1 1 1 1 1 1 1 1 1 1 3 1 1 1 1 1 1 1 1 1 1 100 1 1 1 1 1 1 1 1 1 1 1 1 1 1 1 1 1 1 1 1 1 1 1 1 1 1 1 1 1 1 1 1 1 1 1 1 1 1 15 10 100 12 1 1 1 16 15 10 100 12 1 1 1 16 1 16 15 10 12 16 1 15 10 12 16 15 11 100 1 16 1 16 1 15 10 12 16 15 10 12 16 15 10 12 1 16 1 15 11 12 1 15 10 12 16 15 10 16 1 1 1 1 100 1 100 1 1
ciInstanceKlass java/security/AccessControlContext 1 1 373 9 7 12 1 1 1 9 12 1 1 10 100 12 1 1 1 8 1 10 100 12 1 1 1 10 7 12 1 1 1 9 12 1 9 12 1 1 9 12 1 1 10 7 12 1 1 100 1 10 12 1 11 100 12 1 1 1 11 12 1 11 12 1 11 12 1 1 7 1 11 12 1 1 10 12 1 10 7 12 1 1 1 9 100 12 1 1 1 10 100 12 1 1 1 11 100 12 1 1 1 10 7 1 100 1 8 1 10 12 1 10 12 1 1 7 1 10 7 12 1 1 1 9 12 1 9 12 1 9 12 1 9 12 1 1 9 12 1 1 9 12 1 9 12 1 10 7 12 1 1 1 9 12 1 10 12 1 1 10 12 1 1 8 1 10 12 1 1 10 12 1 1 10 100 12 1 1 1 100 1 10 10 12 1 1 10 100 12 1 1 1 10 8 1 10 100 12 1 1 8 1 10 100 12 1 1 8 1 8 1 10 12 1 8 1 10 12 1 8 1 10 12 1 10 12 1 10 12 1 1 8 1 8 1 100 1 10 12 1 10 12 1 1 100 1 10 12 1 8 1 10 12 1 10 12 1 10 8 1 10 12 1 1 10 12 1 1 10 12 1 1 10 12 1 1 10 12 1 10 12 1 10 12 1 10 12 1 1 10 10 10 12 1 1 1 1 1 1 1 1 1 1 1 1 1 1 1 1 1 1 1 1 1 1 1 1 100 1 1 1 1 1 1 1 1 1 1 1 1 1 1 1 1 1 1 1 1 1 1 1 1 1 1 1 1 1 1 1 1 1 1 1 1 1 1 1 1 1 1 1 1 1 1 1 1 1 1 1 1 3 1 1
ciInstanceKlass java/net/URL 1 1 743 10 7 12 1 1 1 10 12 1 10 7 12 1 1 9 12 1 1 9 12 1 10 7 12 1 1 1 10 12 1 1 10 12 1 1 9 12 1 1 10 7 12 1 1 1 8 1 10 12 1 1 7 1 10 10 12 1 1 8 1 10 12 1 1 9 12 1 7 1 8 1 10 12 1 10 12 1 8 1 9 12 1 10 12 1 1 9 12 1 10 12 1 10 12 1 9 12 1 9 12 1 8 1 9 12 1 10 12 1 1 8 1 9 12 1 1 10 12 1 1 10 7 12 1 1 1 8 1 10 12 1 7 1 10 12 1 10 12 1 10 12 1 10 12 1 1 10 12 1 1 8 1 10 12 1 1 10 12 1 8 1 9 12 1 8 1 10 12 1 10 7 12 1 1 1 100 1 10 12 1 10 12 1 1 10 7 12 1 1 1 100 1 8 1 10 10 12 1 8 1 10 12 1 1 10 12 1 10 12 1 10 12 1 10 12 1 10 12 1 8 1 10 12 1 10 10 7 12 1 1 1 10 12 1 9 100 12 1 1 1 10 100 12 1 1 1 9 12 1 1 10 12 1 10 100 12 1 1 1 100 1 100 1 10 12 1 10 12 1 10 12 1 10 12 1 10 12 1 10 12 10 10 10 12 1 100 1 10 12 1 10 12 1 1 8 1 9 100 12 1 1 1 10 100 12 1 1 1 10 12 1 1 9 100 12 1 1 1 10 12 1 1 100 1 10 12 1 10 12 1 10 10 12 1 1 10 12 1 1 10 12 1 10 12 1 10 12 1 10 7 12 1 1 1 10 12 1 1 10 12 1 9 12 1 1 9 12 1 1 100 1 8 1 10 10 12 1 9 12 1 1 10 7 12 1 1 8 1 10 7 12 1 1 8 1 10 12 1 1 10 12 1 8 1 8 1 10 7 12 1 1 1 100 1 10 100 12 1 1 1 10 12 1 10 12 1 7 1 10 9 12 1 1 10 7 12 1 1 8 1 10 12 1 1 7 1 10 10 7 12 1 1 1 8 9 100 12 1 1 1 10 12 1 10 12 1 10 12 1 10 12 1 10 7 12 1 1 11 7 12 1 1 10 12 1 10 12 1 9 12 1 10 12 1 1 10 100 12 1 1 10 100 12 1 1 1 8 10 100 12 1 1 100 1 10 8 8 10 12 1 8 8 8 100 1 10 12 1 9 12 1 1 10 12 1 10 12 1 1 10 12 1 10 12 10 12 1 1 10 12 1 1 10 10 10 12 1 10 12 1 10 12 1 10 12 1 10 12 1 10 10 12 1 100 1 8 1 10 10 10 12 1 1 10 12 1 10 12 1 1 8 1 7 1 10 10 10 7 1 10 12 1 9 7 12 1 1 1 9 12 1 1 7 1 10 10 7 12 1 1 1 100 1 1 1 1 1 5 0 1 1 1 1 1 1 1 1 1 1 1 1 1 1 1 1 1 1 1 1 1 1 1 1 1 1 1 1 1 1 1 1 1 1 1 1 1 1 1 100 1 1 1 1 1 1 1 1 1 1 1 1 1 1 1 1 1 1 1 1 1 1 1 1 1 1 1 1 1 1 1 1 1 1 1 1 1 100 1 1 1 1 1 1 1 1 1 1 1 1 1 1 1 1 100 1 1 1 1 1 1 1 1 1 1 1 1 1 1 1 1 1 1
staticfield java/net/URL defaultFactory Ljava/net/URLStreamHandlerFactory; java/net/URL$DefaultFactory
staticfield java/net/URL streamHandlerLock Ljava/lang/Object; java/lang/Object
staticfield java/net/URL serialPersistentFields [Ljava/io/ObjectStreamField; 7 [Ljava/io/ObjectStreamField;
ciInstanceKlass java/util/jar/Manifest 1 1 336 10 7 12 1 1 1 7 1 10 9 7 12 1 1 1 7 1 10 9 12 1 1 9 12 1 1 10 12 1 10 12 1 1 10 12 1 1 10 12 1 1 10 12 1 1 11 7 1 11 12 1 1 10 12 1 1 10 100 12 1 1 1 100 1 100 1 10 8 1 10 12 1 1 10 12 1 1 10 12 1 10 12 1 11 100 1 10 12 1 10 12 1 1 11 12 1 1 10 12 1 11 12 1 1 11 100 12 1 1 1 11 100 12 1 1 11 12 1 1 100 1 10 12 1 8 1 11 12 1 7 1 10 12 1 1 11 12 1 10 12 1 10 12 1 10 100 12 1 1 1 8 1 10 12 1 1 10 9 7 12 1 1 1 10 12 1 1 10 100 12 1 10 12 1 10 12 1 9 100 12 1 1 1 8 1 10 12 1 8 1 8 1 7 1 10 12 1 10 12 1 10 12 1 1 100 1 8 1 10 12 1 1 8 1 10 10 12 1 1 8 1 10 12 1 1 10 7 12 1 1 1 10 12 1 10 11 12 1 1 10 12 1 10 7 12 1 1 1 10 12 1 1 10 12 1 1 11 10 12 1 11 10 12 1 100 1 1 1 1 1 1 1 1 1 1 1 1 1 1 1 1 1 1 1 1 1 1 1 1 1 1 1 1 1 1 1 1 1 1 1 1 1 1 1 1 1 1 1 100 1 1 1 1 1 1 1 1 1 1 1 1 1 1 100 1 1 1 1 1 1 1 1 1 1 1
instanceKlass net/sf/ehcache/store/chm/ConcurrentHashMap
instanceKlass java/util/concurrent/ConcurrentSkipListMap
instanceKlass java/util/Collections$SingletonMap
instanceKlass java/util/EnumMap
instanceKlass sun/awt/SoftCache
instanceKlass java/util/TreeMap
instanceKlass java/util/IdentityHashMap
instanceKlass java/util/WeakHashMap
instanceKlass java/util/Collections$EmptyMap
instanceKlass sun/util/PreHashedMap
instanceKlass java/util/HashMap
instanceKlass java/util/ImmutableCollections$AbstractImmutableMap
instanceKlass java/util/concurrent/ConcurrentHashMap
ciInstanceKlass java/util/AbstractMap 1 1 192 10 7 12 1 1 1 10 7 12 1 1 1 11 7 12 1 1 1 10 11 12 1 1 11 7 12 1 1 1 11 12 1 1 7 1 11 12 1 10 12 1 1 11 12 1 100 1 10 11 12 1 11 7 1 10 12 1 1 11 12 1 9 12 1 1 7 1 10 12 1 9 12 1 1 100 1 10 11 11 12 1 1 11 12 1 100 1 100 1 11 12 1 8 1 7 1 10 10 12 1 1 8 1 10 12 1 10 12 1 1 10 12 1 1 1 1 1 1 1 1 1 1 1 1 1 1 1 1 1 1 1 1 1 1 1 1 1 1 1 1 1 1 1 1 1 1 1 1 1 1 1 1 100 1 1 1 1 1 1 1 1 1 1 1 1 1 1 1 1 7 1 1 1 1 1 1 1 1 1 100 1 100 1 100 1 100 1 1 1 1 1
instanceKlass org/dom4j/tree/ContentListFacade
instanceKlass org/jaxen/util/SingletonList
instanceKlass sun/security/jca/ProviderList$ServiceList
instanceKlass sun/security/jca/ProviderList$3
instanceKlass sun/awt/util/IdentityArrayList
instanceKlass java/util/Collections$SingletonList
instanceKlass java/util/ArrayList$SubList
instanceKlass java/util/AbstractSequentialList
instanceKlass java/util/Vector
instanceKlass java/util/Arrays$ArrayList
instanceKlass java/util/Collections$EmptyList
instanceKlass java/util/ArrayList
ciInstanceKlass java/util/AbstractList 1 1 218 10 7 12 1 1 1 9 7 12 1 1 1 10 12 1 1 10 12 1 1 100 1 10 10 12 1 1 11 100 12 1 1 1 11 12 1 1 11 12 1 10 100 12 1 1 1 10 12 1 11 12 1 11 12 1 11 12 1 10 12 1 1 10 12 1 1 11 100 12 1 1 1 11 100 1 11 7 1 10 12 1 100 1 10 12 1 10 12 1 1 100 1 100 1 10 12 1 100 1 10 100 1 100 1 10 8 1 10 12 1 1 10 12 1 10 12 1 1 10 12 1 8 1 100 1 8 1 8 1 8 1 10 100 1 11 10 10 12 1 11 12 1 10 12 1 1 8 1 8 1 1 1 1 1 1 1 1 1 1 1 1 1 1 1 1 1 1 1 1 1 1 1 1 1 1 1 1 1 1 1 1 1 1 1 1 1 1 1 1 1 1 1 1 1 1 1 1 1 1 1 1 1 1 1 1 1 1 100 1 100 1 1 1 1 1 1 1
ciInstanceKlass java/lang/AssertionStatusDirectives 0 0 24 10 100 12 1 1 1 100 1 1 1 1 1 1 1 1 1 1 1 1 1 1 1 1
ciInstanceKlass java/lang/invoke/MethodHandleNatives$CallSiteContext 1 1 49 10 7 12 1 1 1 7 1 10 10 7 12 1 1 1 10 7 12 1 1 1 10 7 12 1 1 1 100 1 1 1 1 1 1 1 1 1 1 1 1 1 1 1 1 1 100 1 1
ciInstanceKlass jdk/internal/invoke/NativeEntryPoint 0 0 92 10 100 12 1 1 1 9 100 12 1 1 1 10 100 12 1 1 1 100 1 9 12 1 9 12 1 9 12 1 1 9 12 1 1 9 12 1 1 100 1 8 1 10 12 1 11 100 12 1 1 1 10 12 1 1 10 12 1 11 100 12 1 1 11 12 1 10 12 1 1 10 12 1 1 1 1 1 1 1 1 1 1 1 1 1 1 1 1 1 1 1
instanceKlass java/lang/invoke/VolatileCallSite
instanceKlass java/lang/invoke/MutableCallSite
instanceKlass java/lang/invoke/ConstantCallSite
ciInstanceKlass java/lang/invoke/CallSite 1 1 302 10 7 12 1 1 1 10 7 12 1 1 1 9 7 12 1 1 1 10 12 1 1 9 12 1 1 10 7 12 1 1 1 10 12 1 100 1 10 12 1 1 10 12 1 1 9 100 12 1 1 1 10 100 12 1 1 10 12 1 1 100 1 100 1 10 10 100 12 1 1 1 10 12 1 1 8 1 10 12 1 10 12 1 1 10 12 1 10 12 1 1 10 12 1 1 10 10 100 12 1 1 10 12 1 1 9 12 1 9 100 12 1 1 1 8 1 10 7 12 1 1 1 10 12 1 1 100 1 10 12 1 1 9 12 1 8 1 100 1 10 12 1 10 12 1 100 1 8 1 10 10 12 1 10 12 1 1 100 1 10 12 1 1 10 12 1 10 12 1 10 12 1 1 10 12 1 1 9 12 1 1 8 10 12 1 1 9 12 1 1 100 1 10 10 12 1 10 100 12 1 1 1 10 12 1 1 10 12 1 1 10 12 1 10 7 12 1 1 1 100 1 8 1 10 10 12 10 12 1 1 100 1 100 1 100 1 8 1 10 12 1 10 7 12 1 1 1 1 1 1 1 1 1 1 1 1 1 1 1 1 1 1 1 1 1 1 1 1 1 1 1 1 1 1 1 1 1 1 1 1 1 1 1 1 1 1 1 1 1 1 1 1 1 1 1 1 1 1 1 1 1
staticfield java/lang/invoke/CallSite $assertionsDisabled Z 1
ciInstanceKlass java/lang/invoke/VolatileCallSite 0 0 37 10 100 12 1 1 1 10 12 1 10 100 12 1 1 1 10 12 1 10 12 1 1 1 1 1 1 1 1 1 1 1 1 1 1 1 1
ciInstanceKlass java/lang/invoke/MethodType 1 1 771 7 1 10 7 12 1 1 1 9 12 1 1 9 12 1 1 9 12 1 1 10 7 12 1 1 1 9 7 12 1 1 8 1 10 100 12 1 1 1 9 7 1 9 7 1 10 12 1 1 100 1 10 8 1 10 12 1 1 10 12 1 10 12 1 1 100 1 8 1 10 12 1 100 1 10 10 12 1 10 12 1 1 10 12 1 1 11 7 12 1 1 1 9 12 1 11 12 1 1 7 7 1 10 7 12 1 1 1 10 12 1 9 12 1 1 10 7 12 1 1 10 12 1 1 10 7 12 1 1 1 10 7 12 1 1 1 10 12 1 9 12 1 1 10 12 1 1 100 1 10 12 1 1 10 12 1 1 10 12 1 1 10 12 1 1 10 12 1 1 10 12 1 10 12 1 10 12 1 1 10 12 1 8 1 8 1 10 12 1 1 9 12 1 1 100 1 10 10 12 1 1 10 12 1 10 12 1 1 10 12 1 1 10 12 1 10 12 1 1 10 12 1 8 1 10 12 1 1 10 100 12 1 1 1 10 12 1 10 12 1 1 10 12 1 10 12 1 10 12 1 1 10 12 1 10 12 1 9 12 1 10 12 1 10 10 12 1 1 10 12 1 9 12 1 1 10 12 1 1 10 12 1 1 10 12 1 1 10 12 1 1 7 1 10 12 10 12 1 10 12 1 100 1 8 1 8 1 8 1 10 12 1 10 12 1 10 12 1 10 11 12 1 1 11 12 1 10 100 12 1 1 1 9 12 1 10 12 1 10 12 1 1 10 12 1 1 10 12 1 10 12 1 10 100 12 1 1 1 10 12 1 1 10 12 1 10 12 1 10 12 1 10 9 12 1 1 7 1 10 12 1 10 12 1 1 9 100 12 1 1 1 10 100 12 1 1 1 10 100 12 1 1 1 10 12 1 1 10 100 12 1 1 1 10 12 1 1 8 1 10 7 12 1 1 1 11 12 1 1 9 12 1 1 10 12 1 1 10 12 1 10 12 1 1 10 12 1 1 10 100 12 1 1 100 1 10 12 1 1 11 100 12 1 1 1 18 12 1 1 11 12 1 1 18 12 1 11 12 1 100 1 11 100 12 1 1 10 12 1 100 1 10 12 1 10 100 12 1 1 10 12 1 1 9 12 1 1 9 100 12 1 1 1 10 100 12 1 1 1 9 12 1 10 100 12 1 1 10 12 1 100 10 12 1 1 10 12 1 10 7 1 7 1 9 12 1 1 100 1 100 1 100 1 1 1 5 0 1 1 1 1 1 1 1 3 1 3 1 3 1 1 1 1 1 1 1 1 1 1 1 1 1 1 1 1 1 1 1 1 1 1 1 1 1 1 1 1 1 1 1 1 1 1 1 1 1 1 1 1 1 1 1 1 1 1 1 1 1 1 1 1 1 1 1 1 1 1 1 1 1 1 1 1 1 1 1 1 1 1 1 1 1 1 1 1 1 1 1 1 1 1 1 1 1 1 1 1 1 1 1 1 1 1 1 1 1 1 1 1 1 1 1 1 1 1 1 1 1 1 1 1 1 1 1 1 1 1 1 1 1 1 1 1 1 1 1 100 1 100 1 1 1 1 1 1 1 1 1 1 1 1 1 100 1 1 1 100 1 1 1 1 1 1 1 1 1 1 1 1 1 1 1 1 1 1 1 1 1 15 10 100 12 1 1 1 16 15 10 12 16 16 15 10 12 16 1 1 1 1 100 1 1 100 1 1 100 1 100 1 1
staticfield java/lang/invoke/MethodType internTable Ljava/lang/invoke/MethodType$ConcurrentWeakInternSet; java/lang/invoke/MethodType$ConcurrentWeakInternSet
staticfield java/lang/invoke/MethodType NO_PTYPES [Ljava/lang/Class; 0 [Ljava/lang/Class;
staticfield java/lang/invoke/MethodType objectOnlyTypes [Ljava/lang/invoke/MethodType; 20 [Ljava/lang/invoke/MethodType;
staticfield java/lang/invoke/MethodType METHOD_HANDLE_ARRAY [Ljava/lang/Class; 1 [Ljava/lang/Class;
staticfield java/lang/invoke/MethodType serialPersistentFields [Ljava/io/ObjectStreamField; 0 [Ljava/io/ObjectStreamField;
staticfield java/lang/invoke/MethodType $assertionsDisabled Z 1
ciInstanceKlass java/lang/BootstrapMethodError 0 0 45 10 100 12 1 1 1 10 12 1 10 12 1 10 100 12 1 1 1 10 100 12 1 1 1 1 1 1 5 0 1 1 1 1 1 1 1 1 1 1 1 100 1 1 1
instanceKlass sun/security/pkcs/SignerInfo$AlgorithmInfo
instanceKlass jdk/internal/misc/ThreadTracker$ThreadRef
instanceKlass jdk/jfr/internal/dcmd/Argument
ciInstanceKlass java/lang/Record 1 1 22 10 7 12 1 1 1 100 1 1 1 1 1 1 1 1 1 1 1 1 1 1
ciInstanceKlass java/lang/ClassNotFoundException 1 1 96 7 1 10 7 12 1 1 1 10 12 1 10 12 1 1 10 100 12 1 1 1 8 1 10 100 12 1 1 1 10 7 12 1 1 10 100 12 1 1 1 10 100 12 1 1 1 10 12 1 1 7 1 10 12 1 9 12 1 1 1 1 1 5 0 1 1 1 1 1 1 1 1 1 1 1 1 1 1 1 1 1 1 100 1 1 1 1 1 1 1 1 1 1 1 1
staticfield java/lang/ClassNotFoundException serialPersistentFields [Ljava/io/ObjectStreamField; 1 [Ljava/io/ObjectStreamField;
ciInstanceKlass jdk/internal/loader/ClassLoaders$AppClassLoader 1 1 119 8 1 10 7 12 1 1 1 10 7 12 1 1 1 10 100 12 1 1 1 10 12 1 1 10 100 12 1 1 1 10 12 1 1 10 12 1 1 7 1 8 1 10 12 10 7 12 1 1 1 10 100 12 1 1 10 12 1 1 10 12 1 1 10 7 12 1 1 1 100 1 10 12 1 1 1 1 1 1 1 1 1 1 1 1 1 1 1 1 1 1 1 1 1 100 1 1 1 1 1 1 1 1 1 1 1 1 1 1 1 1 1 1 1 100 1 1 1
ciInstanceKlass jdk/internal/loader/ClassLoaders$PlatformClassLoader 1 1 42 8 1 10 7 12 1 1 1 10 7 12 1 1 1 100 1 10 12 1 100 1 1 1 1 1 1 1 1 1 1 1 1 1 1 100 1 1 1 100 1 1
ciInstanceKlass java/lang/ArithmeticException 1 1 26 10 100 12 1 1 1 10 12 1 100 1 1 1 1 5 0 1 1 1 1 1 1 1 1 1
ciInstanceKlass java/lang/NullPointerException 1 1 52 10 7 12 1 1 1 10 12 1 9 7 12 1 1 1 10 12 1 1 9 12 1 1 10 12 1 1 10 12 1 1 1 1 5 0 1 1 1 1 1 1 1 1 100 1 100 1 100 1 1 1
ciInstanceKlass java/lang/IllegalMonitorStateException 1 1 26 10 100 12 1 1 1 10 12 1 100 1 1 1 1 5 0 1 1 1 1 1 1 1 1 1
ciInstanceKlass java/lang/OutOfMemoryError 1 1 26 10 100 12 1 1 1 10 12 1 100 1 1 1 1 5 0 1 1 1 1 1 1 1 1 1
ciInstanceKlass java/lang/InternalError 0 0 34 10 100 12 1 1 1 10 12 1 10 12 1 10 12 1 100 1 1 1 1 5 0 1 1 1 1 1 1 1 1 1 1 1
ciInstanceKlass java/lang/ClassCastException 1 1 26 10 7 12 1 1 1 10 12 1 100 1 1 1 1 5 0 1 1 1 1 1 1 1 1 1
ciInstanceKlass java/lang/NoClassDefFoundError 0 0 26 10 100 12 1 1 1 10 12 1 100 1 1 1 1 5 0 1 1 1 1 1 1 1 1 1
instanceKlass java/nio/ShortBuffer
instanceKlass java/nio/IntBuffer
instanceKlass java/nio/CharBuffer
instanceKlass java/nio/LongBuffer
instanceKlass java/nio/ByteBuffer
ciInstanceKlass java/nio/Buffer 1 1 224 100 1 10 7 12 1 1 1 9 7 12 1 1 1 9 12 1 9 12 1 1 9 12 1 9 12 1 1 10 12 1 1 10 12 1 1 10 12 100 1 100 1 10 8 1 10 12 1 1 10 12 1 8 1 8 1 10 12 1 1 10 12 1 8 1 9 12 1 1 100 1 8 1 10 12 1 8 1 8 1 9 12 10 12 1 8 1 8 1 8 1 10 12 1 8 1 8 1 8 1 100 1 10 100 1 10 100 1 10 100 1 10 10 100 12 1 1 1 10 11 100 12 1 1 10 7 12 1 1 1 10 7 12 1 1 1 9 12 1 1 10 7 12 1 1 1 9 12 1 1 7 1 10 10 7 12 1 1 1 1 1 3 1 1 1 1 1 1 1 1 1 1 1 1 1 1 1 1 1 1 100 1 1 1 1 1 1 1 1 1 1 1 1 1 1 1 1 1 1 1 1 1 1 1 1 1 1 1 1 1 1 1 1 1 1 1 1 1 1 1 1 1 1
staticfield java/nio/Buffer UNSAFE Ljdk/internal/misc/Unsafe; jdk/internal/misc/Unsafe
staticfield java/nio/Buffer SCOPED_MEMORY_ACCESS Ljdk/internal/misc/ScopedMemoryAccess; jdk/internal/misc/ScopedMemoryAccess
staticfield java/nio/Buffer $assertionsDisabled Z 1
ciInstanceKlass jdk/internal/misc/UnsafeConstants 1 1 34 10 100 12 1 1 1 9 7 12 1 1 1 9 12 1 9 12 1 1 9 12 1 9 12 1 1 1 1 1 1 1 1 1
staticfield jdk/internal/misc/UnsafeConstants ADDRESS_SIZE0 I 8
staticfield jdk/internal/misc/UnsafeConstants PAGE_SIZE I 4096
staticfield jdk/internal/misc/UnsafeConstants BIG_ENDIAN Z 0
staticfield jdk/internal/misc/UnsafeConstants UNALIGNED_ACCESS Z 1
staticfield jdk/internal/misc/UnsafeConstants DATA_CACHE_LINE_FLUSH_SIZE I 0
instanceKlass java/lang/invoke/BoundMethodHandle
instanceKlass java/lang/invoke/DelegatingMethodHandle
instanceKlass java/lang/invoke/DirectMethodHandle
ciInstanceKlass java/lang/invoke/MethodHandle 1 1 644 100 1 9 7 12 1 1 1 10 7 12 1 1 1 10 7 12 1 1 1 7 1 7 1 10 12 1 1 9 12 1 1 10 12 1 10 12 1 1 10 12 1 1 10 100 12 1 1 1 10 12 1 1 10 12 1 1 11 100 12 1 1 1 10 12 1 1 10 12 1 10 12 1 9 12 1 1 10 12 1 1 100 1 100 1 10 8 1 10 12 1 1 10 12 1 8 1 10 12 1 1 10 12 1 10 7 12 1 1 1 10 12 1 10 12 1 1 10 12 1 1 10 12 1 1 10 12 1 1 10 7 12 1 1 1 10 100 12 1 1 1 7 1 10 12 1 1 10 12 1 1 10 12 1 1 8 1 10 7 12 1 1 1 8 1 10 12 1 1 10 12 1 1 10 12 1 1 10 12 1 8 1 10 12 1 1 8 1 10 12 1 8 1 10 100 12 1 1 1 9 12 1 1 100 1 10 9 100 12 1 1 1 9 100 1 8 1 10 12 1 1 10 12 1 10 12 1 1 10 12 1 10 12 1 1 10 12 1 10 12 1 1 10 12 1 10 12 1 1 10 12 1 1 8 1 10 12 1 1 8 1 10 12 1 10 12 1 1 10 12 1 10 12 1 10 12 1 1 9 100 12 1 1 1 10 12 1 1 11 12 1 10 12 1 10 12 1 1 10 100 12 1 1 1 100 1 11 12 1 10 100 1 11 12 1 100 1 10 12 1 11 12 1 9 100 12 1 1 1 11 12 1 1 11 100 12 1 1 1 10 12 1 1 9 12 1 11 12 1 9 12 1 9 12 1 9 12 1 11 12 1 1 9 12 1 9 12 1 9 12 1 9 12 1 9 12 1 9 12 1 9 12 1 8 1 10 12 1 10 12 1 8 1 10 12 1 10 12 1 10 10 7 12 1 1 10 12 1 1 100 1 8 1 10 12 1 1 10 12 1 1 10 12 1 10 12 1 100 1 10 100 12 1 1 1 10 12 1 9 7 12 1 1 1 10 12 1 1 10 12 1 1 8 1 9 12 1 9 12 1 1 9 12 1 1 10 12 1 7 1 10 12 1 10 12 1 1 9 12 1 1 9 12 1 1 10 7 12 1 1 1 11 7 12 1 1 9 12 1 10 12 1 1 10 12 1 9 12 1 10 12 1 8 10 12 1 1 8 1 1 1 1 1 1 100 1 1 1 1 1 1 1 1 1 1 1 1 1 1 1 1 1 1 1 1 1 1 1 1 1 1 1 1 1 1 1 1 1 1 1 1 1 1 1 1 1 1 1 1 1 1 1 1 1 1 1 1 1 1 1 1 1 1 1 1 1 1 1 1 1 1 1 1 1 100 1 1 1 1 1 1 1 1 1 100 1 1 1 1 1 1 1 1 1 1 1 1 1 1 1 1 1 1 1 1 1 1 1 1 1 1 1 100 1 1 100 1 1 100 1 1 1 1
staticfield java/lang/invoke/MethodHandle FORM_OFFSET J 20
staticfield java/lang/invoke/MethodHandle UPDATE_OFFSET J 13
staticfield java/lang/invoke/MethodHandle $assertionsDisabled Z 1
ciInstanceKlass jdk/internal/reflect/CallerSensitive 0 0 17 100 1 100 1 100 1 1 1 1 1 1 1 1 1 1 1
ciInstanceKlass jdk/internal/reflect/NativeConstructorAccessorImpl 1 1 126 10 7 12 1 1 1 9 7 12 1 1 1 9 12 1 1 10 7 12 1 1 1 10 7 12 1 1 1 10 7 12 1 1 1 9 12 1 9 12 1 1 9 12 1 1 10 7 12 1 1 1 7 1 10 10 12 1 1 10 12 1 10 12 1 10 12 1 1 9 12 1 1 10 7 12 1 1 1 100 1 10 12 1 1 10 12 1 1 8 10 12 1 1 1 1 1 1 1 1 1 1 1 1 1 1 1 1 1 1 1 1 1 1 100 1 100 1 100 1 1 1 1 1 1 1
staticfield jdk/internal/reflect/NativeConstructorAccessorImpl U Ljdk/internal/misc/Unsafe; jdk/internal/misc/Unsafe
staticfield jdk/internal/reflect/NativeConstructorAccessorImpl GENERATED_OFFSET J 16
instanceKlass java/lang/invoke/DirectMethodHandle$Interface
instanceKlass java/lang/invoke/DirectMethodHandle$Special
instanceKlass java/lang/invoke/DirectMethodHandle$Accessor
instanceKlass java/lang/invoke/DirectMethodHandle$Constructor
ciInstanceKlass java/lang/invoke/DirectMethodHandle 1 1 940 7 1 7 1 100 1 7 1 7 1 10 7 12 1 1 1 10 7 12 1 1 1 100 1 10 12 1 10 12 1 1 10 7 12 1 1 10 12 1 1 10 12 1 10 12 1 7 1 10 12 1 1 10 12 1 1 10 12 1 10 12 1 1 10 7 12 1 1 1 10 12 1 9 12 1 1 100 1 10 9 12 1 1 9 12 1 10 12 1 10 12 1 10 12 1 1 10 12 1 10 12 1 10 12 1 10 7 12 1 1 1 10 12 1 10 12 1 1 8 1 10 12 1 1 7 1 10 12 1 7 1 10 10 12 1 10 12 1 10 12 1 10 7 12 1 1 1 10 12 1 1 100 1 10 12 1 10 12 1 7 1 10 12 1 10 12 1 1 10 12 1 1 10 12 1 8 10 100 12 1 1 1 10 12 1 10 12 1 10 12 1 1 10 12 1 9 7 12 1 1 1 7 1 10 12 1 10 7 12 1 1 1 10 12 1 10 12 1 1 9 12 1 1 100 1 10 8 1 10 12 1 1 10 12 1 10 12 1 10 10 12 1 10 12 1 10 12 1 10 12 1 10 12 1 1 10 12 1 10 12 1 1 10 12 1 10 12 1 1 10 10 7 12 1 1 1 10 12 1 10 12 1 1 10 12 1 10 12 1 1 8 1 9 7 12 1 1 1 8 1 9 12 1 9 12 1 8 1 9 12 1 9 12 1 8 1 9 12 1 9 12 1 8 1 10 12 1 10 12 1 1 9 12 1 1 7 1 10 12 1 1 100 1 10 7 12 1 1 1 10 12 1 1 10 12 1 10 12 1 1 7 1 10 12 1 1 10 12 1 10 12 1 1 7 1 10 12 1 1 10 7 12 1 1 1 10 12 1 10 12 1 10 12 1 9 12 1 1 10 7 1 9 12 9 12 1 10 7 12 1 1 1 10 12 1 7 1 7 1 7 1 9 12 1 1 10 7 12 1 10 12 1 1 10 12 1 100 1 10 12 1 10 12 1 1 9 100 12 1 1 1 10 12 1 1 100 1 10 100 12 1 1 1 10 12 1 10 12 1 8 1 9 12 1 9 12 1 10 12 1 9 12 1 1 10 100 12 1 1 1 9 12 1 1 9 12 1 1 10 12 1 10 12 1 10 12 1 10 12 1 10 12 1 1 10 12 1 10 7 12 1 1 9 12 1 10 12 1 10 12 1 10 12 1 10 12 1 1 10 12 1 1 9 12 1 1 10 12 1 1 9 7 12 1 1 1 9 12 1 9 12 1 9 12 1 9 12 1 9 12 1 9 12 1 9 12 1 9 12 1 9 12 1 9 12 1 9 12 1 9 12 1 9 12 1 9 12 1 9 12 1 9 12 1 9 12 1 9 12 1 9 12 1 9 12 1 9 12 1 9 12 1 9 12 1 9 12 1 9 12 1 9 12 1 9 12 1 9 12 1 9 12 1 9 12 1 9 12 1 9 12 1 9 12 1 9 12 1 9 12 1 9 12 1 8 1 9 12 1 1 9 12 1 1 10 12 1 10 12 1 1 9 7 1 10 12 1 9 12 1 1 10 12 10 12 1 10 12 1 10 12 1 10 8 1 8 1 8 1 8 1 10 12 1 1 9 12 1 1 10 12 1 10 100 12 1 1 1 8 9 12 1 1 10 12 1 1 8 1 8 8 9 12 1 8 1 8 8 8 8 8 1 8 10 12 1 10 12 1 8 1 8 1 10 12 1 10 12 1 10 12 1 10 12 1 1 7 1 1 1 1 3 1 3 1 3 1 3 1 3 1 3 1 3 1 3 1 3 1 3 1 1 1 1 1 1 1 1 1 1 3 1 3 1 1 1 1 3 1 1 1 1 1 1 1 1 1 1 1 1 1 1 1 1 1 1 1 1 1 1 1 1 1 1 1 1 1 1 1 1 1 1 1 1 1 1 1 1 1 1 1 1 1 1 1 1 1 1 1 1 1 1 1 1 100 1 1 1 1 1 1 1 1 1 1 1 1 100 1 1 1 1 1 1 1 1 1 1 1 1 1 1 1 1 1 1 1 1 1 1 1 1 1 1 1 1 1 1 1 1 1 1 1 1 1 1 1 1 1 1 1 1 1 1 1 1 1 1 1
staticfield java/lang/invoke/DirectMethodHandle IMPL_NAMES Ljava/lang/invoke/MemberName$Factory; java/lang/invoke/MemberName$Factory
staticfield java/lang/invoke/DirectMethodHandle FT_UNCHECKED_REF I 8
staticfield java/lang/invoke/DirectMethodHandle ACCESSOR_FORMS [Ljava/lang/invoke/LambdaForm; 132 [Ljava/lang/invoke/LambdaForm;
staticfield java/lang/invoke/DirectMethodHandle ALL_WRAPPERS [Lsun/invoke/util/Wrapper; 10 [Lsun/invoke/util/Wrapper;
staticfield java/lang/invoke/DirectMethodHandle NFS [Ljava/lang/invoke/LambdaForm$NamedFunction; 12 [Ljava/lang/invoke/LambdaForm$NamedFunction;
staticfield java/lang/invoke/DirectMethodHandle OBJ_OBJ_TYPE Ljava/lang/invoke/MethodType; java/lang/invoke/MethodType
staticfield java/lang/invoke/DirectMethodHandle LONG_OBJ_TYPE Ljava/lang/invoke/MethodType; java/lang/invoke/MethodType
staticfield java/lang/invoke/DirectMethodHandle $assertionsDisabled Z 1
ciInstanceKlass java/lang/invoke/LambdaForm 1 1 1052 100 1 9 7 12 1 1 1 10 7 12 1 1 1 10 7 12 1 1 9 12 1 1 9 12 1 1 10 12 1 1 100 1 10 9 12 1 10 12 1 1 9 12 1 10 7 12 1 1 1 9 12 1 9 12 1 9 12 1 1 9 12 1 10 12 1 1 7 1 10 12 1 10 100 12 1 1 1 10 100 12 1 1 1 10 12 1 10 12 1 1 9 100 12 1 1 1 10 12 1 1 9 12 1 10 12 1 1 10 12 1 10 12 1 1 10 12 1 1 10 100 12 1 1 1 7 1 10 10 12 1 1 8 1 10 12 1 10 12 1 10 12 1 1 7 1 10 7 12 1 1 1 10 12 1 1 10 12 1 10 12 1 1 9 12 1 1 9 12 1 9 12 1 1 10 12 1 9 12 1 10 100 12 1 1 1 10 12 1 1 10 12 1 9 12 1 1 10 100 12 1 1 1 10 12 1 10 12 1 10 12 1 10 12 1 10 12 1 10 12 1 1 10 12 1 10 12 1 1 8 1 10 12 1 10 12 1 8 1 8 1 9 12 1 9 12 1 9 12 1 1 10 12 1 1 10 12 1 9 12 1 10 12 1 1 10 7 12 1 1 1 10 12 1 1 10 12 1 10 12 1 10 12 1 1 9 12 1 10 12 1 8 1 8 1 8 1 8 1 8 1 8 1 8 1 8 1 10 12 1 9 12 1 7 1 10 12 1 1 9 12 1 10 12 1 10 12 1 1 10 12 10 12 1 10 12 1 1 10 12 1 1 10 10 12 1 1 10 12 1 1 7 1 8 1 10 12 1 1 10 12 1 10 12 1 1 10 8 1 10 12 1 1 8 1 8 1 8 1 10 12 1 9 12 1 1 10 12 1 1 10 12 1 1 100 1 10 12 1 1 10 12 1 10 7 12 1 1 1 10 12 1 1 9 12 1 1 8 1 10 100 12 1 1 1 10 7 12 1 1 10 12 10 10 12 1 1 9 12 1 8 10 12 1 1 100 1 10 12 1 1 10 12 1 9 7 12 1 1 9 12 1 1 8 1 10 100 12 1 1 10 12 1 1 100 1 100 1 10 10 12 1 1 10 12 1 1 8 1 8 1 100 1 8 1 10 12 10 12 1 10 12 1 10 12 1 1 8 1 8 1 9 100 12 1 1 1 10 12 1 10 12 1 1 8 1 8 1 8 1 100 1 8 1 100 1 8 1 100 1 8 1 10 12 1 8 1 9 10 7 12 1 1 1 10 12 1 9 12 1 1 10 12 1 10 10 12 1 10 12 1 10 12 1 10 12 1 1 10 12 1 10 12 1 1 10 12 1 1 10 12 1 1 8 1 100 10 12 1 10 12 1 9 12 1 1 10 7 12 1 1 8 1 8 1 100 1 8 1 8 1 8 1 8 1 8 1 8 1 8 1 8 1 10 12 1 1 10 12 1 1 10 12 1 10 12 1 8 1 8 1 8 1 10 12 1 8 1 10 12 1 8 1 8 1 8 1 8 1 8 1 10 12 1 10 12 1 10 12 1 1 10 7 12 1 1 1 10 12 1 10 12 1 10 12 1 10 12 1 10 12 1 10 12 1 10 12 1 9 12 1 1 8 1 10 12 1 1 9 12 1 1 10 12 1 1 9 12 1 9 12 1 1 9 12 1 9 12 1 1 7 1 10 7 12 1 1 1 9 12 1 10 12 1 10 12 1 8 1 10 12 1 9 12 1 1 7 1 10 7 12 1 1 1 8 1 100 1 10 12 1 9 12 1 9 12 1 10 12 1 10 12 1 10 7 12 1 1 1 10 12 1 9 7 12 1 1 10 12 1 1 10 12 1 10 12 1 9 12 10 12 1 10 10 12 1 9 9 12 1 7 9 12 1 1 10 12 1 1 9 12 1 10 12 1 10 7 1 9 1 1 1 1 3 1 3 1 3 1 1 1 1 1 1 1 1 1 1 1 1 1 1 1 1 1 1 1 1 1 1 1 1 1 1 1 1 1 1 1 1 1 1 1 1 1 1 1 1 1 1 1 1 1 1 1 1 1 1 1 1 1 1 1 1 100 1 1 1 1 1 1 1 1 1 1 1 1 1 1 1 1 1 1 1 1 1 1 1 1 1 1 1 1 1 1 1 1 1 1 1 1 1 1 1 1 1 1 1 1 1 1 1 1 1 1 1 1 1 1 1 1 1 1 1 100 1 1 1 1 1 1 1 1 1 1 1 1 1 1 1 1 1 1 1 1 1 1 1 1 1 1 1 1 1 1 1 1 1 1 100 1 1 1 1 1 1 1 1 1 1 1 1 1 1 1 1 1 1 1 1 1 1 100 1 1 1 100 1 1 100 1 1 1 1 1 1 1 1 1 1 1
staticfield java/lang/invoke/LambdaForm COMPILE_THRESHOLD I 0
staticfield java/lang/invoke/LambdaForm INTERNED_ARGUMENTS [[Ljava/lang/invoke/LambdaForm$Name; 5 [[Ljava/lang/invoke/LambdaForm$Name;
staticfield java/lang/invoke/LambdaForm IMPL_NAMES Ljava/lang/invoke/MemberName$Factory; java/lang/invoke/MemberName$Factory
staticfield java/lang/invoke/LambdaForm LF_identity [Ljava/lang/invoke/LambdaForm; 6 [Ljava/lang/invoke/LambdaForm;
staticfield java/lang/invoke/LambdaForm LF_zero [Ljava/lang/invoke/LambdaForm; 6 [Ljava/lang/invoke/LambdaForm;
staticfield java/lang/invoke/LambdaForm NF_identity [Ljava/lang/invoke/LambdaForm$NamedFunction; 6 [Ljava/lang/invoke/LambdaForm$NamedFunction;
staticfield java/lang/invoke/LambdaForm NF_zero [Ljava/lang/invoke/LambdaForm$NamedFunction; 6 [Ljava/lang/invoke/LambdaForm$NamedFunction;
staticfield java/lang/invoke/LambdaForm createFormsLock Ljava/lang/Object; java/lang/Object
staticfield java/lang/invoke/LambdaForm DEBUG_NAME_COUNTERS Ljava/util/HashMap; null
staticfield java/lang/invoke/LambdaForm DEBUG_NAMES Ljava/util/HashMap; null
staticfield java/lang/invoke/LambdaForm TRACE_INTERPRETER Z 0
staticfield java/lang/invoke/LambdaForm $assertionsDisabled Z 1
ciInstanceKlass java/lang/invoke/MethodHandleNatives 1 1 684 100 1 10 7 12 1 1 1 9 7 12 1 1 1 10 12 1 1 100 1 10 10 12 1 1 10 12 1 10 12 1 8 1 8 1 8 1 8 1 8 1 8 1 8 1 8 1 8 1 8 1 10 12 1 1 7 1 10 7 12 1 1 1 10 100 12 1 1 1 7 1 10 10 12 1 1 8 1 10 12 1 8 1 10 12 1 1 8 1 10 12 1 1 9 100 12 1 1 1 8 1 10 100 12 1 1 1 100 1 10 12 100 1 100 1 8 1 7 1 10 10 12 1 7 1 9 7 12 1 1 10 12 1 1 10 12 1 10 7 12 1 1 1 7 1 10 12 1 1 10 7 12 1 1 1 10 12 1 10 12 1 1 10 12 1 1 9 12 1 8 1 10 12 1 8 1 10 12 1 8 1 8 1 8 1 100 1 10 12 1 8 1 10 12 1 1 10 12 1 10 100 12 1 1 1 100 1 8 1 10 100 12 1 1 1 7 1 8 1 10 12 1 8 1 8 1 8 1 8 1 8 1 10 12 1 1 10 12 1 1 10 12 1 10 12 1 1 10 12 1 1 7 1 10 12 1 100 1 100 1 10 12 1 10 12 1 8 1 8 1 10 10 12 1 1 10 12 1 1 8 1 10 100 12 1 1 1 8 1 8 1 10 12 1 1 10 7 12 1 1 1 100 1 10 12 1 1 7 1 9 12 1 1 10 7 12 1 1 1 10 10 12 1 9 12 1 10 12 1 1 9 12 1 9 12 1 10 12 1 1 10 12 1 10 12 1 1 7 1 7 1 10 12 1 1 10 12 1 10 12 1 1 10 7 12 1 1 1 10 12 1 8 1 10 12 1 10 12 1 10 12 1 1 10 12 1 10 7 12 1 1 1 10 12 1 1 100 1 8 1 10 9 7 12 1 1 1 10 12 1 1 10 12 1 1 100 1 10 12 1 1 10 12 1 1 100 1 100 1 10 10 100 1 100 1 10 100 1 10 10 12 1 1 10 100 1 10 12 1 10 12 1 10 12 1 1 10 12 1 1 10 12 1 1 10 12 1 10 12 1 1 10 8 1 100 1 10 12 1 10 12 1 10 12 1 10 12 1 10 12 1 1 10 12 1 9 12 1 1 10 7 12 1 1 1 9 12 1 1 11 7 12 1 1 1 10 12 1 10 12 1 10 10 12 1 10 7 12 1 1 1 1 1 1 1 1 1 1 1 1 1 1 1 100 1 1 1 1 1 1 1 1 1 1 1 1 1 1 1 1 1 1 1 1 1 1 1 1 1 1 1 1 1 1 1 1 1 1 1 1 1 1 1 1 1 1 1 1 1 1 1 1 1 1 1 1 1 1 1 1 1 1 1 1 1 1 1 1 1 1 1 1 1 1 1 1 1 1 1 1 1 1 1 1 1 1 1 1 1 1 1 1 1 1 1 1 1 1 1 1 1 1 100 1 1 1 1 1 1 1 1 1 1 1 1 1 1 1 1 1 1 1 1 1 1 1 1 1 1 1 1 100 1 1 1 1 1 1 1 100 1 1 1
staticfield java/lang/invoke/MethodHandleNatives JLA Ljdk/internal/access/JavaLangAccess; java/lang/System$2
staticfield java/lang/invoke/MethodHandleNatives $assertionsDisabled Z 1
ciInstanceKlass jdk/internal/reflect/ConstantPool 1 1 142 10 100 12 1 1 1 9 7 12 1 1 1 10 12 1 1 10 12 1 1 10 12 1 10 12 1 1 10 12 1 1 10 12 1 10 12 1 1 10 12 1 10 12 1 1 10 12 1 10 12 1 10 12 1 10 12 1 1 10 12 1 1 10 12 1 1 10 12 1 1 10 12 1 10 12 1 1 10 100 12 1 1 1 8 11 7 12 1 1 1 10 7 12 1 1 1 1 1 1 1 1 1 1 1 1 1 1 1 1 1 1 1 1 1 1 1 1 1 1 1 1 1 1 1 1 1 1 1 1 1 1 1 1 1 1 1 1 1 1 1 1
instanceKlass jdk/internal/reflect/UnsafeQualifiedStaticFieldAccessorImpl
ciInstanceKlass jdk/internal/reflect/UnsafeStaticFieldAccessorImpl 1 1 47 10 7 12 1 1 1 9 7 12 1 1 1 10 7 12 1 1 1 9 12 1 1 8 11 7 12 1 1 1 10 7 12 1 1 1 1 1 1 1 1 1 1 1 1 1 1
instanceKlass jdk/internal/reflect/UnsafeFieldAccessorImpl
ciInstanceKlass jdk/internal/reflect/FieldAccessorImpl 1 1 59 10 7 12 1 1 1 100 1 100 1 1 1 1 1 1 1 1 1 100 1 1 1 1 1 1 1 1 1 1 1 1 1 1 1 1 1 1 1 100 1 1 1 1 1 1 1 1 1 1 1 1 1 1 1 1 1 1 1
instanceKlass jdk/internal/reflect/UnsafeIntegerFieldAccessorImpl
instanceKlass jdk/internal/reflect/UnsafeBooleanFieldAccessorImpl
instanceKlass jdk/internal/reflect/UnsafeObjectFieldAccessorImpl
instanceKlass jdk/internal/reflect/UnsafeStaticFieldAccessorImpl
ciInstanceKlass jdk/internal/reflect/UnsafeFieldAccessorImpl 1 1 254 10 7 12 1 1 1 9 7 12 1 1 1 10 7 12 1 1 1 10 7 12 1 1 1 9 12 1 1 10 7 12 1 1 1 9 12 1 1 10 12 1 10 12 1 9 12 1 10 12 1 1 10 7 12 1 1 10 7 12 1 1 1 10 12 1 1 100 1 10 10 12 1 1 10 12 1 1 8 1 10 10 12 1 100 1 8 1 10 12 1 8 1 10 12 1 8 1 10 12 1 100 1 10 12 1 1 10 8 1 10 12 1 1 8 1 10 100 12 1 1 8 1 10 100 12 1 1 8 1 10 100 12 1 1 8 1 10 100 12 1 1 8 1 10 100 12 1 1 8 1 10 100 12 1 1 8 1 10 100 12 1 1 8 1 10 100 12 1 1 10 12 1 1 8 1 8 1 8 1 8 1 8 1 8 1 10 100 12 1 1 1 8 1 8 1 8 1 10 12 10 12 1 1 1 1 1 1 1 1 1 1 1 1 1 1 1 1 1 1 1 1 1 1 1 1 1 1 1 1 1 1 1 1 1 1 1 1 1 1 1 1 1 1 1 1 1 1 1 1 1 1 1 1
staticfield jdk/internal/reflect/UnsafeFieldAccessorImpl unsafe Ljdk/internal/misc/Unsafe; jdk/internal/misc/Unsafe
ciInstanceKlass java/lang/invoke/ConstantCallSite 1 1 65 10 7 12 1 1 1 9 7 12 1 1 1 9 12 1 1 10 7 12 1 1 1 10 12 1 100 1 10 12 9 12 1 1 100 1 10 10 12 1 1 10 12 1 1 1 1 1 1 1 1 1 1 1 1 1 100 1 1 1 1 1 1 1 1
staticfield java/lang/invoke/ConstantCallSite UNSAFE Ljdk/internal/misc/Unsafe; jdk/internal/misc/Unsafe
ciInstanceKlass java/lang/invoke/MutableCallSite 0 0 63 10 100 12 1 1 1 10 12 1 9 100 12 1 1 1 10 12 1 10 12 1 1 9 12 1 1 10 100 12 1 1 1 10 100 12 1 1 1 10 12 1 1 1 1 1 1 1 1 1 1 1 1 1 1 1 1 1 1 100 1 1 1
instanceKlass java/lang/invoke/VarHandleByteArrayAsLongs$ByteArrayViewVarHandle
instanceKlass java/lang/invoke/VarHandleByteArrayAsInts$ByteArrayViewVarHandle
instanceKlass java/lang/invoke/VarHandleReferences$FieldStaticReadOnly
instanceKlass java/lang/invoke/VarHandleInts$FieldStaticReadOnly
instanceKlass java/lang/invoke/VarHandleInts$FieldInstanceReadOnly
instanceKlass java/lang/invoke/VarHandleLongs$FieldInstanceReadOnly
instanceKlass java/lang/invoke/VarHandleReferences$FieldInstanceReadOnly
ciInstanceKlass java/lang/invoke/VarHandle 1 1 390 10 7 12 1 1 1 10 7 12 1 1 9 12 1 1 9 12 1 1 100 1 10 8 1 10 12 1 1 10 7 12 1 1 1 10 12 1 1 10 100 12 1 1 1 9 100 12 1 1 1 10 12 1 1 10 100 12 1 1 1 10 12 1 1 9 12 1 10 12 1 9 12 1 1 10 7 12 1 1 10 12 1 9 7 12 1 1 1 9 12 1 1 10 12 1 1 100 1 100 1 10 8 1 10 12 1 1 10 12 1 8 1 10 12 1 10 12 1 10 12 1 1 9 7 12 1 1 1 10 12 1 10 12 1 1 10 12 1 10 10 100 12 1 1 1 10 12 1 1 10 12 1 1 10 100 12 1 1 1 10 100 12 1 1 1 10 100 12 1 1 1 9 12 1 1 10 9 12 1 1 10 12 1 10 12 1 10 12 1 1 10 12 1 10 100 12 1 1 1 9 12 1 1 10 12 1 1 9 12 1 10 12 1 10 12 1 10 100 12 1 1 100 1 10 9 7 12 1 1 1 9 12 1 1 10 7 12 1 1 1 10 12 1 10 12 1 10 12 1 10 12 1 10 12 1 10 12 1 1 7 1 10 10 7 12 1 1 1 9 12 1 1 8 10 12 1 1 7 1 10 12 1 1 100 1 1 1 1 1 1 1 1 1 1 1 1 1 1 1 1 1 1 1 1 1 1 1 1 1 1 1 1 1 1 1 1 1 1 1 1 1 1 1 1 1 1 1 1 1 1 1 1 1 1 1 1 1 1 1 1 1 1 1 1 1 1 1 1 1 1 1 1 1 1 1 1 1 1 1 1 1 1 1 1 1 1 1 1 1 1 1 1 1 100 1 100 1 100 1 1 1 1 1 1 1 100 1 1 1
staticfield java/lang/invoke/VarHandle AIOOBE_SUPPLIER Ljava/util/function/BiFunction; jdk/internal/util/Preconditions$1
staticfield java/lang/invoke/VarHandle VFORM_OFFSET J 16
staticfield java/lang/invoke/VarHandle $assertionsDisabled Z 1
ciInstanceKlass java/lang/invoke/MemberName 1 1 757 7 1 7 1 100 1 9 12 1 1 10 7 12 1 1 1 9 12 1 1 10 12 1 1 10 12 1 1 10 12 1 1 10 12 1 10 12 1 1 10 7 12 1 1 1 10 12 1 9 100 12 1 1 10 12 1 100 1 100 1 10 12 1 8 1 10 12 1 1 10 12 1 10 12 1 1 10 12 1 9 12 1 1 8 1 10 100 12 1 1 1 7 1 10 10 12 1 1 100 1 100 1 10 12 1 1 9 12 1 1 100 1 8 1 10 12 1 10 12 1 10 12 1 10 12 1 10 12 1 1 10 12 1 10 12 1 10 12 1 1 10 12 1 1 10 12 1 8 1 8 1 8 1 10 100 12 1 1 1 10 12 1 9 12 1 1 3 10 12 1 10 12 1 10 12 1 10 10 7 12 1 1 1 10 12 1 10 12 1 10 12 1 10 12 1 7 1 8 10 12 1 1 10 12 1 1 8 1 9 100 1 8 9 100 1 10 12 1 1 10 12 1 10 12 1 8 1 10 12 1 1 10 12 1 10 12 1 10 12 1 10 12 1 1 100 1 10 12 1 1 10 12 1 8 1 10 12 1 10 12 1 8 1 10 12 1 1 10 12 1 1 100 1 10 12 1 1 10 12 8 1 8 1 100 1 10 12 1 10 100 12 1 1 1 100 1 10 12 10 12 1 10 12 1 10 12 1 10 12 1 10 10 12 1 10 12 1 10 12 1 3 10 12 1 3 10 12 1 3 3 3 3 3 3 3 100 1 10 12 1 10 7 12 1 1 1 10 12 1 3 9 12 1 10 12 1 1 3 10 12 1 10 10 7 12 1 1 1 10 12 1 1 10 100 1 10 10 12 1 10 12 1 10 12 1 10 10 12 1 1 10 12 1 10 12 1 10 12 1 100 1 10 10 10 12 100 1 10 10 10 12 1 1 10 12 1 1 10 10 12 1 8 10 100 1 10 12 1 10 100 1 10 12 1 10 12 1 10 12 1 10 10 12 1 10 12 1 1 10 12 1 1 10 12 1 10 12 1 10 12 1 100 1 10 12 1 1 100 1 8 1 10 7 1 10 12 1 10 12 10 12 1 1 10 12 1 10 12 1 8 1 8 1 8 1 8 1 10 12 1 10 12 1 10 12 1 1 8 1 8 1 10 12 1 8 1 10 10 12 1 10 12 1 8 1 8 1 10 10 12 1 8 1 10 100 12 1 1 1 8 1 10 12 1 10 12 1 1 10 12 1 8 1 8 1 8 1 8 1 100 1 10 8 1 8 1 8 1 8 1 10 12 1 100 1 100 1 100 1 10 100 1 10 100 1 10 100 12 1 1 1 9 7 12 1 1 1 100 1 100 1 1 1 1 1 1 1 3 1 3 1 3 1 3 1 3 1 3 1 1 1 1 1 1 1 1 3 1 3 1 1 1 1 3 1 1 1 1 1 1 1 1 1 1 1 1 1 1 1 1 1 1 1 1 1 1 1 1 1 1 1 1 1 1 1 1 1 1 1 1 1 1 1 1 1 1 1 1 1 1 1 1 1 1 1 1 1 1 1 1 1 1 1 1 1 1 1 1 1 1 1 1 1 1 1 1 1 1 1 1 1 1 1 1 1 1 1 1 1 1 1 1 1 1 1 1 1 1 1 1 1 1 1 1 1 1 1 1 1 1 100 1 1 1 1 1 1 1 1 1 1 1 1 1 1 1
staticfield java/lang/invoke/MemberName $assertionsDisabled Z 1
ciInstanceKlass java/lang/invoke/ResolvedMethodName 1 1 16 10 100 12 1 1 1 100 1 1 1 1 1 1 1 1
ciInstanceKlass java/lang/StackWalker 1 1 235 9 7 12 1 1 1 10 7 12 1 1 1 7 1 10 7 12 1 1 1 10 12 1 1 11 7 12 1 1 1 10 12 1 1 10 12 1 1 10 12 1 1 100 1 8 1 10 12 1 10 12 1 10 12 1 10 7 12 1 1 9 12 1 1 9 12 1 1 9 12 1 1 9 12 1 1 10 12 1 1 9 12 1 1 10 7 12 1 1 1 11 12 1 1 100 1 8 1 10 10 100 12 1 1 9 12 1 1 10 12 1 1 10 7 12 1 1 1 10 7 12 1 1 1 18 12 1 1 100 1 8 1 10 10 12 1 1 10 100 12 1 1 1 9 7 12 1 1 11 100 12 1 1 1 10 12 1 1 1 1 1 1 1 1 1 1 1 1 1 1 1 1 1 1 1 1 1 1 1 1 1 1 1 1 1 1 1 1 1 1 1 1 1 1 1 1 1 1 1 1 1 1 1 1 1 1 1 100 1 1 15 10 100 12 1 1 1 16 15 10 12 16 1 1 1 1 1 1 1 100 1 100 1 1
staticfield java/lang/StackWalker DEFAULT_EMPTY_OPTION Ljava/util/EnumSet; java/util/RegularEnumSet
staticfield java/lang/StackWalker DEFAULT_WALKER Ljava/lang/StackWalker; java/lang/StackWalker
instanceKlass java/lang/StackStreamFactory$StackFrameTraverser
ciInstanceKlass java/lang/StackStreamFactory$AbstractStackWalker 1 1 306 7 1 100 1 3 10 7 12 1 1 1 10 7 12 1 1 10 7 12 1 1 1 9 12 1 1 10 12 1 1 9 12 1 1 9 12 1 1 9 12 1 1 9 12 1 9 7 12 1 1 1 10 7 12 1 1 1 10 12 1 1 9 12 1 1 10 7 12 1 1 1 10 12 1 1 9 12 1 1 9 100 12 1 1 1 100 1 10 8 1 10 12 1 1 10 12 1 8 1 10 12 1 1 10 100 12 1 1 1 100 1 8 1 10 12 1 8 1 10 12 9 7 12 1 1 1 10 7 12 1 1 9 12 1 8 1 5 0 8 1 8 1 9 12 1 1 10 12 1 1 10 12 1 1 10 12 1 9 12 1 10 12 1 10 12 1 10 12 1 10 12 1 1 10 12 1 10 12 1 1 8 1 10 12 1 10 12 1 10 12 1 10 12 1 1 8 1 10 12 1 1 10 12 1 1 10 12 1 1 10 12 1 10 12 1 10 7 12 1 1 1 9 12 1 8 1 10 12 1 10 12 1 10 12 1 10 12 1 10 12 1 10 12 1 10 12 1 1 10 12 1 1 10 12 1 1 10 12 1 8 1 1 1 1 1 1 1 1 1 1 1 1 1 1 1 1 1 1 100 1 1 1 1 100 1 1 1 1 1 1 1 1 1 1 1 1 1 1 1 1 1 1 1 1 1
ciInstanceKlass jdk/internal/module/Modules 1 1 504 10 100 12 1 1 1 9 7 12 1 1 1 11 7 12 1 1 1 11 12 1 1 11 12 1 1 11 12 1 1 11 12 1 11 12 1 11 12 1 11 12 1 11 12 1 1 10 100 12 1 1 1 10 100 12 1 1 1 18 12 1 1 10 100 12 1 1 1 100 1 10 100 12 1 1 1 10 100 12 1 1 1 10 100 12 1 1 10 12 1 1 11 12 1 9 12 1 1 11 100 12 1 1 1 10 12 1 1 10 10 12 1 10 9 12 1 1 10 100 12 1 1 10 12 1 1 10 100 12 1 1 100 1 11 100 12 1 1 1 10 100 12 1 1 1 11 100 12 1 1 10 12 1 1 10 100 12 1 1 10 100 12 1 1 1 10 12 1 1 10 12 1 1 11 12 1 1 18 12 1 1 11 100 12 1 1 10 100 12 1 1 1 11 100 12 1 1 1 100 1 11 12 1 1 11 100 12 1 1 1 11 12 1 1 10 12 1 1 10 100 12 1 1 18 12 1 1 11 12 1 1 18 12 1 1 11 12 1 1 10 12 1 18 18 10 12 1 1 9 12 1 1 11 100 12 1 1 1 100 1 10 11 12 1 11 12 1 1 11 12 1 1 10 100 1 10 12 1 1 10 100 12 1 1 10 12 1 1 11 12 10 12 1 1 100 1 10 18 12 1 10 12 1 1 100 1 8 1 10 12 1 10 100 12 1 1 18 12 1 11 11 12 10 12 1 10 10 100 1 18 12 1 10 10 10 7 12 1 1 10 7 12 1 1 1 10 12 1 1 1 1 1 1 1 1 1 1 1 1 1 1 1 1 1 1 1 1 1 1 1 1 1 1 1 1 1 1 1 1 1 100 1 1 1 1 1 1 1 1 1 1 1 1 1 1 1 1 1 1 1 1 1 1 1 1 1 1 1 1 1 1 1 1 1 1 1 100 1 1 1 1 1 1 1 1 1 1 1 1 1 1 1 1 1 1 1 1 1 1 1 15 10 100 12 1 1 1 16 15 10 12 1 16 16 15 10 12 1 16 1 16 1 15 10 12 1 16 1 16 1 15 10 12 16 1 15 10 16 1 15 10 12 16 1 15 10 12 16 15 10 12 16 15 10 12 1 1 1 100 1 100 1 1
staticfield jdk/internal/module/Modules JLA Ljdk/internal/access/JavaLangAccess; java/lang/System$2
staticfield jdk/internal/module/Modules JLMA Ljdk/internal/access/JavaLangModuleAccess; java/lang/module/ModuleDescriptor$1
staticfield jdk/internal/module/Modules $assertionsDisabled Z 1
ciInstanceKlass jdk/internal/loader/ClassLoaderValue 1 1 44 10 7 12 1 1 1 10 100 12 1 1 1 10 100 12 1 1 1 10 100 12 1 1 1 1 1 1 1 1 1 1 1 1 1 1 1 1 1 1 1 1 1 1
instanceKlass java/util/concurrent/ConcurrentHashMap$ForwardingNode
instanceKlass java/util/concurrent/ConcurrentHashMap$ReservationNode
ciInstanceKlass java/util/concurrent/ConcurrentHashMap$Node 1 1 97 10 7 12 1 1 1 9 7 12 1 1 1 9 12 1 1 9 12 1 10 12 1 9 12 1 1 10 12 1 1 10 100 12 1 1 1 100 1 10 100 1 11 12 1 1 11 12 1 10 12 1 1 1 1 1 1 1 1 1 1 1 1 1 1 1 1 1 1 1 1 1 1 1 1 1 1 1 1 1 1 1 1 1 1 1 1 1 1 1 100 1 1 1 100 1 1
ciInstanceKlass java/util/concurrent/ConcurrentHashMap$ForwardingNode 1 1 71 100 1 10 7 12 1 1 1 9 7 12 1 1 1 10 12 1 1 9 12 1 1 9 12 1 1 10 100 12 1 1 1 10 12 1 1 9 12 1 1 1 1 1 1 1 1 1 1 1 1 1 1 1 1 1 1 1 1 1 1 1 100 1 1 1 1 1 1 1 1
ciInstanceKlass java/util/concurrent/ConcurrentHashMap$ReservationNode 1 1 34 100 1 10 7 12 1 1 1 100 1 1 1 1 1 1 1 1 1 1 1 1 1 1 1 1 1 1 1 1 1 1 1 1
ciMethod java/util/concurrent/ConcurrentHashMap$Node find (ILjava/lang/Object;)Ljava/util/concurrent/ConcurrentHashMap$Node; 0 0 1 0 -1
ciMethod java/util/concurrent/ConcurrentHashMap$Node <init> (ILjava/lang/Object;Ljava/lang/Object;)V 1024 0 13264 0 -1
ciInstanceKlass java/lang/ref/ReferenceQueue$Null 1 1 28 10 7 12 1 1 1 100 1 1 1 1 1 1 1 1 1 1 1 1 1 1 1 1 1 1 1 1
ciMethod java/lang/ref/SoftReference <init> (Ljava/lang/Object;Ljava/lang/ref/ReferenceQueue;)V 1024 0 4117 0 0
ciMethod java/lang/ref/Reference <init> (Ljava/lang/Object;Ljava/lang/ref/ReferenceQueue;)V 516 0 31367 0 544
ciMethod java/util/Hashtable put (Ljava/lang/Object;Ljava/lang/Object;)Ljava/lang/Object; 512 50 7175 0 -1
ciMethod jdk/internal/misc/Unsafe getReferenceAcquire (Ljava/lang/Object;J)Ljava/lang/Object; 574 0 5397 0 -1
ciMethod java/lang/String <init> ([CII)V 440 0 5477 0 -1
ciMethod java/lang/String equals (Ljava/lang/Object;)Z 644 0 19092 0 384
ciMethod java/lang/String hashCode ()I 1024 0 11966 0 512
ciMethod java/lang/String isLatin1 ()Z 782 0 2046448 0 -1
ciMethod java/util/concurrent/ConcurrentHashMap put (Ljava/lang/Object;Ljava/lang/Object;)Ljava/lang/Object; 512 0 8887 0 96
ciMethod java/util/concurrent/ConcurrentHashMap get (Ljava/lang/Object;)Ljava/lang/Object; 512 24 11573 0 672
ciMethod java/util/concurrent/ConcurrentHashMap spread (I)I 558 0 35208 0 0
ciMethod java/util/concurrent/ConcurrentHashMap tabAt ([Ljava/util/concurrent/ConcurrentHashMap$Node;I)Ljava/util/concurrent/ConcurrentHashMap$Node; 512 0 5397 0 64
ciMethod java/util/concurrent/ConcurrentHashMap putVal (Ljava/lang/Object;Ljava/lang/Object;Z)Ljava/lang/Object; 912 20 11953 0 -1
ciMethod java/util/concurrent/ConcurrentHashMap initTable ()[Ljava/util/concurrent/ConcurrentHashMap$Node; 16 0 668 0 -1
ciMethod java/util/concurrent/ConcurrentHashMap casTabAt ([Ljava/util/concurrent/ConcurrentHashMap$Node;ILjava/util/concurrent/ConcurrentHashMap$Node;Ljava/util/concurrent/ConcurrentHashMap$Node;)Z 944 0 1501 0 -1
ciMethod java/util/concurrent/ConcurrentHashMap helpTransfer ([Ljava/util/concurrent/ConcurrentHashMap$Node;Ljava/util/concurrent/ConcurrentHashMap$Node;)[Ljava/util/concurrent/ConcurrentHashMap$Node; 0 0 1 0 -1
ciMethod java/util/concurrent/ConcurrentHashMap treeifyBin ([Ljava/util/concurrent/ConcurrentHashMap$Node;I)V 0 0 1 0 -1
ciMethod java/util/concurrent/ConcurrentHashMap addCount (JI)V 1024 0 12834 0 -1
ciMethod java/security/AccessController doPrivileged (Ljava/security/PrivilegedAction;)Ljava/lang/Object; 72 0 8855 0 -1
ciMethod java/lang/Object <init> ()V 1024 0 1047094 0 128
instanceKlass java/util/concurrent/CancellationException
instanceKlass sun/java2d/InvalidPipeException
ciInstanceKlass java/lang/IllegalStateException 1 1 35 10 100 12 1 1 1 10 12 1 10 12 1 10 12 1 100 1 1 1 1 5 0 1 1 1 1 1 1 1 1 1 1 1 1
instanceKlass sun/java2d/SunGraphicsEnvironment
ciInstanceKlass java/awt/GraphicsEnvironment 1 1 189 10 7 12 1 1 1 9 7 12 1 1 1 10 7 12 1 1 1 9 12 1 1 9 12 1 9 7 12 1 1 10 7 12 1 1 1 18 12 1 1 10 7 12 1 1 1 10 12 1 10 12 1 100 1 10 100 1 8 1 10 12 1 10 100 12 1 1 1 11 100 12 1 1 1 11 12 1 11 12 1 10 12 1 1 10 100 12 1 1 1 100 1 9 100 12 1 1 1 9 12 1 9 12 1 9 12 1 10 12 1 8 1 10 7 12 1 1 1 10 12 1 10 12 1 1 10 12 1 1 1 1 1 1 1 1 1 100 1 1 1 1 1 1 1 1 1 1 1 1 1 1 1 1 1 1 1 1 1 1 1 1 1 1 1 1 1 1 1 15 10 7 12 1 1 1 16 1 15 10 12 16 1 1 100 1 100 1 1
ciInstanceKlass sun/font/FontUtilities 1 1 257 10 100 12 1 1 1 10 7 12 1 1 1 10 12 1 1 7 1 10 12 1 1 10 12 1 1 100 1 3 3 9 12 1 1 9 12 1 1 9 12 1 10 12 1 1 10 100 12 1 1 1 10 12 1 10 12 1 10 7 1 7 1 10 12 1 7 1 10 7 12 1 1 1 8 1 10 7 12 1 1 1 7 1 11 12 1 1 9 12 1 1 10 7 12 1 1 1 7 1 10 10 12 1 10 12 1 10 12 1 10 12 1 1 9 12 1 1 10 12 1 1 10 12 1 9 12 1 1 10 7 12 1 1 1 10 12 1 1 8 1 100 1 10 12 1 1 10 12 1 100 1 3 10 12 1 1 3 7 1 10 10 7 12 1 1 1 7 1 8 1 8 1 8 1 8 1 8 1 1 1 1 1 1 1 1 1 3 1 3 1 1 1 1 1 1 1 1 1 1 1 1 1 1 1 1 1 1 1 1 1 1 1 1 1 1 1 1 1 1 1 1 1 1 1 1 1 1 1 1 1 1 1 1 1 1 1 100 1 1 1 1 1 1 1 1 1 1 1 1 1 1 1 1 100 1 1
staticfield sun/font/FontUtilities nameMap [[Ljava/lang/String; 4 [[Ljava/lang/String;
instanceKlass javax/swing/plaf/FontUIResource
ciInstanceKlass java/awt/Font 1 1 1318 9 7 12 1 1 1 10 7 12 1 1 1 7 1 9 12 1 1 9 12 1 1 11 12 1 1 9 12 1 1 7 1 10 12 1 1 10 12 1 1 9 12 1 1 10 12 1 1 10 12 1 4 10 12 1 9 12 1 10 12 1 1 10 7 12 1 1 1 9 12 1 1 7 1 11 12 1 1 9 7 12 1 1 9 7 12 1 1 1 10 7 1 9 12 1 1 9 12 1 8 1 9 12 1 6 0 10 12 1 100 1 10 12 1 1 11 12 1 1 11 12 1 1 10 7 12 1 1 1 10 12 1 1 10 12 1 1 10 7 12 1 1 1 10 12 1 1 10 12 1 10 12 1 1 9 12 1 10 12 1 1 10 12 1 1 10 12 1 10 12 1 9 12 1 10 12 1 1 9 12 1 9 12 1 9 12 1 100 1 8 1 10 12 100 1 8 1 10 10 7 12 1 1 1 100 1 10 12 1 9 7 12 1 1 1 10 12 1 1 10 12 1 1 9 12 1 10 12 1 10 12 1 10 12 1 10 12 1 9 100 12 1 1 1 11 100 12 1 1 1 11 12 10 100 12 1 1 1 8 1 8 1 100 1 10 100 12 1 1 1 11 100 12 1 1 1 10 100 12 1 1 1 100 1 10 12 1 10 12 1 1 10 100 12 1 1 1 10 12 1 100 1 8 1 10 10 12 1 100 1 8 1 10 12 1 1 10 12 1 100 1 8 1 10 100 1 10 10 100 12 1 1 1 10 12 1 1 100 1 10 12 100 1 10 12 1 1 10 100 12 1 1 1 3 8 1 10 12 1 3 8 1 10 12 1 10 12 1 1 10 12 1 10 12 1 10 12 1 100 1 10 100 1 10 12 1 1 10 12 1 10 12 1 10 100 1 8 10 12 1 10 100 12 1 1 1 10 12 1 18 12 1 1 9 12 1 7 1 10 12 1 1 10 12 1 10 10 12 1 9 12 1 1 6 0 10 100 12 1 1 1 10 12 1 1 10 12 1 10 12 1 1 9 12 1 10 12 1 10 12 1 10 12 8 1 10 12 1 1 10 12 1 10 12 1 10 10 12 1 8 1 8 1 10 12 1 10 12 1 1 10 12 1 10 12 1 10 12 1 1 10 100 12 1 1 1 10 12 1 100 1 10 12 1 1 10 12 1 9 12 1 1 10 12 1 8 1 8 1 8 1 8 1 10 12 1 1 100 1 10 12 1 1 9 12 1 10 12 1 10 10 12 1 10 12 1 10 12 1 10 12 1 1 10 100 12 1 1 10 18 12 1 10 12 1 1 9 12 1 1 10 100 12 1 1 10 100 12 1 1 10 12 1 1 10 12 1 1 10 12 1 10 12 1 10 12 1 10 12 1 10 12 1 10 12 1 1 10 12 100 1 9 12 1 9 12 1 9 12 1 9 12 1 9 12 1 9 12 1 9 12 1 9 12 1 9 12 1 9 12 1 9 12 1 9 12 1 9 12 1 9 12 1 9 12 1 9 12 1 9 12 1 9 12 1 9 12 1 9 12 1 9 12 1 9 12 1 10 12 1 10 12 1 1 10 12 1 1 10 12 1 1 10 100 12 1 1 10 12 1 18 12 10 12 10 12 1 10 12 1 10 12 1 11 100 12 1 1 11 12 1 1 10 12 1 10 12 1 1 10 12 1 1 9 100 12 1 1 1 9 12 1 10 7 12 1 1 1 10 12 1 9 12 1 1 10 12 1 9 12 1 1 10 7 12 1 7 1 9 12 1 1 10 12 1 10 12 1 1 10 10 12 1 1 10 12 1 10 12 1 100 1 10 10 12 1 1 10 12 1 1 9 12 1 7 1 10 12 1 10 12 1 10 12 1 10 12 10 12 1 1 9 12 1 10 12 1 1 10 12 1 1 10 12 1 100 1 18 12 10 18 18 10 12 1 10 12 1 10 12 1 10 12 1 10 7 12 1 1 1 10 12 1 1 10 12 1 100 1 10 12 1 100 1 10 12 1 10 12 1 10 12 1 10 12 1 10 12 1 11 12 1 11 12 1 11 12 1 10 12 1 7 1 10 12 1 10 12 1 10 12 1 10 12 1 10 100 12 1 1 10 12 1 1 10 12 1 1 8 1 10 12 1 10 12 1 10 12 1 7 1 10 10 7 12 1 1 1 9 12 1 10 12 1 1 9 12 1 9 12 1 9 12 1 9 12 1 9 12 1 9 12 1 10 12 1 9 12 1 9 12 1 9 12 1 9 12 1 9 12 1 9 12 1 9 12 1 9 12 1 9 12 1 9 12 1 9 12 1 9 12 1 9 12 1 9 12 1 4 4 4 4 4 4 4 100 1 1 1 1 1 1 8 1 1 8 1 1 8 1 1 8 1 1 3 1 3 1 3 1 1 1 1 1 1 1 1 5 0 1 1 1 1 1 3 1 1 1 1 1 1 1 1 1 1 1 1 1 1 1 1 1 1 1 1 1 1 1 1 1 1 1 1 1 1 1 1 1 1 1 1 1 1 1 1 1 1 1 1 1 1 1 1 1 1 100 1 1 1 1 1 100 1 1 1 1 1 1 1 1 1 1 1 1 1 1 100 1 1 1 1 1 1 1 1 1 1 1 1 1 1 1 1 1 1 1 1 1 1 1 1 1 1 1 1 1 1 1 1 1 1 1 1 1 1 1 1 1 1 1 1 100 1 1 1 1 1 1 1 1 1 1 1 1 1 1 1 1 1 1 1 1 1 1 1 1 1 1 1 1 1 1 1 1 1 1 1 1 1 1 1 1 1 1 1 1 1 1 1 1 100 1 1 1 1 1 1 100 1 1 1 1 1 1 1 1 1 1 1 1 1 1 1 1 1 1 1 1 1 1 1 1 1 1 1 1 1 1 1 1 1 15 10 100 12 1 1 8 1 8 1 8 1 8 1 8 1 8 1 1 100 1 1 100 1 1 100 1 100 1 1 1 100 1 100 1 1
staticfield java/awt/Font identityTx Ljava/awt/geom/AffineTransform; java/awt/geom/AffineTransform
staticfield java/awt/Font RECOGNIZED_MASK I 16777087
staticfield java/awt/Font PRIMARY_MASK I 4194431
staticfield java/awt/Font SECONDARY_MASK I 12582656
staticfield java/awt/Font LAYOUT_MASK I 8388416
staticfield java/awt/Font EXTRA_MASK I 100
staticfield java/awt/Font ssinfo [F 8
instanceKlass java/awt/Font$FontAccessImpl
ciInstanceKlass sun/font/FontAccess 1 1 42 10 7 12 1 1 1 9 7 12 1 1 1 100 1 8 1 10 12 1 1 1 1 1 1 1 1 1 1 1 1 1 1 1 1 1 1 1 1 1 1 1
ciInstanceKlass java/awt/Font$FontAccessImpl 1 1 48 10 7 12 1 1 1 10 7 12 1 1 1 9 12 1 1 9 12 1 1 10 12 1 1 100 1 1 1 1 1 1 1 1 1 1 1 1 1 1 1 1 1 1 1 1 1 1
ciInstanceKlass java/awt/geom/AffineTransform 1 1 417 7 1 10 7 12 1 1 1 9 12 1 1 9 12 1 9 12 1 9 12 1 9 12 1 9 12 1 9 12 1 1 9 12 1 10 12 1 10 10 12 1 1 10 12 1 1 10 12 1 10 12 10 12 1 10 12 1 1 10 12 1 10 12 1 10 12 1 10 12 1 10 12 1 6 0 100 1 8 1 10 12 1 9 12 1 1 10 7 12 1 1 1 10 12 1 10 12 1 10 12 1 10 12 1 10 12 1 10 12 1 10 12 1 10 12 10 12 1 10 12 1 7 1 6 0 100 1 18 12 1 1 10 10 12 1 8 1 7 1 10 7 1 10 10 7 12 1 1 1 10 12 1 10 12 1 10 100 12 1 1 1 100 1 10 12 1 6 0 10 12 1 10 12 1 18 12 1 10 12 1 1 10 12 1 1 100 1 10 12 1 10 12 1 1 5 0 10 100 12 1 1 10 100 12 1 1 100 1 100 1 1 1 3 1 3 1 3 1 3 1 3 1 3 1 3 1 3 1 3 1 3 1 3 1 1 1 1 1 3 1 1 1 1 1 1 5 0 1 1 1 1 1 1 1 1 1 1 1 1 1 1 1 1 1 1 1 1 1 1 100 1 1 1 100 1 1 1 1 1 1 1 1 1 1 1 1 1 1 1 1 1 1 1 1 1 1 1 1 1 1 1 1 1 1 1 1 1 1 1 1 1 1 1 1 1 1 1 1 1 1 1 1 1 1 1 1 1 1 1 1 1 1 1 1 1 1 1 1 1 1 1 1 1 1 1 1 1 1 1 1 1 1 1 1 100 1 1 1 1 1 1 1 1 1 1 1 1 1 1 1 1 1 1 1 1 1 1 1 1 1 1 1 1 1 1 100 1 1 1 1 100 1 1 1 1 1 15 10 100 12 1 1 8 1 8 1 1 1 1 100 1 100 1 100 1 1
staticfield java/awt/geom/AffineTransform rot90conversion [I 8
ciInstanceKlass sun/font/AttributeValues 1 1 772 10 7 12 1 1 1 8 1 9 7 12 1 1 1 9 12 1 1 9 12 1 4 9 12 1 9 12 1 9 12 1 1 9 12 1 9 12 1 9 7 12 1 1 1 10 12 1 1 9 12 1 9 12 1 9 12 1 9 12 1 9 12 1 9 12 1 1 10 100 12 1 1 1 9 12 1 1 10 12 1 10 12 1 9 12 1 10 100 1 10 12 1 1 9 12 1 9 12 1 9 12 1 1 9 12 1 9 12 1 1 9 12 1 9 12 1 1 9 12 1 9 12 1 9 12 1 9 12 1 9 12 1 1 9 12 1 9 12 1 9 12 1 9 12 1 9 12 1 9 12 1 1 9 12 1 9 12 1 9 12 1 9 12 1 9 12 1 1 9 12 1 9 12 1 9 12 1 9 12 1 9 12 1 9 12 1 9 12 1 9 12 1 9 12 1 9 12 1 1 9 12 1 9 12 1 9 12 1 100 1 8 1 10 12 1 9 12 1 1 18 12 1 1 10 12 1 1 18 18 10 12 1 10 12 1 100 1 18 10 12 1 1 9 12 1 10 12 1 1 100 1 10 12 1 1 10 12 1 11 100 12 1 1 11 12 1 1 11 100 12 1 1 1 11 100 12 1 1 11 12 1 1 100 1 11 12 1 100 1 10 12 1 1 11 12 1 10 12 1 100 1 9 12 1 1 10 12 1 10 100 1 10 10 12 1 11 12 1 1 8 1 10 100 12 1 1 1 10 10 10 12 1 100 1 10 12 1 1 10 12 1 1 10 100 1 10 10 12 1 1 10 12 1 10 12 1 10 100 12 1 1 10 12 1 100 1 100 1 10 10 12 1 1 10 12 1 8 1 10 12 1 10 12 1 9 100 12 1 1 1 10 12 1 10 12 1 10 12 1 10 12 1 10 18 12 1 10 12 1 1 10 12 1 1 10 12 1 1 100 1 10 12 1 100 1 10 12 1 1 100 1 100 1 100 1 100 1 10 12 1 9 100 12 1 1 1 10 100 1 10 100 1 100 1 9 12 1 1 10 10 12 1 9 12 1 10 4 4 4 10 100 12 1 1 1 10 12 1 18 9 12 1 11 12 1 9 12 1 10 12 1 1 10 100 12 1 1 1 10 12 1 1 10 12 10 12 1 9 12 1 10 12 10 12 1 1 100 1 10 12 1 10 12 1 1 10 12 1 1 9 12 1 1 9 12 1 10 12 1 1 10 12 1 10 12 1 1 10 12 1 10 12 1 10 12 1 10 12 1 10 12 1 10 12 1 10 12 1 1 100 1 10 7 12 1 1 1 7 10 12 1 1 100 1 1 1 1 1 1 1 1 1 1 1 1 1 1 1 1 1 1 1 1 1 1 1 1 1 1 1 1 1 1 1 1 1 1 1 1 1 1 1 1 1 1 1 1 1 1 1 1 1 1 1 1 1 1 1 1 1 1 1 1 1 1 1 1 1 1 1 1 1 1 1 1 1 1 1 1 1 1 1 1 1 1 1 1 1 1 1 1 1 1 1 1 1 1 1 1 1 1 1 1 1 1 1 1 1 1 1 1 1 1 1 1 1 1 1 1 1 1 1 1 1 1 1 1 1 1 1 1 1 1 1 1 1 1 1 1 1 1 1 1 1 1 1 1 1 1 1 1 1 1 1 1 1 1 1 1 1 15 10 100 12 1 1 8 1 8 1 8 1 8 1 8 1 8 1 1 1 100 1 1 100 1 1 100 1 100 1 1
staticfield sun/font/AttributeValues DEFAULT Lsun/font/AttributeValues; sun/font/AttributeValues
staticfield sun/font/AttributeValues MASK_ALL I 16777215
ciInstanceKlass sun/java2d/DisposerRecord 1 0 9 100 1 100 1 1 1 1 1
ciInstanceKlass sun/java2d/Disposer 1 1 272 10 7 12 1 1 1 9 7 12 1 1 1 7 1 10 12 1 10 12 1 1 7 1 11 12 1 1 9 12 1 1 7 1 9 12 1 1 10 12 1 7 1 10 9 12 1 1 10 7 12 1 1 1 10 7 12 1 1 1 7 1 10 12 1 10 12 1 7 1 11 12 1 10 12 1 100 1 9 100 12 1 1 1 8 1 10 100 12 1 1 1 9 12 1 1 10 100 12 1 1 1 10 12 1 1 10 12 1 1 8 1 10 9 12 1 1 10 12 1 100 1 10 12 1 10 12 1 8 1 10 7 12 1 1 1 7 1 10 12 1 10 12 1 1 10 12 1 1 10 12 1 10 12 1 10 10 7 1 10 10 7 12 1 1 1 10 12 1 7 1 8 1 10 12 100 1 8 1 10 12 1 9 12 1 8 1 8 1 10 18 12 1 1 100 1 1 1 1 1 1 3 1 3 1 1 1 1 1 1 1 1 1 1 1 1 1 1 1 1 1 1 1 1 1 1 1 1 1 1 100 1 1 1 1 1 1 1 1 1 1 1 1 1 1 1 1 1 1 1 1 1 1 15 10 7 12 1 1 1 16 15 10 12 16 1 1 100 1 100 1 1
staticfield sun/java2d/Disposer queue Ljava/lang/ref/ReferenceQueue; java/lang/ref/ReferenceQueue
staticfield sun/java2d/Disposer records Ljava/util/Hashtable; java/util/Hashtable
instanceKlass java/lang/ArrayIndexOutOfBoundsException
instanceKlass java/lang/StringIndexOutOfBoundsException
ciInstanceKlass java/lang/IndexOutOfBoundsException 1 0 49 10 100 12 1 1 1 10 12 1 100 1 10 8 1 10 12 1 1 10 12 1 10 12 1 1 10 12 1 100 1 1 1 1 5 0 1 1 1 1 1 1 1 1 1 1 1 1 1
ciInstanceKlass java/awt/RenderingHints 1 1 416 10 7 12 1 1 1 7 1 10 12 1 9 7 12 1 1 1 10 12 1 1 10 12 1 1 10 12 1 1 10 12 1 1 7 1 10 12 1 1 10 12 1 10 12 1 1 10 12 1 100 1 18 12 1 1 10 12 1 10 12 1 10 12 1 10 100 12 1 1 11 100 12 1 1 1 11 100 12 1 1 1 11 100 12 1 1 11 12 1 1 100 1 11 12 1 11 12 1 10 10 12 1 10 12 1 1 10 100 12 1 1 1 10 12 1 10 12 1 10 12 1 10 100 1 100 1 10 12 1 10 12 1 1 10 12 1 1 10 10 100 12 1 1 1 18 12 1 10 12 1 9 7 12 1 1 1 9 12 1 9 12 1 1 9 9 12 1 9 9 12 1 9 9 12 1 9 12 9 12 1 9 9 12 1 9 9 12 1 9 9 12 1 9 12 9 12 1 9 9 12 1 9 9 12 1 9 9 12 1 9 12 9 12 1 9 9 12 1 9 9 12 1 9 9 12 1 9 9 12 1 9 9 12 1 9 9 12 1 9 9 12 1 9 9 12 1 9 12 1 9 12 1 9 12 9 12 1 9 9 12 1 9 9 12 1 9 9 12 1 9 12 9 12 1 9 9 12 1 9 9 12 1 9 9 12 1 9 12 9 12 1 9 9 12 1 9 9 12 1 9 9 12 1 9 12 9 12 1 9 9 12 1 9 9 12 1 9 9 12 1 9 12 9 12 1 9 9 12 1 9 9 12 1 9 9 12 1 9 12 9 12 1 9 9 12 1 9 9 12 1 9 9 12 1 9 100 1 1 1 1 1 1 1 1 1 1 1 1 1 1 1 1 1 1 1 1 1 1 1 1 1 1 1 1 1 1 1 1 1 1 1 1 1 1 1 15 10 100 12 1 1 8 1 8 1 1 1 1 100 1 100 1 100 1 1
staticfield java/awt/RenderingHints KEY_ANTIALIASING Ljava/awt/RenderingHints$Key; sun/awt/SunHints$Key
staticfield java/awt/RenderingHints VALUE_ANTIALIAS_ON Ljava/lang/Object; sun/awt/SunHints$Value
staticfield java/awt/RenderingHints VALUE_ANTIALIAS_OFF Ljava/lang/Object; sun/awt/SunHints$Value
staticfield java/awt/RenderingHints VALUE_ANTIALIAS_DEFAULT Ljava/lang/Object; sun/awt/SunHints$Value
staticfield java/awt/RenderingHints KEY_RENDERING Ljava/awt/RenderingHints$Key; sun/awt/SunHints$Key
staticfield java/awt/RenderingHints VALUE_RENDER_SPEED Ljava/lang/Object; sun/awt/SunHints$Value
staticfield java/awt/RenderingHints VALUE_RENDER_QUALITY Ljava/lang/Object; sun/awt/SunHints$Value
staticfield java/awt/RenderingHints VALUE_RENDER_DEFAULT Ljava/lang/Object; sun/awt/SunHints$Value
staticfield java/awt/RenderingHints KEY_DITHERING Ljava/awt/RenderingHints$Key; sun/awt/SunHints$Key
staticfield java/awt/RenderingHints VALUE_DITHER_DISABLE Ljava/lang/Object; sun/awt/SunHints$Value
staticfield java/awt/RenderingHints VALUE_DITHER_ENABLE Ljava/lang/Object; sun/awt/SunHints$Value
staticfield java/awt/RenderingHints VALUE_DITHER_DEFAULT Ljava/lang/Object; sun/awt/SunHints$Value
staticfield java/awt/RenderingHints KEY_TEXT_ANTIALIASING Ljava/awt/RenderingHints$Key; sun/awt/SunHints$Key
staticfield java/awt/RenderingHints VALUE_TEXT_ANTIALIAS_ON Ljava/lang/Object; sun/awt/SunHints$Value
staticfield java/awt/RenderingHints VALUE_TEXT_ANTIALIAS_OFF Ljava/lang/Object; sun/awt/SunHints$Value
staticfield java/awt/RenderingHints VALUE_TEXT_ANTIALIAS_DEFAULT Ljava/lang/Object; sun/awt/SunHints$Value
staticfield java/awt/RenderingHints VALUE_TEXT_ANTIALIAS_GASP Ljava/lang/Object; sun/awt/SunHints$Value
staticfield java/awt/RenderingHints VALUE_TEXT_ANTIALIAS_LCD_HRGB Ljava/lang/Object; sun/awt/SunHints$Value
staticfield java/awt/RenderingHints VALUE_TEXT_ANTIALIAS_LCD_HBGR Ljava/lang/Object; sun/awt/SunHints$Value
staticfield java/awt/RenderingHints VALUE_TEXT_ANTIALIAS_LCD_VRGB Ljava/lang/Object; sun/awt/SunHints$Value
staticfield java/awt/RenderingHints VALUE_TEXT_ANTIALIAS_LCD_VBGR Ljava/lang/Object; sun/awt/SunHints$Value
staticfield java/awt/RenderingHints KEY_TEXT_LCD_CONTRAST Ljava/awt/RenderingHints$Key; sun/awt/SunHints$LCDContrastKey
staticfield java/awt/RenderingHints KEY_FRACTIONALMETRICS Ljava/awt/RenderingHints$Key; sun/awt/SunHints$Key
staticfield java/awt/RenderingHints VALUE_FRACTIONALMETRICS_OFF Ljava/lang/Object; sun/awt/SunHints$Value
staticfield java/awt/RenderingHints VALUE_FRACTIONALMETRICS_ON Ljava/lang/Object; sun/awt/SunHints$Value
staticfield java/awt/RenderingHints VALUE_FRACTIONALMETRICS_DEFAULT Ljava/lang/Object; sun/awt/SunHints$Value
staticfield java/awt/RenderingHints KEY_INTERPOLATION Ljava/awt/RenderingHints$Key; sun/awt/SunHints$Key
staticfield java/awt/RenderingHints VALUE_INTERPOLATION_NEAREST_NEIGHBOR Ljava/lang/Object; sun/awt/SunHints$Value
staticfield java/awt/RenderingHints VALUE_INTERPOLATION_BILINEAR Ljava/lang/Object; sun/awt/SunHints$Value
staticfield java/awt/RenderingHints VALUE_INTERPOLATION_BICUBIC Ljava/lang/Object; sun/awt/SunHints$Value
staticfield java/awt/RenderingHints KEY_ALPHA_INTERPOLATION Ljava/awt/RenderingHints$Key; sun/awt/SunHints$Key
staticfield java/awt/RenderingHints VALUE_ALPHA_INTERPOLATION_SPEED Ljava/lang/Object; sun/awt/SunHints$Value
staticfield java/awt/RenderingHints VALUE_ALPHA_INTERPOLATION_QUALITY Ljava/lang/Object; sun/awt/SunHints$Value
staticfield java/awt/RenderingHints VALUE_ALPHA_INTERPOLATION_DEFAULT Ljava/lang/Object; sun/awt/SunHints$Value
staticfield java/awt/RenderingHints KEY_COLOR_RENDERING Ljava/awt/RenderingHints$Key; sun/awt/SunHints$Key
staticfield java/awt/RenderingHints VALUE_COLOR_RENDER_SPEED Ljava/lang/Object; sun/awt/SunHints$Value
staticfield java/awt/RenderingHints VALUE_COLOR_RENDER_QUALITY Ljava/lang/Object; sun/awt/SunHints$Value
staticfield java/awt/RenderingHints VALUE_COLOR_RENDER_DEFAULT Ljava/lang/Object; sun/awt/SunHints$Value
staticfield java/awt/RenderingHints KEY_STROKE_CONTROL Ljava/awt/RenderingHints$Key; sun/awt/SunHints$Key
staticfield java/awt/RenderingHints VALUE_STROKE_DEFAULT Ljava/lang/Object; sun/awt/SunHints$Value
staticfield java/awt/RenderingHints VALUE_STROKE_NORMALIZE Ljava/lang/Object; sun/awt/SunHints$Value
staticfield java/awt/RenderingHints VALUE_STROKE_PURE Ljava/lang/Object; sun/awt/SunHints$Value
staticfield java/awt/RenderingHints KEY_RESOLUTION_VARIANT Ljava/awt/RenderingHints$Key; sun/awt/SunHints$Key
staticfield java/awt/RenderingHints VALUE_RESOLUTION_VARIANT_DEFAULT Ljava/lang/Object; sun/awt/SunHints$Value
staticfield java/awt/RenderingHints VALUE_RESOLUTION_VARIANT_BASE Ljava/lang/Object; sun/awt/SunHints$Value
staticfield java/awt/RenderingHints VALUE_RESOLUTION_VARIANT_SIZE_FIT Ljava/lang/Object; sun/awt/SunHints$Value
staticfield java/awt/RenderingHints VALUE_RESOLUTION_VARIANT_DPI_FIT Ljava/lang/Object; sun/awt/SunHints$Value
ciInstanceKlass sun/awt/SunHints$Value 1 1 100 100 1 10 7 12 1 1 1 10 7 1 9 12 1 1 100 1 18 12 1 1 10 12 1 1 10 7 12 1 1 9 12 1 1 9 12 1 1 9 12 1 1 10 12 1 1 10 7 12 1 1 1 7 1 1 1 1 1 1 1 1 1 1 1 1 1 1 1 1 1 1 1 1 1 1 1 1 1 1 1 1 1 1 15 10 100 12 1 1 8 1 1 1 1 100 1 100 1 1
ciInstanceKlass sun/swing/SwingUtilities2 1 1 1549 7 1 10 7 12 1 1 1 10 7 12 1 1 1 10 7 12 1 1 1 8 1 10 12 1 1 7 1 9 7 12 1 1 1 11 12 1 1 9 12 1 1 9 12 1 11 12 1 1 9 12 1 10 7 12 1 1 1 9 7 12 1 1 1 10 12 1 1 10 12 1 1 10 7 12 1 1 1 10 12 1 1 10 12 1 1 10 12 1 1 10 7 12 1 1 1 9 12 1 1 7 1 10 12 1 10 12 1 9 12 1 1 10 12 1 1 9 12 1 1 10 12 1 10 7 1 10 12 1 1 10 7 12 1 1 10 10 12 1 1 10 12 1 1 9 7 12 1 1 1 10 12 1 9 12 1 10 12 1 1 10 12 1 10 12 1 10 12 1 1 10 100 12 1 1 1 10 12 1 1 8 1 10 12 1 10 12 1 1 8 1 10 12 1 10 12 1 1 100 1 10 12 1 10 12 1 1 100 1 10 12 1 1 10 100 12 1 1 1 10 12 1 10 12 1 1 18 12 1 1 10 12 1 1 10 12 1 1 10 12 1 1 10 12 1 1 10 7 1 10 12 1 10 7 12 1 1 1 10 7 12 1 1 1 10 10 12 1 10 12 1 1 10 12 1 1 100 1 10 12 1 10 12 1 1 10 12 1 1 10 12 1 1 10 12 1 1 10 10 12 1 10 12 1 10 12 1 1 10 10 100 12 1 1 1 10 12 1 10 12 1 1 11 100 12 1 1 1 9 100 12 1 1 9 12 1 10 12 1 1 10 100 12 1 1 1 8 1 10 100 1 10 12 1 10 12 1 1 10 12 1 1 10 12 1 1 11 100 12 1 1 1 11 100 12 1 1 1 10 100 12 1 1 1 10 12 1 1 10 12 1 1 10 100 12 1 1 9 100 1 10 12 1 1 10 100 12 1 1 1 10 12 1 10 12 1 1 11 100 12 1 1 1 10 12 1 1 9 12 1 9 9 12 1 1 9 100 1 9 12 1 9 100 1 10 11 100 12 1 1 1 11 12 1 11 12 1 1 11 12 1 1 11 12 1 10 12 1 10 100 12 1 1 1 10 100 12 1 1 10 12 1 10 12 1 10 12 1 10 12 1 1 10 12 1 10 12 1 1 10 12 1 1 10 12 1 10 12 1 10 12 1 10 12 1 10 12 1 1 10 12 10 12 1 1 10 10 10 12 1 10 7 12 1 1 10 12 1 10 12 1 1 10 12 1 10 12 1 1 10 12 1 10 12 1 1 7 1 10 9 12 1 10 12 1 10 12 1 1 10 12 1 10 12 1 1 100 1 10 12 1 1 9 12 1 1 10 10 10 7 12 1 1 1 10 12 1 1 10 7 12 1 1 10 12 1 1 10 7 12 1 1 1 9 12 1 10 10 100 1 10 12 1 9 12 1 10 12 1 7 1 7 1 10 100 12 1 1 1 11 100 12 1 1 11 12 1 1 100 1 3 11 12 1 11 12 1 11 12 1 11 12 1 10 12 11 100 12 1 1 1 10 12 1 1 10 7 12 1 1 1 8 1 10 12 1 8 1 100 1 10 10 100 12 1 1 10 7 1 100 1 10 100 12 1 1 10 7 12 1 1 1 9 100 12 1 1 1 10 100 12 1 1 1 100 1 10 12 1 10 12 1 1 10 12 1 1 100 1 10 12 1 10 12 1 100 1 10 100 12 1 1 10 12 1 1 10 100 12 1 1 1 11 100 12 1 1 10 100 12 1 1 8 1 10 10 12 1 1 8 1 7 1 8 1 10 8 1 10 12 1 1 10 12 1 8 1 8 1 10 12 1 10 12 1 8 1 10 12 1 8 1 10 12 1 8 1 8 1 10 12 1 10 12 1 10 7 12 1 1 1 10 12 1 10 12 1 8 1 10 12 1 10 12 1 1 18 12 1 1 10 12 1 1 10 7 12 1 1 10 12 1 7 1 10 12 1 10 12 1 1 10 100 1 10 12 1 1 100 1 9 12 1 1 10 10 100 12 1 1 10 12 1 1 100 1 10 12 1 10 12 1 1 10 12 1 10 100 12 1 1 10 12 1 10 12 1 100 1 100 1 10 12 1 10 12 1 1 10 100 12 1 1 1 10 10 12 1 1 10 12 1 1 10 12 1 1 10 12 1 10 12 1 10 12 1 1 10 12 1 100 1 10 100 1 10 12 1 10 12 1 1 10 12 1 10 12 1 10 12 1 1 100 1 9 12 1 1 10 12 1 1 10 12 1 10 12 1 10 9 100 12 1 1 1 9 12 1 9 12 1 10 12 1 1 11 100 12 1 1 1 10 100 12 1 1 11 12 1 10 12 1 10 100 12 1 1 1 11 100 12 1 1 100 1 10 12 1 10 10 12 1 10 12 1 10 12 1 9 12 1 9 12 1 10 12 1 10 12 1 9 12 1 1 10 10 12 1 10 7 12 1 1 10 12 1 10 12 1 10 12 1 1 8 1 10 10 7 12 1 1 18 12 1 1 10 7 12 1 1 1 7 1 10 12 1 1 18 12 7 1 10 12 1 10 12 1 7 1 8 1 10 9 12 1 8 1 9 12 1 8 1 7 1 8 1 10 9 12 1 1 1 1 3 1 3 1 3 1 1 8 1 1 1 3 1 1 1 1 1 1 1 1 1 1 1 1 1 1 1 1 1 1 1 1 1 1 1 1 1 1 1 1 1 1 1 1 1 1 1 1 1 1 100 1 1 1 1 1 1 1 1 1 1 1 1 1 1 1 1 1 1 1 1 1 1 1 1 1 1 1 1 1 1 1 1 1 1 1 1 1 1 1 1 1 1 1 1 1 1 1 1 1 1 1 1 1 1 1 1 1 1 1 1 1 1 1 1 1 1 1 1 1 1 1 1 1 1 1 1 1 1 1 1 1 1 1 1 1 1 1 1 1 100 1 1 1 1 1 1 1 1 1 1 1 1 1 1 1 1 1 1 1 1 1 1 1 1 1 1 1 1 1 1 1 1 100 1 1 1 1 1 1 1 1 1 1 1 1 1 1 1 1 1 1 1 1 1 1 100 1 1 1 1 1 1 1 1 1 1 1 1 1 1 1 1 1 1 1 1 1 1 1 1 1 1 1 1 1 1 1 1 1 1 1 1 1 1 1 1 1 1 1 1 1 1 1 1 1 1 1 1 1 1 1 1 1 1 1 1 1 1 1 1 1 1 1 1 1 1 1 1 1 1 1 1 1 1 1 1 1 1 1 1 1 1 1 1 1 1 1 1 1 1 1 1 1 1 1 1 1 1 1 1 1 1 1 1 1 1 1 1 1 1 1 1 1 1 1 1 1 1 1 1 1 1 1 1 1 1 1 1 1 1 1 1 1 1 1 100 1 1 15 10 100 12 1 1 8 1 15 10 7 12 1 1 1 16 1 15 10 12 16 15 10 12 16 8 1 1 100 1 1 1 100 1 1 1 100 1 1 1 100 1 1 1 100 1 100 1 1 1 1 100 1 100 1 1
staticfield sun/swing/SwingUtilities2 LAF_STATE_KEY Ljava/lang/Object; java/lang/StringBuffer
staticfield sun/swing/SwingUtilities2 MENU_SELECTION_MANAGER_LISTENER_KEY Ljava/lang/Object; java/lang/StringBuffer
staticfield sun/swing/SwingUtilities2 DEFAULT_FRC Ljava/awt/font/FontRenderContext; java/awt/font/FontRenderContext
staticfield sun/swing/SwingUtilities2 SKIP_CLICK_COUNT Ljava/lang/StringBuilder; java/lang/StringBuilder
staticfield sun/swing/SwingUtilities2 BASICMENUITEMUI_MAX_TEXT_OFFSET Lsun/swing/StringUIClientPropertyKey; sun/swing/StringUIClientPropertyKey
staticfield sun/swing/SwingUtilities2 charsBufferLock Ljava/lang/Object; java/lang/Object
staticfield sun/swing/SwingUtilities2 APP_CONTEXT_FRC_CACHE_KEY Ljava/lang/Object; java/lang/Object
staticfield sun/swing/SwingUtilities2 $assertionsDisabled Z 1
ciInstanceKlass java/awt/font/FontRenderContext 1 1 151 10 7 12 1 1 1 9 7 12 1 1 1 9 7 12 1 1 9 12 1 9 12 1 9 12 1 1 10 7 12 1 1 1 10 12 1 9 12 1 1 9 12 1 9 12 1 9 12 1 9 12 1 9 12 1 1 10 7 12 1 1 1 100 1 18 12 1 1 10 12 1 100 1 9 12 1 18 10 12 1 1 10 12 1 1 10 10 12 1 10 12 1 10 12 1 1 100 1 10 12 10 12 1 1 10 12 1 10 12 1 10 1 1 1 1 1 1 1 1 1 1 1 1 1 1 1 1 1 1 1 1 1 1 15 10 100 12 1 1 8 1 8 1 1 1 100 1 100 1 1
instanceKlass sun/awt/image/BufferedImageDevice
instanceKlass sun/awt/Win32GraphicsDevice
ciInstanceKlass java/awt/GraphicsDevice 1 1 265 10 7 12 1 1 1 9 7 12 1 1 1 10 12 1 1 10 100 12 1 1 1 10 100 12 1 1 1 10 12 1 1 10 12 1 1 10 12 1 1 10 12 1 1 10 12 1 1 100 1 10 12 1 1 10 12 1 10 12 1 10 12 1 10 12 1 1 10 12 1 1 10 100 12 1 1 1 10 12 1 1 10 12 1 1 9 12 1 1 9 12 1 1 9 100 12 1 1 1 9 12 1 10 12 1 1 9 12 1 1 10 7 12 1 1 1 10 12 1 1 10 12 1 10 10 100 12 1 1 1 10 12 1 1 9 12 1 9 12 1 10 12 10 12 1 1 10 12 1 100 1 8 1 10 12 1 10 12 1 1 100 1 10 100 12 1 1 10 10 12 1 1 9 100 12 1 1 1 10 100 12 1 1 10 12 1 10 12 1 10 12 1 10 100 12 1 1 1 10 10 10 12 1 10 12 1 10 12 1 1 1 3 1 3 1 3 1 1 1 1 1 1 1 1 1 1 1 1 1 1 1 1 1 1 1 1 1 100 1 1 1 1 1 1 1 1 1 1 1 1 1 1 1 1 1 1 1 1 100 1 1 1 1 1
instanceKlass sun/print/PrinterGraphicsConfig
instanceKlass sun/awt/image/BufferedImageGraphicsConfig
instanceKlass sun/awt/Win32GraphicsConfig
ciInstanceKlass java/awt/GraphicsConfiguration 1 1 162 10 7 12 1 1 1 10 7 12 1 1 1 10 7 12 1 1 1 7 1 10 12 1 1 10 12 1 10 12 1 1 10 12 1 1 10 12 1 100 1 18 12 1 1 10 12 1 100 1 10 12 1 1 100 1 9 12 1 1 100 1 10 7 1 10 12 1 10 100 12 1 1 10 100 12 1 1 1 8 1 10 9 12 1 1 100 1 10 12 1 10 12 1 9 12 1 1 10 12 1 10 7 12 1 1 1 1 1 1 1 1 1 1 1 1 1 1 1 1 1 1 1 1 1 1 1 1 1 1 1 1 1 1 1 1 1 1 1 1 1 1 1 1 1 1 1 15 10 100 12 1 1 8 1 1 1 100 1 100 1 1
staticfield java/awt/GraphicsConfiguration $assertionsDisabled Z 1
instanceKlass java/awt/geom/RoundRectangle2D
instanceKlass java/awt/geom/Ellipse2D
instanceKlass java/awt/geom/Rectangle2D
ciInstanceKlass java/awt/geom/RectangularShape 1 1 166 10 7 12 1 1 1 10 7 12 1 1 1 10 12 1 10 12 1 10 12 1 6 0 100 1 10 12 1 10 100 1 10 10 100 1 10 10 12 1 10 7 1 10 10 10 10 12 1 10 100 12 1 1 1 10 12 1 10 12 1 1 10 12 1 1 10 12 100 1 10 10 12 1 10 12 1 10 12 1 100 1 10 12 1 1 10 12 1 10 12 1 1 100 1 100 1 10 12 1 100 1 100 1 1 1 1 1 1 1 1 1 1 1 1 1 1 1 1 1 1 1 1 1 1 1 1 1 1 1 1 1 1 1 1 1 1 1 1 1 1 1 1 1 1 1 1 1 1 1 1 1 1 1 1 1 1 1 1 1 1 1 1 1 1 1
instanceKlass java/awt/geom/Rectangle2D$Double
instanceKlass java/awt/geom/Rectangle2D$Float
instanceKlass java/awt/Rectangle
ciInstanceKlass java/awt/geom/Rectangle2D 1 1 188 10 7 12 1 1 1 10 7 12 1 1 1 10 12 1 10 12 1 10 12 1 10 12 1 1 10 12 1 1 10 100 12 1 1 10 12 1 10 12 1 10 12 1 10 12 1 1 10 100 1 10 10 12 1 1 10 12 1 1 10 12 1 10 100 12 1 1 1 10 12 1 10 12 1 10 12 1 10 12 1 10 12 1 10 12 1 10 12 1 1 7 1 10 12 1 10 100 12 1 1 1 5 0 5 0 5 0 1 1 1 3 1 3 1 3 1 3 1 1 1 1 1 1 1 1 1 1 1 1 1 1 1 1 1 1 1 1 1 1 1 1 1 1 1 1 1 1 1 1 1 1 1 1 1 1 1 1 1 1 1 1 1 1 1 1 1 1 1 1 1 1 1 1 1 1 1 1 1 1 1 100 1 100 1 1 1 1
ciInstanceKlass javax/swing/plaf/FontUIResource 1 1 28 10 7 12 1 1 1 10 12 1 100 1 100 1 1 1 1 1 1 1 1 1 1 1 1 1 1 1
ciInstanceKlass sun/font/FontDesignMetrics$MetricsKey 1 1 60 10 7 12 1 1 1 10 7 12 1 1 1 9 12 1 1 9 12 1 1 10 7 12 1 1 1 10 7 1 9 12 1 1 10 12 1 1 10 12 1 10 9 12 1 1 1 1 1 1 1 1 1 1 1 1 100 1 1 1
staticfield sun/font/FontDesignMetrics$MetricsKey key Lsun/font/FontDesignMetrics$MetricsKey; sun/font/FontDesignMetrics$MetricsKey
ciInstanceKlass sun/font/FontStrikeDesc 1 1 213 7 1 9 7 12 1 1 1 9 12 1 1 10 7 12 1 1 9 12 1 9 12 1 10 12 1 1 100 1 10 7 12 1 1 1 9 7 12 1 1 1 9 12 1 1 9 12 1 9 12 1 9 12 1 10 100 12 1 1 1 9 12 1 9 12 1 9 12 1 9 12 1 10 7 12 1 1 1 10 12 1 1 10 12 1 1 10 100 12 1 1 10 12 1 10 12 1 1 10 10 12 1 1 10 12 1 1 10 12 1 1 10 12 1 10 100 12 1 1 1 10 12 1 6 0 9 12 1 9 12 1 9 12 1 9 12 1 9 12 1 10 12 1 18 12 1 1 1 1 3 1 3 1 3 1 3 1 3 1 1 1 1 1 1 1 1 1 1 1 1 1 1 1 1 1 1 1 1 1 1 1 1 1 1 1 1 1 1 1 1 1 1 1 1 1 1 1 1 15 10 100 12 1 1 8 1 1 100 1 100 1 1
ciInstanceKlass sun/font/CompositeStrike 1 1 214 10 7 12 1 1 1 9 7 12 1 1 1 9 12 1 1 9 12 1 1 7 1 10 12 1 9 12 1 1 9 7 12 1 1 9 7 1 9 12 1 1 100 1 4 9 12 1 1 4 9 12 1 9 12 1 7 1 9 12 1 1 10 12 1 1 10 12 1 1 10 7 12 1 1 1 10 12 1 1 9 12 1 1 7 1 10 9 12 1 10 12 1 1 10 12 1 1 10 12 1 1 10 12 1 3 10 12 1 1 10 12 1 1 10 12 1 1 10 12 1 1 10 7 12 1 1 1 10 10 12 1 1 10 12 1 10 10 12 1 1 10 12 1 1 100 1 10 10 12 1 1 10 12 1 1 1 1 1 1 1 1 1 1 1 1 1 1 1 1 1 1 1 1 1 1 1 1 1 1 1 1 1 1 1 1 1 1 1 1 1 1 1 1 1 1 1 1 1 1 1 100 1 1 1 100 1 100 1 1 100 1 100 1
ciInstanceKlass sun/font/FontDesignMetrics$KeyReference 1 1 66 9 7 12 1 1 1 10 7 12 1 1 1 9 12 1 1 10 7 12 1 1 1 9 100 12 1 1 1 10 100 12 1 1 1 10 12 1 10 12 1 1 100 1 100 1 1 1 1 1 1 1 1 1 1 1 1 1 1 1 1 1 1 1 1 1
instanceKlass sun/font/FontDesignMetrics
ciInstanceKlass java/awt/FontMetrics 1 1 233 10 7 12 1 1 1 9 7 12 1 1 1 9 12 1 1 10 100 12 1 1 1 10 12 1 10 12 1 10 12 1 10 12 1 10 100 12 1 1 1 3 10 12 1 1 10 12 1 1 10 12 1 1 10 100 12 1 1 10 12 1 1 10 12 1 10 12 1 1 10 12 1 10 12 1 1 10 12 1 1 10 12 1 1 10 12 1 1 10 12 1 10 12 1 10 12 1 10 12 1 1 10 12 1 10 12 1 10 12 1 10 12 1 1 100 1 10 12 1 1 10 12 1 1 10 100 12 1 1 1 10 12 1 1 10 12 1 18 12 1 1 10 7 12 1 1 10 7 12 1 1 10 12 1 7 1 10 12 1 100 1 1 1 1 5 0 1 1 1 1 1 1 1 1 1 1 1 1 1 1 1 1 1 1 1 1 1 1 1 1 1 1 1 1 1 1 100 1 1 1 1 1 1 1 1 1 1 1 1 1 1 1 1 1 1 1 1 1 15 10 100 12 1 1 8 1 1 100 1 100 1 1
staticfield java/awt/FontMetrics DEFAULT_FRC Ljava/awt/font/FontRenderContext; java/awt/font/FontRenderContext
ciInstanceKlass sun/font/FontDesignMetrics 1 1 408 9 7 12 1 1 1 10 7 12 1 1 1 7 1 10 12 1 1 10 12 1 1 10 12 1 1 10 7 12 1 1 1 10 7 12 1 1 1 7 1 10 12 1 10 12 1 1 10 12 1 1 10 7 12 1 1 1 10 12 1 10 7 12 1 1 1 100 1 10 12 1 10 12 1 1 9 12 1 1 10 7 12 1 1 1 7 1 7 1 9 12 1 1 10 12 1 10 12 1 10 12 1 10 12 1 1 10 9 12 1 1 9 12 1 1 10 7 12 1 1 9 12 1 9 12 1 9 12 1 1 9 12 1 1 9 12 1 10 12 1 9 12 1 10 12 1 9 12 10 12 1 9 12 1 1 9 12 1 10 12 1 10 12 1 10 7 12 1 1 1 9 12 1 1 10 7 12 1 1 1 10 7 12 1 1 1 9 12 1 1 10 12 1 9 12 1 10 12 1 9 12 1 10 12 1 9 12 1 10 12 1 1 9 12 1 1 4 10 100 12 1 1 9 12 1 1 10 100 12 1 1 10 12 1 1 10 12 1 10 12 1 1 6 0 10 100 12 1 1 1 3 10 7 12 1 1 100 1 8 1 10 12 1 10 7 12 1 1 1 100 1 10 12 1 10 12 1 10 12 1 1 10 12 1 1 10 12 1 100 1 18 12 1 1 10 7 1 10 12 1 4 9 12 1 10 12 4 10 1 1 1 5 0 1 1 3 1 1 1 3 1 1 1 1 1 1 1 1 1 1 1 1 1 1 1 100 1 100 1 1 1 1 1 1 1 1 1 1 1 100 1 100 1 1 1 1 1 1 1 1 1 1 1 1 1 1 1 1 1 1 1 1 1 1 1 1 1 1 1 1 1 100 1 1 1 1 1 1 15 10 100 12 1 1 8 1 1 1 1 100 1 1 100 1 100 1 1
staticfield sun/font/FontDesignMetrics metricsCache Ljava/util/concurrent/ConcurrentHashMap; java/util/concurrent/ConcurrentHashMap
staticfield sun/font/FontDesignMetrics recentMetrics [Lsun/font/FontDesignMetrics; 5 [Lsun/font/FontDesignMetrics;
ciInstanceKlass sun/font/FontManager 1 0 31 100 1 100 1 1 1 1 3 1 3 1 3 1 1 1 1 1 1 1 1 1 100 1 1 1 1 1 1 1 1
instanceKlass sun/awt/Win32FontManager
ciInstanceKlass sun/font/SunFontManager 1 1 1699 10 7 12 1 1 1 7 1 9 12 1 1 9 12 1 7 1 10 12 1 1 10 7 12 1 1 1 9 12 1 1 10 7 1 7 1 9 12 1 1 9 12 1 1 9 12 1 7 1 9 12 1 1 7 1 10 9 12 1 1 9 12 1 9 12 1 9 12 1 9 12 1 1 9 12 1 9 12 1 9 12 1 7 1 10 9 12 1 1 9 12 1 9 12 1 9 12 1 9 12 1 9 12 1 1 9 12 1 9 12 1 9 12 1 1 9 12 1 9 12 1 1 9 12 1 1 9 12 1 9 12 1 9 12 1 9 12 1 9 12 1 7 1 10 12 1 7 1 10 7 1 10 12 1 1 9 7 12 1 1 1 8 1 10 100 12 1 1 1 8 1 8 1 8 1 9 7 12 1 1 1 10 12 1 1 10 7 12 1 1 1 10 12 1 1 100 1 10 12 1 1 8 1 10 12 1 10 12 1 10 12 1 7 1 10 12 1 1 10 12 1 9 7 12 1 1 1 10 7 12 1 1 10 12 1 1 9 12 1 1 10 12 1 1 10 7 12 1 1 9 12 1 9 12 1 18 12 1 1 10 12 1 10 12 1 1 10 7 12 1 1 1 10 12 1 9 12 1 10 12 1 1 9 9 10 12 1 10 12 1 1 10 9 10 12 1 9 12 1 1 7 1 9 12 1 9 12 1 10 12 1 1 18 12 1 10 12 1 18 12 1 10 12 1 1 10 12 1 1 10 12 1 1 10 12 1 1 11 7 12 1 1 1 7 1 10 12 1 1 10 7 12 1 1 1 11 7 12 1 1 11 12 1 1 10 12 1 1 11 7 1 9 12 1 9 12 1 7 1 10 12 10 12 1 1 10 12 1 10 12 1 9 12 1 10 7 10 12 1 10 12 1 10 12 1 1 10 12 1 10 12 1 18 12 1 10 12 1 9 12 1 9 12 1 9 12 1 9 12 1 10 12 1 1 9 9 12 1 10 12 1 10 12 1 1 10 12 1 100 1 10 12 1 7 1 10 12 1 18 12 1 100 1 10 12 1 18 12 1 10 12 1 1 9 12 1 1 10 12 1 100 1 10 18 11 12 1 1 11 100 12 1 1 1 18 12 1 10 100 12 1 1 1 8 1 8 1 8 1 8 1 7 1 10 7 1 10 12 1 10 7 12 1 1 11 7 1 10 8 1 10 12 1 1 8 1 10 12 1 10 10 10 8 1 8 1 8 1 8 1 7 1 10 10 10 12 1 10 12 1 1 10 12 1 10 10 12 10 12 1 1 10 12 1 10 12 1 18 9 12 1 9 12 1 18 10 12 1 10 12 10 12 1 10 12 1 10 7 12 1 1 1 10 18 10 10 12 18 100 1 10 12 9 12 1 10 12 1 1 10 10 12 1 10 12 1 1 7 1 9 12 1 9 12 1 9 12 1 9 12 1 9 12 1 9 9 12 1 10 12 1 9 12 1 9 12 1 9 12 1 9 12 1 18 100 1 10 12 1 10 12 1 1 10 12 1 9 10 12 1 1 10 12 1 10 12 1 10 12 1 1 18 10 100 12 1 1 18 18 18 12 1 10 12 1 10 12 1 10 10 10 12 1 11 7 12 1 1 1 10 7 1 9 12 1 18 100 1 10 12 1 18 10 12 1 1 18 18 8 1 8 1 8 1 8 1 8 1 10 12 1 10 12 1 10 12 1 1 10 10 12 1 1 10 12 1 18 12 1 10 18 12 1 9 12 1 1 9 12 1 10 100 1 18 10 12 1 18 10 12 1 10 12 1 10 12 1 1 10 7 12 1 1 8 1 8 1 8 1 8 1 18 10 12 1 1 10 12 1 10 12 1 1 10 12 1 10 12 1 9 12 1 10 12 1 1 11 100 1 10 12 1 8 1 10 100 1 10 12 1 10 12 1 1 100 1 10 10 100 1 10 18 12 1 1 11 100 1 18 10 12 1 18 12 1 8 1 10 12 9 12 1 10 12 1 100 1 11 100 1 11 12 1 11 12 1 11 12 1 10 12 1 10 10 12 1 1 10 12 1 1 9 10 12 1 10 12 1 1 18 10 12 1 10 12 1 8 1 9 12 1 8 1 10 12 1 10 12 1 1 8 1 10 12 1 9 12 1 10 12 1 10 12 1 1 10 12 1 1 10 9 12 1 1 10 10 100 12 1 1 1 10 12 1 1 10 12 1 1 10 12 10 10 10 10 10 12 1 10 10 10 10 10 12 1 10 12 1 1 7 1 9 12 1 10 12 1 10 12 1 10 12 1 100 1 10 12 1 1 10 12 1 10 12 1 100 1 9 12 1 1 10 12 1 18 9 100 12 1 1 1 10 12 1 1 18 10 12 1 1 18 18 18 10 12 1 1 9 12 1 1 10 12 1 9 12 1 10 12 1 10 100 12 1 1 8 1 10 12 1 7 1 10 10 12 1 1 10 12 1 1 9 12 1 9 12 1 8 1 7 1 10 8 1 10 12 1 10 12 1 10 10 12 1 10 12 1 10 12 1 10 12 1 1 10 7 12 1 1 10 12 1 9 12 1 10 12 1 10 12 1 10 12 1 10 12 1 1 10 12 1 10 12 1 1 10 12 1 18 10 12 1 10 12 1 1 10 12 1 1 9 12 1 1 10 12 1 10 12 1 10 10 11 12 1 10 10 12 1 1 10 12 1 9 12 1 9 12 1 10 8 1 8 1 8 1 8 1 8 1 10 12 1 1 10 12 1 1 10 12 1 100 1 10 10 12 1 9 12 1 7 1 10 10 12 1 100 1 10 10 100 12 1 1 1 8 1 10 12 1 10 12 1 1 10 100 12 1 1 1 10 12 1 1 100 1 8 1 10 7 1 10 7 1 10 10 12 1 100 1 100 1 1 1 3 1 3 1 3 1 3 1 3 1 3 1 3 1 1 1 1 1 1 1 1 1 1 1 1 1 1 1 1 1 1 1 1 1 1 1 1 1 1 1 1 1 1 1 1 1 1 1 1 1 1 1 1 1 1 1 1 1 1 1 1 1 1 1 1 1 100 100 1 1 1 1 1 1 1 1 1 1 1 1 1 1 1 1 1 1 1 1 1 1 1 1 1 1 1 1 1 1 1 1 1 1 1 1 1 1 1 1 1 1 1 1 1 1 1 1 1 1 1 1 1 1 1 1 1 1 1 1 1 1 1 1 1 1 1 1 1 1 1 1 1 1 1 1 1 1 1 1 1 1 1 1 1 1 1 1 1 1 1 1 1 1 1 1 1 1 1 1 1 1 1 1 1 1 1 1 1 1 1 1 1 1 1 1 1 1 1 1 1 1 1 1 1 1 1 1 1 1 1 1 1 1 1 1 100 1 1 1 1 1 1 1 1 1 1 1 1 1 1 1 1 1 1 1 1 1 100 1 1 1 1 1 1 1 1 1 1 1 1 1 1 1 1 1 1 1 1 1 1 1 100 1 1 1 1 1 1 1 1 1 1 1 1 1 1 1 1 100 1 1 1 1 1 1 1 1 1 1 1 1 1 100 1 1 1 1 1 1 1 1 1 1 1 1 1 1 1 1 1 1 1 1 1 1 100 1 1 15 10 7 12 1 1 8 1 8 1 8 1 8 1 8 1 8 1 8 1 15 10 100 12 1 1 1 16 15 10 12 16 8 1 8 1 8 1 8 1 8 1 8 1 8 1 8 1 8 1 8 1 8 1 8 1 8 1 8 1 8 1 8 1 8 1 8 1 15 10 12 16 1 8 1 8 1 8 1 8 1 8 1 8 1 8 1 8 1 8 1 1 1 1 1 1 100 1 1 1 1 1 100 1 100 1 1
staticfield sun/font/SunFontManager ttFilter Ljava/io/FilenameFilter; sun/font/SunFontManager$TTFilter
staticfield sun/font/SunFontManager t1Filter Ljava/io/FilenameFilter; sun/font/SunFontManager$T1Filter
staticfield sun/font/SunFontManager regFamilyLock Ljava/lang/Object; java/lang/Object
ciInstanceKlass sun/font/Font2DHandle 1 1 22 10 7 12 1 1 1 9 7 12 1 1 1 1 1 1 1 1 1 1 1 1
instanceKlass sun/font/CompositeFont
instanceKlass sun/font/PhysicalFont
ciInstanceKlass sun/font/Font2D 1 1 427 10 7 12 1 1 1 7 1 9 7 12 1 1 1 9 12 1 7 1 10 9 12 1 1 7 1 10 12 1 9 12 1 1 9 12 1 9 12 1 1 9 12 1 1 10 7 12 1 1 1 9 12 1 1 10 12 1 1 9 12 1 9 12 1 10 12 1 1 10 7 12 1 1 1 10 12 1 10 7 12 1 1 1 7 1 9 12 1 1 10 12 1 1 10 12 1 1 10 7 12 1 1 10 12 1 1 10 12 1 1 10 12 1 1 10 12 1 1 10 12 1 1 10 12 1 10 12 1 10 12 1 10 12 1 10 12 1 10 12 1 1 7 1 10 12 1 10 12 1 10 12 1 10 7 1 10 12 1 1 10 12 1 10 12 1 1 10 12 1 7 1 10 9 12 1 1 10 12 1 1 10 12 1 10 12 1 1 10 7 12 1 1 10 12 1 10 12 1 1 9 12 1 1 10 12 1 10 12 1 10 12 1 1 10 12 1 1 10 12 1 10 12 1 10 12 1 10 12 1 1 10 7 12 1 1 10 12 1 10 12 1 10 12 1 10 12 1 1 4 4 4 5 0 9 12 1 10 12 1 1 10 12 1 1 10 12 1 1 10 12 1 9 12 1 1 9 12 1 8 1 8 1 8 1 8 1 8 1 8 1 8 1 8 1 8 1 8 1 8 1 8 1 8 1 8 1 8 1 8 1 8 1 8 1 8 1 10 12 1 1 1 3 1 1 3 1 3 1 3 1 3 1 1 1 1 1 1 1 1 1 1 1 1 3 1 3 1 1 1 1 1 1 1 1 1 1 1 1 1 1 1 1 1 1 1 1 1 1 1 1 1 1 1 1 1 1 1 1 1 1 1 1 1 1 1 1 1 1 1 1 1 1 1 1 1 1 1 1 1 1 1 1 1 1 1 1 1 1 1 1 1 1 1 1 1 1 1 1 1 1 1 1 1 1 1 1
staticfield sun/font/Font2D boldNames [Ljava/lang/String; 6 [Ljava/lang/String;
staticfield sun/font/Font2D italicNames [Ljava/lang/String; 4 [Ljava/lang/String;
staticfield sun/font/Font2D boldItalicNames [Ljava/lang/String; 9 [Ljava/lang/String;
staticfield sun/font/Font2D DEFAULT_FRC Ljava/awt/font/FontRenderContext; java/awt/font/FontRenderContext
ciInstanceKlass sun/font/StrikeMetrics 1 1 116 10 7 12 1 1 1 100 1 4 9 7 12 1 1 1 9 12 1 4 9 12 1 9 12 1 9 12 1 9 12 1 9 12 1 9 12 1 9 12 1 9 12 1 7 1 10 9 12 1 9 12 1 10 7 12 1 1 1 18 12 1 1 1 1 1 1 1 1 1 1 1 1 1 1 1 1 1 1 1 1 1 1 1 1 1 1 1 1 1 1 1 1 1 1 1 1 1 1 15 10 100 12 1 1 8 1 1 100 1 1 100 1 100 1 1
ciInstanceKlass java/awt/geom/Rectangle2D$Float 1 1 121 10 7 12 1 1 1 10 7 12 1 1 1 9 12 1 1 9 12 1 9 12 1 9 12 1 10 12 1 1 10 12 1 10 12 1 10 12 1 10 12 10 100 1 10 10 12 1 1 10 12 1 10 100 12 1 1 1 10 100 12 1 1 1 18 12 1 1 100 1 1 1 1 5 0 1 1 1 1 1 1 1 1 1 1 1 1 1 1 1 1 1 1 1 1 1 1 1 1 1 1 1 1 1 1 15 10 100 12 1 1 8 1 1 1 1 100 1 100 1 1
instanceKlass sun/font/CompositeStrike
instanceKlass sun/font/PhysicalStrike
ciInstanceKlass sun/font/FontStrike 1 1 66 10 7 12 1 1 1 9 7 12 1 1 1 9 12 1 1 9 12 1 1 1 1 1 1 1 1 1 1 1 1 1 1 1 1 1 1 1 1 1 1 1 1 1 1 1 1 1 1 1 1 1 1 1 1 1 1 100 1 100 1 1 100 1 100 1
ciInstanceKlass sun/font/FontManagerFactory 1 1 54 10 100 12 1 1 1 9 7 12 1 1 1 7 1 10 10 7 12 1 1 1 9 7 12 1 1 1 8 1 9 12 1 1 9 12 1 8 1 8 1 1 1 1 1 1 1 1 1 1 1 1 1 1
staticfield sun/font/FontManagerFactory DEFAULT_CLASS Ljava/lang/String; "sun.awt.Win32FontManager"ciInstanceKlass sun/font/FontManagerFactory$1 1 1 87 10 7 12 1 1 1 8 1 9 7 12 1 1 1 10 7 12 1 1 1 10 7 12 1 1 1 10 7 12 1 1 1 10 12 1 1 10 7 12 1 1 1 7 1 9 12 1 1 100 1 100 1 10 12 1 100 1 100 1 1 1 1 1 1 1 1 1 1 1 1 1 1 1 1 1 1 1 1 1 1 1 12 1 1 1 1
ciInstanceKlass sun/awt/Win32FontManager 1 1 383 9 7 12 1 1 1 10 7 12 1 1 1 7 1 10 12 1 10 7 12 1 1 1 9 12 1 1 10 7 12 1 1 1 10 12 1 10 12 1 1 11 7 12 1 1 1 10 12 1 9 12 1 1 9 12 1 1 10 12 1 1 9 12 1 9 7 12 1 1 18 12 1 1 7 1 10 12 1 10 12 1 1 10 12 1 1 10 7 12 1 1 10 10 12 1 10 12 1 10 12 1 1 10 12 1 1 100 1 9 100 12 1 1 1 10 100 12 1 1 1 10 12 1 1 7 1 10 12 1 10 7 12 1 1 10 12 1 10 12 1 1 8 1 8 1 10 12 1 1 100 1 10 12 1 9 12 1 18 12 1 9 12 1 100 1 10 100 12 1 1 1 100 1 10 12 7 1 10 7 1 10 8 1 9 12 1 9 12 1 8 1 9 12 1 8 1 9 12 1 8 1 9 12 1 8 1 9 12 1 8 1 9 12 1 8 1 9 12 1 8 1 9 12 1 8 1 10 12 1 1 8 1 8 1 8 1 8 1 8 1 8 1 8 1 8 1 8 1 8 1 8 1 8 1 8 1 8 1 8 1 8 1 8 1 8 1 8 1 8 1 8 1 8 1 8 1 8 1 8 1 8 1 8 1 8 1 7 1 10 1 1 1 1 1 1 1 1 1 1 1 1 1 1 1 1 1 1 1 1 1 1 1 1 1 1 1 1 1 100 1 1 1 1 1 1 1 1 1 1 1 1 1 1 1 1 1 1 1 1 1 1 1 1 1 1 1 1 100 1 100 1 1 1 1 1 1 1 1 1 1 1 1 1 1 1 15 10 7 12 1 1 8 1 8 1 1 1 100 1 100 1 1
ciInstanceKlass sun/font/CompositeFont 1 1 318 10 7 12 1 1 1 9 7 12 1 1 1 9 12 1 9 12 1 1 7 1 10 12 1 9 12 1 1 9 12 1 1 9 12 1 1 9 12 1 9 12 1 9 12 1 9 12 1 1 9 12 1 10 7 12 1 1 1 7 1 10 7 12 1 1 1 10 100 12 1 1 1 7 1 9 12 1 1 9 12 1 1 9 12 1 10 12 1 1 10 12 1 1 9 12 1 10 12 1 1 10 12 1 8 1 10 12 1 1 100 1 9 12 1 8 1 8 1 8 1 9 9 9 10 7 12 1 1 1 10 12 1 10 12 1 1 10 12 1 1 10 10 12 1 1 100 1 10 12 1 1 100 1 10 12 1 1 10 12 1 1 10 10 12 1 1 100 1 7 1 10 12 1 10 12 1 1 10 100 12 1 1 3 10 12 1 10 9 12 1 1 7 1 10 12 1 10 12 1 1 10 12 1 10 12 1 1 10 12 10 12 1 10 12 1 1 10 12 1 1 8 1 18 12 1 1 18 12 1 1 1 1 1 1 1 1 1 1 1 1 1 1 1 1 1 1 1 1 1 1 100 100 1 1 1 1 1 1 100 1 100 1 1 1 1 1 1 1 1 1 1 1 1 1 1 1 1 1 1 1 1 1 1 1 1 1 1 1 1 1 1 1 1 1 1 1 1 1 1 1 1 15 10 100 12 1 1 8 1 8 1 1 100 1 100 1 1
instanceKlass javax/swing/text/StyleConstants$ParagraphConstants
instanceKlass javax/swing/text/StyleConstants$ColorConstants
instanceKlass javax/swing/text/StyleConstants$FontConstants
instanceKlass javax/swing/text/StyleConstants$CharacterConstants
ciInstanceKlass javax/swing/text/StyleConstants 1 1 330 9 7 12 1 1 1 9 12 1 1 11 7 12 1 1 1 7 1 10 12 1 1 10 12 1 1 11 7 12 1 1 1 9 12 1 100 1 100 1 8 1 8 1 9 12 1 100 1 8 1 9 12 1 7 1 8 1 9 12 1 9 12 1 7 1 10 12 1 1 10 12 1 9 12 1 9 12 1 9 12 1 9 12 1 9 12 1 9 12 1 7 1 9 12 1 1 9 12 1 9 12 1 100 1 10 12 1 1 10 12 1 9 12 1 9 12 1 9 12 1 9 12 1 9 12 1 9 12 1 9 12 1 100 1 10 7 12 1 1 1 8 1 10 12 1 9 12 1 8 1 9 12 1 8 1 9 12 1 7 1 8 1 10 7 1 8 1 10 9 12 1 8 1 9 12 1 8 1 8 1 8 1 8 1 8 1 8 1 7 1 8 1 10 8 1 8 1 9 12 1 7 1 8 10 8 8 8 8 8 8 8 8 1 9 12 9 12 1 1 1 1 1 1 1 3 1 3 1 3 1 3 1 1 1 1 1 1 1 1 1 1 1 1 1 1 1 1 1 1 1 1 1 1 1 1 1 1 1 1 1 1 1 1 1 1 1 1 1 1 1 1 1 1 1 1 1 1 1 1 1 1 1 1 1 1 1 1 1 1 1 1 1 1 1 1 1 1 1 1 1 1 1 1 1 1 1 1 1 1 1 1 1 1 1 1 1 1 1 1 1 1 1 1 1 1 1 1 1 1
staticfield javax/swing/text/StyleConstants NameAttribute Ljava/lang/Object; javax/swing/text/StyleConstants
staticfield javax/swing/text/StyleConstants ResolveAttribute Ljava/lang/Object; javax/swing/text/StyleConstants
staticfield javax/swing/text/StyleConstants ModelAttribute Ljava/lang/Object; javax/swing/text/StyleConstants
staticfield javax/swing/text/StyleConstants BidiLevel Ljava/lang/Object; javax/swing/text/StyleConstants$CharacterConstants
staticfield javax/swing/text/StyleConstants FontFamily Ljava/lang/Object; javax/swing/text/StyleConstants$FontConstants
staticfield javax/swing/text/StyleConstants Family Ljava/lang/Object; javax/swing/text/StyleConstants$FontConstants
staticfield javax/swing/text/StyleConstants FontSize Ljava/lang/Object; javax/swing/text/StyleConstants$FontConstants
staticfield javax/swing/text/StyleConstants Size Ljava/lang/Object; javax/swing/text/StyleConstants$FontConstants
staticfield javax/swing/text/StyleConstants Bold Ljava/lang/Object; javax/swing/text/StyleConstants$FontConstants
staticfield javax/swing/text/StyleConstants Italic Ljava/lang/Object; javax/swing/text/StyleConstants$FontConstants
staticfield javax/swing/text/StyleConstants Underline Ljava/lang/Object; javax/swing/text/StyleConstants$CharacterConstants
staticfield javax/swing/text/StyleConstants StrikeThrough Ljava/lang/Object; javax/swing/text/StyleConstants$CharacterConstants
staticfield javax/swing/text/StyleConstants Superscript Ljava/lang/Object; javax/swing/text/StyleConstants$CharacterConstants
staticfield javax/swing/text/StyleConstants Subscript Ljava/lang/Object; javax/swing/text/StyleConstants$CharacterConstants
staticfield javax/swing/text/StyleConstants Foreground Ljava/lang/Object; javax/swing/text/StyleConstants$ColorConstants
staticfield javax/swing/text/StyleConstants Background Ljava/lang/Object; javax/swing/text/StyleConstants$ColorConstants
staticfield javax/swing/text/StyleConstants ComponentAttribute Ljava/lang/Object; javax/swing/text/StyleConstants$CharacterConstants
staticfield javax/swing/text/StyleConstants IconAttribute Ljava/lang/Object; javax/swing/text/StyleConstants$CharacterConstants
staticfield javax/swing/text/StyleConstants ComposedTextAttribute Ljava/lang/Object; javax/swing/text/StyleConstants
staticfield javax/swing/text/StyleConstants FirstLineIndent Ljava/lang/Object; javax/swing/text/StyleConstants$ParagraphConstants
staticfield javax/swing/text/StyleConstants LeftIndent Ljava/lang/Object; javax/swing/text/StyleConstants$ParagraphConstants
staticfield javax/swing/text/StyleConstants RightIndent Ljava/lang/Object; javax/swing/text/StyleConstants$ParagraphConstants
staticfield javax/swing/text/StyleConstants LineSpacing Ljava/lang/Object; javax/swing/text/StyleConstants$ParagraphConstants
staticfield javax/swing/text/StyleConstants SpaceAbove Ljava/lang/Object; javax/swing/text/StyleConstants$ParagraphConstants
staticfield javax/swing/text/StyleConstants SpaceBelow Ljava/lang/Object; javax/swing/text/StyleConstants$ParagraphConstants
staticfield javax/swing/text/StyleConstants Alignment Ljava/lang/Object; javax/swing/text/StyleConstants$ParagraphConstants
staticfield javax/swing/text/StyleConstants TabSet Ljava/lang/Object; javax/swing/text/StyleConstants$ParagraphConstants
staticfield javax/swing/text/StyleConstants Orientation Ljava/lang/Object; javax/swing/text/StyleConstants$ParagraphConstants
ciMethodData java/lang/Object <init> ()V 2 1047094 orig 80 1 0 0 0 0 0 0 0 0 0 0 0 251 127 0 0 0 0 0 0 0 0 0 0 0 0 0 0 0 0 0 0 0 0 0 0 0 0 0 0 0 0 0 0 0 0 0 0 0 0 0 0 0 0 0 0 0 0 0 0 0 0 0 0 0 0 0 0 0 0 0 0 0 0 0 0 0 0 0 0 data 4 0x0 0x9 0x1 0x0 oops 0 methods 0
ciMethodData java/lang/String hashCode ()I 2 11966 orig 80 1 0 0 0 0 0 0 0 0 0 0 0 251 127 0 0 0 0 0 0 0 0 0 0 0 0 0 0 0 0 0 0 0 0 0 0 0 0 0 1 0 0 0 0 0 0 0 0 0 0 0 0 0 0 0 0 0 0 0 0 0 0 0 0 0 0 0 0 0 0 0 0 0 0 0 0 0 0 0 0 data 42 0x60007 0x1a08 0x108 0x12b7 0xd0007 0x2e 0xe8 0x1289 0x110005 0x1289 0x0 0x0 0x0 0x0 0x0 0x8000000600140007 0x16 0x48 0x1274 0x1b0002 0x1274 0x1e0003 0x1274 0x28 0x250002 0x16 0x2a0007 0x1289 0x38 0x1 0x320003 0x1 0x18 0x0 0x0 0x0 0x0 0x0 0x0 0x9 0x1 0xe oops 0 methods 0
ciMethodData java/lang/String equals (Ljava/lang/Object;)Z 2 19092 orig 80 2 0 0 0 0 0 0 0 0 0 0 0 251 127 0 0 0 0 0 0 4 0 0 0 0 0 0 0 0 0 0 0 0 0 0 0 0 0 0 1 0 0 0 0 0 0 0 0 0 0 0 0 0 0 0 0 0 0 0 0 0 0 0 0 0 0 0 0 0 0 0 0 0 0 0 0 0 0 0 0 data 49 0x20007 0x44d8 0x20 0x47a 0x8000000400080104 0xfffffffffffffffc 0x0 0x27e55a4a8d0 0x44d6 0x27e9f0e26c0 0x4 0xb0007 0x6 0xe0 0x44d6 0xf0004 0x0 0x0 0x27e55a4a8d0 0x44d6 0x0 0x0 0x160007 0x0 0x40 0x44d6 0x8000000600210007 0x6ea 0x68 0x3ded 0x2c0002 0x3ded 0x2f0007 0x1d54 0x38 0x2099 0x330003 0x2099 0x18 0x0 0x0 0x0 0x0 0x0 0x0 0x9 0x2 0x0 0x0 oops 3 7 java/lang/String 9 javax/swing/text/StyleConstants 18 java/lang/String methods 0
ciMethodData java/util/concurrent/ConcurrentHashMap tabAt ([Ljava/util/concurrent/ConcurrentHashMap$Node;I)Ljava/util/concurrent/ConcurrentHashMap$Node; 2 5397 orig 80 0 0 0 0 0 0 0 0 0 0 0 0 251 127 0 0 0 0 0 0 0 0 0 0 0 0 0 0 0 0 0 0 0 0 0 0 0 0 0 0 0 0 0 0 0 0 0 0 0 0 0 0 0 0 0 0 0 0 0 0 0 0 0 0 0 0 0 0 0 0 0 0 0 0 0 0 0 0 0 0 data 27 0xf000b 0x1415 0x0 0x0 0x0 0x0 0x0 0x2 0x1 0x27ea0dab0e0 0x120104 0x0 0x0 0x27ea0dab030 0x8fb 0x27ea232e870 0x1f0 0x0 0x0 0x0 0x0 0x0 0x0 0x9 0x2 0x0 0x0 oops 3 9 [Ljava/util/concurrent/ConcurrentHashMap$Node; 13 java/util/concurrent/ConcurrentHashMap$Node 15 java/util/concurrent/ConcurrentHashMap$ForwardingNode methods 0
ciMethodData java/util/concurrent/ConcurrentHashMap spread (I)I 2 35208 orig 80 0 0 0 0 0 0 0 0 0 0 0 0 251 127 0 0 0 0 0 0 0 0 0 0 0 0 0 0 0 0 0 0 0 0 0 0 0 0 0 0 0 0 0 0 0 0 0 0 0 0 0 0 0 0 0 0 0 0 0 0 0 0 0 0 0 0 0 0 0 0 0 0 0 0 0 0 0 0 0 0 data 5 0x0 0x0 0x9 0x1 0x0 oops 0 methods 0
ciMethodData java/util/concurrent/ConcurrentHashMap putVal (Ljava/lang/Object;Ljava/lang/Object;Z)Ljava/lang/Object; 2 11953 orig 80 1 0 0 0 0 0 0 0 0 0 0 0 251 127 0 0 0 0 0 0 0 0 0 0 0 0 0 0 0 0 0 0 0 0 0 0 0 0 0 1 0 0 0 0 0 0 0 0 0 0 0 0 0 0 0 0 0 0 0 0 0 0 0 0 0 0 0 0 0 0 0 0 0 0 0 0 0 0 0 0 data 250 0x10007 0x0 0x40 0x2ce9 0x50007 0x2ce9 0x30 0x0 0xc0002 0x0 0x110005 0xa17 0x0 0x27e55a4a8d0 0x22cf 0x27ea1bbf800 0x3 0x140002 0x2ce9 0x240007 0x16d 0x40 0x2ce9 0x2d0007 0x2ce9 0x70 0x0 0x310005 0x16d 0x0 0x0 0x0 0x0 0x0 0x360003 0x16d 0x5f8 0x450002 0x2ce9 0x4b0007 0x11f7 0x78 0x1af2 0x5b0002 0x1af2 0x5e0002 0x1af2 0x610007 0x0 0x590 0x1af2 0x640003 0x1af2 0x588 0x700007 0x11f7 0x70 0x0 0x780005 0x0 0x0 0x0 0x0 0x0 0x0 0x7d0003 0x0 0x500 0x810007 0x5c8 0xf8 0xc2f 0x880007 0xa52 0xd8 0x1dd 0x940007 0x5 0x98 0x1d8 0x990007 0x0 0x98 0x1d8 0x9f0005 0x0 0x0 0x27e55a4a8d0 0x1d8 0x0 0x0 0xa20007 0x0 0x40 0x1d8 0xad0007 0x0 0x20 0x1dd 0xc00002 0x101a 0xc50007 0x0 0x330 0x101a 0xca0007 0x0 0x188 0x101a 0xdb0007 0x1403 0xf0 0x9e 0xe70007 0x8 0x98 0x96 0xec0007 0x0 0xb0 0x96 0xf20005 0x0 0x0 0x27e55a4a8d0 0x96 0x0 0x0 0xf50007 0x0 0x58 0x96 0x8000000601000007 0x99 0x98 0x6 0x1090003 0x6 0x78 0x1180007 0x487 0x48 0xf7c 0x1250002 0xf7c 0x12b0003 0xf7c 0x30 0x1310003 0x487 0xfffffffffffffec8 0x1340003 0x101b 0x1a0 0x1390004 0x0 0x0 0x0 0x0 0x0 0x0 0x13c0007 0x0 0xe8 0x0 0x1440004 0x0 0x0 0x0 0x0 0x0 0x0 0x14b0005 0x0 0x0 0x0 0x0 0x0 0x0 0x1510007 0x0 0x40 0x0 0x15c0007 0x0 0x20 0x0 0x1650003 0x0 0x80 0x16a0004 0x0 0x0 0x0 0x0 0x0 0x0 0x16d0007 0x0 0x30 0x0 0x1760002 0x0 0x17d0003 0x101b 0x18 0x18a0007 0x0 0x98 0x101b 0x1910007 0x101b 0x58 0x0 0x1990005 0x0 0x0 0x0 0x0 0x0 0x0 0x19e0007 0xf7c 0x38 0x9f 0x1a40003 0x16d 0xfffffffffffff990 0x1ab0005 0x2a6e 0x0 0x0 0x0 0x0 0x0 0x0 0x0 0x0 0x0 0x0 0x0 0x0 0x0 0x0 0x9 0x4 0x0 0x0 0x0 0x0 oops 4 13 java/lang/String 15 jdk/internal/loader/ClassLoaderValue 87 java/lang/String 124 java/lang/String methods 0
ciMethodData java/lang/ref/Reference <init> (Ljava/lang/Object;Ljava/lang/ref/ReferenceQueue;)V 2 31367 orig 80 0 0 0 0 0 0 0 0 0 0 0 0 251 127 0 0 0 0 0 0 0 0 0 0 0 0 0 0 0 0 0 0 0 0 0 0 0 0 0 0 0 0 0 0 0 0 0 0 0 0 0 0 0 0 0 0 0 0 0 0 0 0 0 0 0 0 0 0 0 0 0 0 0 0 0 0 0 0 0 0 data 20 0x10002 0x7985 0xb0007 0x5750 0x38 0x2235 0x110003 0x2235 0x18 0x0 0x0 0x0 0x0 0x0 0x0 0x9 0x3 0x6 0x0 0x0 oops 0 methods 0
ciMethodData java/util/concurrent/ConcurrentHashMap get (Ljava/lang/Object;)Ljava/lang/Object; 2 11573 orig 80 2 0 0 0 0 0 0 0 0 0 0 0 251 127 0 0 0 0 0 0 0 0 0 4 0 0 0 0 0 0 0 0 0 0 0 0 0 0 0 1 0 0 0 0 0 0 0 0 0 0 0 0 0 0 0 0 0 0 0 0 0 0 0 0 0 0 0 0 0 0 0 0 0 0 0 0 0 0 0 0 data 101 0x10005 0x5d9 0x0 0x27e55a4a8d0 0x214d 0x27e55a4cce0 0x50f 0x40002 0x2c35 0xf0007 0x62 0x290 0x2bd3 0x170007 0x0 0x270 0x2bd3 0x220002 0x2bd3 0x270007 0x7c2 0x240 0x2411 0x330007 0x9ed 0xb8 0x1a24 0x3e0007 0xd91 0x98 0xc93 0x430007 0x0 0x108 0xc93 0x490005 0x24 0x0 0x27e55a4a8d0 0x94f 0x27e55a4cce0 0x320 0x80000006004c0007 0x2 0xb0 0xc92 0x560007 0x9ed 0x90 0x0 0x5d0005 0x0 0x0 0x0 0x0 0x0 0x0 0x630007 0x0 0x38 0x0 0x6b0003 0x0 0x18 0x760007 0x40c 0xd8 0x772 0x7f0007 0x18f 0xffffffffffffffe0 0x5e3 0x8a0007 0x215 0x98 0x3ce 0x8f0007 0x0 0xffffffffffffffa0 0x3ce 0x8000000700950005 0xb 0x0 0x27e55a4a8d0 0x36d 0x27e55a4cce0 0x5a 0x980007 0x0 0xffffffffffffff48 0x3d2 0x0 0x0 0x0 0x0 0x0 0x0 0x9 0x2 0x0 0x0 oops 6 3 java/lang/String 5 java/lang/invoke/MethodType 38 java/lang/String 40 java/lang/invoke/MethodType 83 java/lang/String 85 java/lang/invoke/MethodType methods 0
ciMethod java/awt/GraphicsEnvironment getLocalGraphicsEnvironment ()Ljava/awt/GraphicsEnvironment; 12 0 103 0 -1
ciMethod java/awt/GraphicsEnvironment isHeadless ()Z 46 0 627 0 -1
ciMethod java/awt/GraphicsEnvironment getDefaultScreenDevice ()Ljava/awt/GraphicsDevice; 0 0 1 0 -1
ciMethod sun/font/FontUtilities getFont2D (Ljava/awt/Font;)Lsun/font/Font2D; 8 0 389 0 0
ciMethod sun/font/FontUtilities isComplexText ([CII)Z 794 2092 10030 0 256
ciMethod sun/font/FontUtilities isNonSimpleChar (C)Z 0 0 1 0 -1
ciMethod java/awt/Font getAttributeValues ()Lsun/font/AttributeValues; 0 0 1 0 -1
ciMethod java/awt/Font getFont2D ()Lsun/font/Font2D; 8 0 435 0 0
ciMethod java/awt/Font getTransform ()Ljava/awt/geom/AffineTransform; 0 0 1 0 -1
ciMethod java/awt/Font getStyle ()I 256 0 128 0 -1
ciMethod java/awt/Font getSize2D ()F 256 0 128 0 -1
ciMethod java/awt/Font isTransformed ()Z 256 0 128 0 -1
ciMethod java/awt/Font hasLayoutAttributes ()Z 256 0 128 0 0
ciMethod java/awt/Font hashCode ()I 736 0 9135 0 224
ciMethod java/awt/Font equals (Ljava/lang/Object;)Z 862 0 6883 0 736
ciMethod java/awt/Font getStringBounds ([CIILjava/awt/font/FontRenderContext;)Ljava/awt/geom/Rectangle2D; 1024 0 10012 0 0
ciMethod java/awt/Font$FontAccessImpl getFont2D (Ljava/awt/Font;)Lsun/font/Font2D; 8 0 389 0 0
ciMethod sun/font/FontAccess getFontAccess ()Lsun/font/FontAccess; 8 0 581 0 0
ciMethod sun/font/FontAccess getFont2D (Ljava/awt/Font;)Lsun/font/Font2D; 0 0 1 0 -1
ciMethod java/awt/geom/AffineTransform <init> ()V 28 0 4001 0 -1
ciMethod java/awt/geom/AffineTransform <init> (Ljava/awt/geom/AffineTransform;)V 16 0 1307 0 -1
ciMethod java/awt/geom/AffineTransform getMatrix ([D)V 512 0 445 0 0
ciMethod java/awt/geom/AffineTransform getScaleX ()D 256 0 128 0 -1
ciMethod java/awt/geom/AffineTransform getScaleY ()D 256 0 128 0 -1
ciMethod java/awt/geom/AffineTransform getShearX ()D 256 0 128 0 -1
ciMethod java/awt/geom/AffineTransform getShearY ()D 258 0 129 0 -1
ciMethod java/awt/geom/AffineTransform getTranslateX ()D 256 0 128 0 -1
ciMethod java/awt/geom/AffineTransform getTranslateY ()D 256 0 128 0 -1
ciMethod java/awt/geom/AffineTransform scale (DD)V 64 0 278 0 -1
ciMethod java/awt/geom/AffineTransform setTransform (DDDDDD)V 0 0 1 0 -1
ciMethod java/awt/geom/AffineTransform concatenate (Ljava/awt/geom/AffineTransform;)V 0 0 17 0 -1
ciMethod java/awt/geom/AffineTransform hashCode ()I 960 0 6651 0 416
ciMethod java/awt/geom/AffineTransform equals (Ljava/lang/Object;)Z 16 0 3127 0 0
ciMethod sun/font/AttributeValues getTransform ()Ljava/awt/geom/AffineTransform; 0 0 1 0 0
ciMethod sun/font/AttributeValues getKerning ()I 0 0 1 0 -1
ciMethod sun/font/AttributeValues getLigatures ()I 0 0 1 0 -1
ciMethod sun/font/AttributeValues getBaselineTransform ()Ljava/awt/geom/AffineTransform; 0 0 1 0 -1
ciMethod sun/font/AttributeValues equals (Lsun/font/AttributeValues;)Z 0 0 1 0 -1
ciMethod sun/java2d/Disposer addReference (Ljava/lang/ref/Reference;Lsun/java2d/DisposerRecord;)V 40 0 240 0 0
ciMethodData java/util/concurrent/ConcurrentHashMap put (Ljava/lang/Object;Ljava/lang/Object;)Ljava/lang/Object; 2 8887 orig 80 0 0 0 0 0 0 0 0 0 0 0 0 251 127 0 0 0 0 0 0 0 0 0 0 0 0 0 0 0 0 0 0 0 0 0 0 0 0 0 0 0 0 0 0 0 0 0 0 0 0 0 0 0 0 0 0 0 0 0 0 0 0 0 0 0 0 0 0 0 0 0 0 0 0 0 0 0 0 0 0 data 18 0x40005 0x21b7 0x0 0x0 0x0 0x0 0x0 0x0 0x0 0x0 0x0 0x0 0x0 0x9 0x3 0x0 0x0 0x0 oops 0 methods 0
ciMethodData java/lang/ref/SoftReference get ()Ljava/lang/Object; 2 16090 orig 80 1 0 0 0 0 0 0 0 0 0 0 0 251 127 0 0 0 0 0 0 0 0 0 0 0 0 0 0 0 0 0 0 0 0 0 0 0 0 0 1 0 0 0 0 0 0 0 0 0 0 0 0 0 0 0 0 0 0 0 0 0 0 0 0 0 0 0 0 0 0 0 0 0 0 0 0 0 0 0 0 data 19 0x10002 0x3dda 0x8000000600060007 0x1 0x40 0x3dda 0x110007 0x3d60 0x20 0x7a 0x0 0x0 0x0 0x0 0x0 0x0 0x9 0x1 0x0 oops 0 methods 0
ciMethodData java/lang/ref/SoftReference <init> (Ljava/lang/Object;Ljava/lang/ref/ReferenceQueue;)V 2 4117 orig 80 0 0 0 0 0 0 0 0 0 0 0 0 251 127 0 0 0 0 0 0 0 0 0 0 0 0 0 0 0 0 0 0 0 0 0 0 0 0 0 0 0 0 0 0 0 0 0 0 0 0 0 0 0 0 0 0 0 0 0 0 0 0 0 0 0 0 0 0 0 0 0 0 0 0 0 0 0 0 0 0 data 11 0x30002 0xe16 0x0 0x0 0x0 0x0 0x9 0x3 0x0 0x0 0x0 oops 0 methods 0
ciMethod java/awt/GraphicsDevice getDefaultConfiguration ()Ljava/awt/GraphicsConfiguration; 0 0 1 0 -1
ciMethod java/awt/GraphicsConfiguration getDefaultTransform ()Ljava/awt/geom/AffineTransform; 0 0 1 0 -1
ciMethod java/awt/geom/Rectangle2D <init> ()V 864 0 13978 0 0
ciMethod java/awt/geom/RectangularShape <init> ()V 874 0 13992 0 0
ciMethod java/awt/geom/RectangularShape getWidth ()D 0 0 1 0 -1
ciMethod sun/awt/SunHints$Value hashCode ()I 768 0 6530 0 128
ciMethod sun/swing/SwingUtilities2 getFontCharsWidth ([CIILjava/awt/FontMetrics;Z)F 1024 0 10780 0 -1
ciMethod java/awt/font/FontRenderContext <init> (Ljava/awt/geom/AffineTransform;ZZ)V 8 0 7 0 -1
ciMethod java/awt/font/FontRenderContext getTransform ()Ljava/awt/geom/AffineTransform; 24 0 37 0 0
ciMethod java/awt/font/FontRenderContext isAntiAliased ()Z 8 0 11 0 0
ciMethod java/awt/font/FontRenderContext usesFractionalMetrics ()Z 8 0 11 0 0
ciMethod java/awt/font/FontRenderContext getAntiAliasingHint ()Ljava/lang/Object; 8 0 17 0 -1
ciMethod java/awt/font/FontRenderContext getFractionalMetricsHint ()Ljava/lang/Object; 8 0 17 0 -1
ciMethod java/awt/font/FontRenderContext equals (Ljava/awt/font/FontRenderContext;)Z 512 0 11523 0 256
ciMethod java/awt/font/FontRenderContext hashCode ()I 736 0 9133 0 704
ciMethod sun/font/FontDesignMetrics getDefaultFrc ()Ljava/awt/font/FontRenderContext; 728 0 9123 0 96
ciMethod sun/font/FontDesignMetrics getMetrics (Ljava/awt/Font;Ljava/awt/font/FontRenderContext;)Lsun/font/FontDesignMetrics; 728 2048 13026 0 0
ciMethod sun/font/FontDesignMetrics <init> (Ljava/awt/Font;Ljava/awt/font/FontRenderContext;)V 8 0 11 0 0
ciMethod sun/font/FontDesignMetrics initMatrixAndMetrics ()V 22 0 11 0 0
ciMethod sun/font/FontDesignMetrics initAdvCache ()V 22 5632 11 0 0
ciMethod sun/font/FontDesignMetrics handleCharWidth (I)F 110 0 304 0 0
ciMethod sun/font/FontDesignMetrics getLatinCharWidth (C)F 542 0 22491 0 256
ciMethod sun/font/FontDesignMetrics getFontRenderContext ()Ljava/awt/font/FontRenderContext; 256 0 128 0 0
ciMethod sun/font/FontDesignMetrics charsWidth ([CII)I 14 2942 498 0 0
ciMethod sun/font/FontDesignMetrics getSimpleBounds ([CII)Ljava/awt/geom/Rectangle2D; 1024 1370 9355 0 704
ciMethod java/awt/FontMetrics <init> (Ljava/awt/Font;)V 22 0 11 0 0
ciMethod java/awt/FontMetrics getFont ()Ljava/awt/Font; 256 0 128 0 0
ciMethod java/awt/FontMetrics getFontRenderContext ()Ljava/awt/font/FontRenderContext; 0 0 1 0 -1
ciMethod java/awt/FontMetrics charsWidth ([CII)I 0 0 1 0 -1
ciMethod sun/font/FontManager findFont2D (Ljava/lang/String;II)Lsun/font/Font2D; 0 0 1 0 -1
ciMethod sun/font/SunFontManager getInstance ()Lsun/font/SunFontManager; 644 0 13397 0 0
ciMethod sun/font/SunFontManager usingAlternateCompositeFonts ()Z 256 0 128 0 0
ciMethod sun/font/Font2D getStrike (Ljava/awt/Font;Ljava/awt/font/FontRenderContext;)Lsun/font/FontStrike; 22 0 11 0 0
ciMethod sun/font/Font2D getStrike (Lsun/font/FontStrikeDesc;Z)Lsun/font/FontStrike; 166 0 321 0 -1
ciMethod sun/font/StrikeMetrics getAscent ()F 24 0 12 0 0
ciMethod sun/font/StrikeMetrics getDescent ()F 24 0 12 0 0
ciMethod sun/font/StrikeMetrics getLeading ()F 24 0 12 0 0
ciMethod sun/font/StrikeMetrics getMaxAdvance ()F 24 0 12 0 0
ciMethod java/awt/geom/Rectangle2D$Float <init> (FFFF)V 1024 0 6777 0 96
ciMethod java/awt/geom/Rectangle2D$Float getWidth ()D 1024 0 3191 0 64
ciMethod java/awt/geom/Rectangle2D$Float setRect (FFFF)V 1024 0 6777 0 0
ciMethod sun/font/FontStrike getFontMetrics ()Lsun/font/StrikeMetrics; 0 0 1 0 -1
ciMethod sun/font/FontStrike getCodePointAdvance (I)F 0 0 1 0 -1
ciMethod sun/font/FontManagerFactory getInstance ()Lsun/font/FontManager; 512 0 14357 0 0
ciMethod sun/font/FontManagerFactory$1 <init> ()V 2 0 1 0 -1
ciMethod sun/font/FontDesignMetrics$MetricsKey <init> (Ljava/awt/Font;Ljava/awt/font/FontRenderContext;)V 8 0 11 0 0
ciMethod sun/font/FontDesignMetrics$MetricsKey init (Ljava/awt/Font;Ljava/awt/font/FontRenderContext;)V 736 0 13037 0 0
ciMethod sun/font/FontDesignMetrics$MetricsKey equals (Ljava/lang/Object;)Z 1024 0 5632 0 1184
ciMethod sun/font/FontDesignMetrics$MetricsKey hashCode ()I 256 0 128 0 0
ciMethod sun/font/FontStrikeDesc getAAHintIntVal (Lsun/font/Font2D;Ljava/awt/Font;Ljava/awt/font/FontRenderContext;)I 22 0 11 0 -1
ciMethod sun/font/FontStrikeDesc getFMHintIntVal (Ljava/lang/Object;)I 34 0 17 0 -1
ciMethod sun/font/FontStrikeDesc <init> (Ljava/awt/geom/AffineTransform;Ljava/awt/geom/AffineTransform;III)V 396 0 181 0 -1
ciMethod sun/font/FontDesignMetrics$KeyReference <init> (Ljava/lang/Object;Ljava/lang/Object;)V 8 0 11 0 0
ciMethodData sun/font/FontDesignMetrics getLatinCharWidth (C)F 2 22491 orig 80 0 0 0 0 0 0 0 0 0 0 0 0 251 127 0 0 0 0 0 0 0 0 0 0 0 0 0 0 0 0 0 0 0 0 0 0 0 0 0 0 0 0 0 0 0 0 0 0 0 0 0 0 0 0 0 0 0 0 0 0 0 0 0 0 0 0 0 0 0 0 0 0 0 0 0 0 0 0 0 0 data 21 0xb0007 0x5620 0x58 0xac 0x100005 0xac 0x0 0x0 0x0 0x0 0x0 0x0 0x0 0x0 0x0 0x0 0x0 0x9 0x2 0x0 0x0 oops 0 methods 0
ciMethodData sun/font/FontDesignMetrics handleCharWidth (I)F 1 304 orig 80 0 0 0 0 0 0 0 0 0 0 0 0 251 127 0 0 0 0 0 0 0 0 0 0 0 0 0 0 0 0 0 0 0 0 0 0 0 0 0 0 0 0 0 0 0 0 0 0 0 0 0 0 0 0 0 0 0 0 0 0 0 0 0 0 0 0 0 0 0 0 0 0 0 0 0 0 0 0 0 0 data 17 0x50005 0x0 0x0 0x27ea1e2f4c0 0xf9 0x0 0x0 0x0 0x0 0x0 0x0 0x0 0x0 0x9 0x2 0x0 0x0 oops 1 3 sun/font/CompositeStrike methods 0
ciMethodData java/awt/font/FontRenderContext equals (Ljava/awt/font/FontRenderContext;)Z 2 11523 orig 80 1 0 0 0 0 0 0 0 0 0 0 0 251 127 0 0 0 0 0 0 0 0 0 0 0 0 0 0 0 0 0 0 0 0 0 0 0 0 0 1 0 0 0 0 0 0 0 0 0 0 0 0 0 0 0 0 0 0 0 0 0 0 0 0 0 0 0 0 0 0 0 0 0 0 0 0 0 0 0 0 data 120 0x20007 0x16d2 0x20 0x1531 0x80007 0x16d2 0x20 0x0 0x110007 0x0 0x128 0x16d2 0x180007 0x0 0x108 0x16d2 0x230007 0x5 0xe8 0x16cd 0x80000006002e0007 0x136c 0xc8 0x362 0x350007 0x2 0x70 0x360 0x3c0007 0x35c 0x38 0x4 0x400003 0x4 0x68 0x440003 0x35c 0x50 0x4f0005 0x0 0x0 0x27ea29991d0 0x2 0x0 0x0 0x560005 0x0 0x0 0x0 0x0 0x0 0x0 0x5a0005 0x0 0x0 0x0 0x0 0x0 0x0 0x5d0007 0x0 0x190 0x0 0x610005 0x0 0x0 0x0 0x0 0x0 0x0 0x650005 0x0 0x0 0x0 0x0 0x0 0x0 0x680007 0x0 0x100 0x0 0x6c0005 0x0 0x0 0x0 0x0 0x0 0x0 0x700005 0x0 0x0 0x0 0x0 0x0 0x0 0x730005 0x0 0x0 0x0 0x0 0x0 0x0 0x760007 0x0 0x38 0x0 0x7a0003 0x0 0x18 0x0 0x0 0x0 0x0 0x0 0x0 0x0 0x9 0x2 0x0 0x0 oops 1 41 java/awt/geom/AffineTransform methods 0
ciMethodData java/awt/geom/AffineTransform equals (Ljava/lang/Object;)Z 2 3137 orig 80 0 0 0 0 0 0 0 0 0 0 0 0 251 127 0 0 0 0 0 0 0 0 0 0 0 0 0 0 0 0 0 0 0 0 0 0 0 0 0 0 0 0 0 0 0 0 0 0 0 0 0 0 0 0 0 0 0 0 0 0 0 0 0 0 0 0 0 0 0 0 0 0 0 0 0 0 0 0 0 0 data 55 0x10104 0x0 0x0 0x27ea29991d0 0x9e9 0x0 0x0 0x40007 0x9e9 0x20 0x250 0xa0004 0x0 0x0 0x27ea29991d0 0x9e9 0x0 0x0 0x170007 0x1d 0xd8 0x9cc 0x230007 0x0 0xb8 0x9cc 0x2f0007 0x0 0x98 0x9cc 0x3b0007 0x0 0x78 0x9cc 0x470007 0x0 0x58 0x9cc 0x530007 0x0 0x38 0x9cc 0x570003 0x9cc 0x18 0x0 0x0 0x0 0x0 0x0 0x0 0x9 0x2 0x0 0x0 oops 2 3 java/awt/geom/AffineTransform 14 java/awt/geom/AffineTransform methods 0
ciMethodData java/awt/font/FontRenderContext isAntiAliased ()Z 1 11 orig 80 0 0 0 0 0 0 0 0 0 0 0 0 251 127 0 0 0 0 0 0 0 0 0 0 0 0 0 0 0 0 0 0 0 0 0 0 0 0 0 0 0 0 0 0 0 0 0 0 0 0 0 0 0 0 0 0 0 0 0 0 0 0 0 0 0 0 0 0 0 0 0 0 0 0 0 0 0 0 0 0 data 20 0x70007 0x6 0x58 0x1 0x110007 0x1 0x38 0x0 0x150003 0x0 0x18 0x0 0x0 0x0 0x0 0x0 0x0 0x9 0x1 0x0 oops 0 methods 0
ciMethodData java/awt/font/FontRenderContext usesFractionalMetrics ()Z 1 11 orig 80 0 0 0 0 0 0 0 0 0 0 0 0 251 127 0 0 0 0 0 0 0 0 0 0 0 0 0 0 0 0 0 0 0 0 0 0 0 0 0 0 0 0 0 0 0 0 0 0 0 0 0 0 0 0 0 0 0 0 0 0 0 0 0 0 0 0 0 0 0 0 0 0 0 0 0 0 0 0 0 0 data 20 0x70007 0x2 0x58 0x5 0x110007 0x5 0x38 0x0 0x150003 0x0 0x18 0x0 0x0 0x0 0x0 0x0 0x0 0x9 0x1 0x0 oops 0 methods 0
ciMethodData java/awt/font/FontRenderContext getTransform ()Ljava/awt/geom/AffineTransform; 1 37 orig 80 0 0 0 0 0 0 0 0 0 0 0 0 251 127 0 0 0 0 0 0 0 0 0 0 0 0 0 0 0 0 0 0 0 0 0 0 0 0 0 0 0 0 0 0 0 0 0 0 0 0 0 0 0 0 0 0 0 0 0 0 0 0 0 0 0 0 0 0 0 0 0 0 0 0 0 0 0 0 0 0 data 20 0x40007 0x13 0x48 0x6 0xb0002 0x6 0xe0003 0x6 0x28 0x190002 0x13 0x0 0x0 0x0 0x0 0x0 0x0 0x9 0x1 0x0 oops 0 methods 0
ciMethodData sun/awt/SunHints$Value hashCode ()I 2 6530 orig 80 0 0 0 0 0 0 0 0 0 0 0 0 251 127 0 0 0 0 0 0 0 0 0 0 0 0 0 0 0 0 0 0 0 0 0 0 0 0 0 0 0 0 0 0 0 0 0 0 0 0 0 0 0 0 0 0 0 0 0 0 0 0 0 0 0 0 0 0 0 0 0 0 0 0 0 0 0 0 0 0 data 11 0x10002 0x1802 0x0 0x0 0x0 0x0 0x0 0x0 0x9 0x1 0x0 oops 0 methods 0
ciMethodData sun/font/FontManagerFactory getInstance ()Lsun/font/FontManager; 2 14357 orig 80 0 0 0 0 0 0 0 0 0 0 0 0 251 127 0 0 0 0 0 0 0 0 0 0 0 0 0 0 0 0 0 0 0 0 0 0 0 0 0 0 0 0 0 0 0 0 0 0 0 0 0 0 0 0 0 0 0 0 0 0 0 0 0 0 0 0 0 0 0 0 0 0 0 0 0 0 0 0 0 0 data 16 0x30007 0x0 0x20 0x3715 0xe0002 0x0 0x110002 0x0 0x0 0x0 0x0 0x0 0x0 0x0 0x9 0x0 oops 0 methods 0
ciMethodData java/awt/geom/Rectangle2D <init> ()V 2 13978 orig 80 0 0 0 0 0 0 0 0 0 0 0 0 251 127 0 0 0 0 0 0 0 0 0 0 0 0 0 0 0 0 0 0 0 0 0 0 0 0 0 0 0 0 0 0 0 0 0 0 0 0 0 0 0 0 0 0 0 0 0 0 0 0 0 0 0 0 0 0 0 0 0 0 0 0 0 0 0 0 0 0 data 7 0x10002 0x34ea 0x0 0x0 0x9 0x1 0x0 oops 0 methods 0
ciMethodData java/awt/geom/RectangularShape <init> ()V 2 13992 orig 80 0 0 0 0 0 0 0 0 0 0 0 0 251 127 0 0 0 0 0 0 0 0 0 0 0 0 0 0 0 0 0 0 0 0 0 0 0 0 0 0 0 0 0 0 0 0 0 0 0 0 0 0 0 0 0 0 0 0 0 0 0 0 0 0 0 0 0 0 0 0 0 0 0 0 0 0 0 0 0 0 data 7 0x10002 0x34f3 0x0 0x0 0x9 0x1 0x0 oops 0 methods 0
ciMethodData sun/font/SunFontManager getInstance ()Lsun/font/SunFontManager; 2 13397 orig 80 0 0 0 0 0 0 0 0 0 0 0 0 251 127 0 0 0 0 0 0 0 0 0 0 0 0 0 0 0 0 0 0 0 0 0 0 0 0 0 0 0 0 0 0 0 0 0 0 0 0 0 0 0 0 0 0 0 0 0 0 0 0 0 0 0 0 0 0 0 0 0 0 0 0 0 0 0 0 0 0 data 17 0x2 0x3313 0x50004 0x0 0x0 0x27ea0701670 0x3313 0x0 0x0 0x0 0x0 0x0 0x0 0x0 0x0 0x9 0x0 oops 1 5 sun/awt/Win32FontManager methods 0
ciMethodData sun/font/FontDesignMetrics getMetrics (Ljava/awt/Font;Ljava/awt/font/FontRenderContext;)Lsun/font/FontDesignMetrics; 2 13026 orig 80 0 0 0 0 0 0 0 0 0 0 0 0 251 127 0 0 0 0 0 0 0 0 0 0 0 0 0 0 0 0 0 0 0 0 0 0 0 0 0 0 0 0 0 0 0 0 0 0 0 0 0 0 0 0 0 0 0 0 0 0 0 0 0 0 0 0 0 0 0 0 0 0 0 0 0 0 0 0 0 0 data 174 0x2 0x3176 0x50005 0x0 0x0 0x27ea0701670 0x3176 0x0 0x0 0x80007 0x3176 0x98 0x0 0xc0002 0x0 0xf0004 0x0 0x0 0x0 0x0 0x0 0x0 0x120007 0x0 0x30 0x0 0x1b0002 0x0 0x220002 0x3176 0x250005 0x0 0x0 0x27ea08f1410 0x3176 0x0 0x0 0x2c0007 0x3176 0xa8 0x0 0x330005 0x0 0x0 0x0 0x0 0x0 0x0 0x360004 0x0 0x0 0x0 0x0 0x0 0x0 0x3b0003 0x0 0xd8 0x490005 0x0 0x0 0x27ea07725c0 0x3176 0x0 0x0 0x520005 0x0 0x0 0x27e55a4daa0 0x3176 0x0 0x0 0x550104 0x0 0x0 0x27ea0772f30 0x316f 0x0 0x0 0x5d0003 0x3176 0x18 0x6a0007 0x7 0x90 0x316f 0x6f0005 0x0 0x0 0x27ea0772f30 0x316f 0x0 0x0 0x720004 0x0 0x0 0x27ea08ed1a0 0x316f 0x0 0x0 0x770007 0x316f 0x108 0x7 0x800002 0x7 0x860007 0x7 0x80 0x0 0x930002 0x0 0x960005 0x0 0x0 0x0 0x0 0x0 0x0 0x9a0003 0x0 0x70 0xa30002 0x7 0xb40002 0x7 0xb70005 0x0 0x0 0x27e55a4daa0 0x7 0x0 0x0 0xc40007 0x7 0x58 0x54b5 0xce0007 0x2346 0x20 0x316f 0xd60003 0x2346 0xffffffffffffffc0 0xed0004 0x0 0x0 0x27ea08ed1a0 0x7 0x0 0x0 0xf20007 0x5 0x20 0x2 0xfc0003 0x7 0x18 0x0 0x0 0x0 0x0 0x0 0x0 0x0 0x0 0x0 0x0 0x0 0x0 0x9 0x2 0x0 0x0 oops 9 5 sun/awt/Win32FontManager 33 java/awt/font/FontRenderContext 61 sun/font/FontDesignMetrics$MetricsKey 68 java/util/concurrent/ConcurrentHashMap 75 sun/font/FontDesignMetrics$KeyReference 89 sun/font/FontDesignMetrics$KeyReference 96 sun/font/FontDesignMetrics 129 java/util/concurrent/ConcurrentHashMap 147 sun/font/FontDesignMetrics methods 0
ciMethodData sun/font/FontUtilities getFont2D (Ljava/awt/Font;)Lsun/font/Font2D; 1 389 orig 80 0 0 0 0 0 0 0 0 0 0 0 0 251 127 0 0 0 0 0 0 0 0 0 0 0 0 0 0 0 0 0 0 0 0 0 0 0 0 0 0 0 0 0 0 0 0 0 0 0 0 0 0 0 0 0 0 0 0 0 0 0 0 0 0 0 0 0 0 0 0 0 0 0 0 0 0 0 0 0 0 data 18 0x2 0x181 0x40005 0x0 0x0 0x27e9ebdfac0 0x181 0x0 0x0 0x0 0x0 0x0 0x0 0x0 0x0 0x9 0x1 0x0 oops 1 5 java/awt/Font$FontAccessImpl methods 0
ciMethodData sun/font/FontAccess getFontAccess ()Lsun/font/FontAccess; 1 581 orig 80 0 0 0 0 0 0 0 0 0 0 0 0 251 127 0 0 0 0 0 0 0 0 0 0 0 0 0 0 0 0 0 0 0 0 0 0 0 0 0 0 0 0 0 0 0 0 0 0 0 0 0 0 0 0 0 0 0 0 0 0 0 0 0 0 0 0 0 0 0 0 0 0 0 0 0 0 0 0 0 0 data 4 0x0 0x0 0x9 0x0 oops 0 methods 0
ciMethodData java/awt/Font$FontAccessImpl getFont2D (Ljava/awt/Font;)Lsun/font/Font2D; 1 389 orig 80 0 0 0 0 0 0 0 0 0 0 0 0 251 127 0 0 0 0 0 0 0 0 0 0 0 0 0 0 0 0 0 0 0 0 0 0 0 0 0 0 0 0 0 0 0 0 0 0 0 0 0 0 0 0 0 0 0 0 0 0 0 0 0 0 0 0 0 0 0 0 0 0 0 0 0 0 0 0 0 0 data 17 0x10005 0x181 0x0 0x0 0x0 0x0 0x0 0x0 0x0 0x0 0x0 0x0 0x0 0x9 0x2 0x0 0x0 oops 0 methods 0
ciMethodData java/awt/Font getFont2D ()Lsun/font/Font2D; 1 435 orig 80 0 0 0 0 0 0 0 0 0 0 0 0 251 127 0 0 0 0 0 0 0 0 0 0 0 0 0 0 0 0 0 0 0 0 0 0 0 0 0 0 0 0 0 0 0 0 0 0 0 0 0 0 0 0 0 0 0 0 0 0 0 0 0 0 0 0 0 0 0 0 0 0 0 0 0 0 0 0 0 0 data 22 0x2 0x1af 0x80007 0x134 0x58 0x7b 0x160005 0x0 0x0 0x27ea0701670 0x7b 0x0 0x0 0x0 0x0 0x0 0x0 0x0 0x0 0x9 0x1 0x80 oops 1 9 sun/awt/Win32FontManager methods 0
ciMethodData sun/font/FontDesignMetrics <init> (Ljava/awt/Font;Ljava/awt/font/FontRenderContext;)V 1 11 orig 80 0 0 0 0 0 0 0 0 0 0 0 0 251 127 0 0 0 0 0 0 0 0 0 0 0 0 0 0 0 0 0 0 0 0 0 0 0 0 0 0 0 0 0 0 0 0 0 0 0 0 0 0 0 0 0 0 0 0 0 0 0 0 0 0 0 0 0 0 0 0 0 0 0 0 0 0 0 0 0 0 data 48 0x20002 0x7 0x200005 0x0 0x0 0x27ea08f1410 0x7 0x0 0x0 0x280005 0x0 0x0 0x27ea08f1410 0x7 0x0 0x0 0x300005 0x0 0x0 0x27ea08f1410 0x7 0x0 0x0 0x3e0005 0x7 0x0 0x0 0x0 0x0 0x0 0x420005 0x7 0x0 0x0 0x0 0x0 0x0 0x0 0x0 0x0 0x0 0x0 0x0 0x9 0x3 0x0 0x0 0x0 oops 3 5 java/awt/font/FontRenderContext 12 java/awt/font/FontRenderContext 19 java/awt/font/FontRenderContext methods 0
ciMethodData sun/font/FontDesignMetrics getDefaultFrc ()Ljava/awt/font/FontRenderContext; 2 9123 orig 80 0 0 0 0 0 0 0 0 0 0 0 0 251 127 0 0 0 0 0 0 0 0 0 0 0 0 0 0 0 0 0 0 0 0 0 0 0 0 0 0 0 0 0 0 0 0 0 0 0 0 0 0 0 0 0 0 0 0 0 0 0 0 0 0 0 0 0 0 0 0 0 0 0 0 0 0 0 0 0 0 data 48 0x30007 0x2237 0x140 0x0 0x60002 0x0 0x90007 0x0 0x48 0x0 0x100002 0x0 0x140003 0x0 0xd0 0x170002 0x0 0x1a0005 0x0 0x0 0x0 0x0 0x0 0x0 0x1d0005 0x0 0x0 0x0 0x0 0x0 0x0 0x200005 0x0 0x0 0x0 0x0 0x0 0x0 0x2b0002 0x0 0x0 0x0 0x0 0x0 0x0 0x0 0x9 0x0 oops 0 methods 0
ciMethodData sun/font/FontDesignMetrics$MetricsKey init (Ljava/awt/Font;Ljava/awt/font/FontRenderContext;)V 2 13044 orig 80 0 0 0 0 0 0 0 0 0 0 0 0 251 127 0 0 0 0 0 0 0 0 0 0 0 0 0 0 0 0 0 0 0 0 0 0 0 0 0 0 0 0 0 0 0 0 0 0 0 0 0 0 0 0 0 0 0 0 0 0 0 0 0 0 0 0 0 0 0 0 0 0 0 0 0 0 0 0 0 0 data 25 0xc0005 0x0 0x0 0x27ea08ed250 0x2c3b 0x27e9c4b6510 0x549 0x100005 0x0 0x0 0x27ea08f1410 0x3184 0x0 0x0 0x0 0x0 0x0 0x0 0x0 0x0 0x9 0x3 0x0 0x0 0x0 oops 3 3 java/awt/Font 5 javax/swing/plaf/FontUIResource 10 java/awt/font/FontRenderContext methods 0
ciMethodData java/awt/Font hashCode ()I 2 9135 orig 80 0 0 0 0 0 0 0 0 0 0 0 0 251 127 0 0 0 0 0 0 0 0 0 0 0 0 0 0 0 0 0 0 0 0 0 0 0 0 0 0 0 0 0 0 0 0 0 0 0 0 0 0 0 0 0 0 0 0 0 0 0 0 0 0 0 0 0 0 0 0 0 0 0 0 0 0 0 0 0 0 data 54 0x40007 0x2228 0x160 0x17 0xc0005 0x17 0x0 0x0 0x0 0x0 0x0 0x200007 0x17 0x108 0x0 0x270007 0x0 0xe8 0x0 0x2e0005 0x0 0x0 0x0 0x0 0x0 0x0 0x310007 0x0 0x90 0x0 0x3d0005 0x0 0x0 0x0 0x0 0x0 0x0 0x400005 0x0 0x0 0x0 0x0 0x0 0x0 0x0 0x0 0x0 0x0 0x0 0x0 0x0 0x9 0x1 0x0 oops 0 methods 0
ciMethodData java/awt/font/FontRenderContext hashCode ()I 2 9133 orig 80 0 0 0 0 0 0 0 0 0 0 0 0 251 127 0 0 0 0 0 0 0 0 0 0 0 0 0 0 0 0 0 0 0 0 0 0 0 0 0 0 0 0 0 0 0 0 0 0 0 0 0 0 0 0 0 0 0 0 0 0 0 0 0 0 0 0 0 0 0 0 0 0 0 0 0 0 0 0 0 0 data 72 0x40007 0x1738 0x38 0xb05 0x80003 0xb05 0x50 0xf0005 0x0 0x0 0x27ea29991d0 0x1738 0x0 0x0 0x170007 0x223d 0x118 0x0 0x1c0005 0x0 0x0 0x0 0x0 0x0 0x0 0x1f0005 0x0 0x0 0x0 0x0 0x0 0x0 0x260005 0x0 0x0 0x0 0x0 0x0 0x0 0x290005 0x0 0x0 0x0 0x0 0x0 0x0 0x2e0003 0x0 0x88 0x360005 0x0 0x0 0x27e9ec92d80 0x223d 0x0 0x0 0x400005 0x0 0x0 0x27e9ec92d80 0x223d 0x0 0x0 0x0 0x0 0x0 0x0 0x0 0x0 0x9 0x1 0x0 oops 3 10 java/awt/geom/AffineTransform 52 sun/awt/SunHints$Value 59 sun/awt/SunHints$Value methods 0
ciMethodData sun/font/FontDesignMetrics$KeyReference <init> (Ljava/lang/Object;Ljava/lang/Object;)V 1 11 orig 80 0 0 0 0 0 0 0 0 0 0 0 0 251 127 0 0 0 0 0 0 0 0 0 0 0 0 0 0 0 0 0 0 0 0 0 0 0 0 0 0 0 0 0 0 0 0 0 0 0 0 0 0 0 0 0 0 0 0 0 0 0 0 0 0 0 0 0 0 0 0 0 0 0 0 0 0 0 0 0 0 data 15 0x50002 0x7 0xf0002 0x7 0x0 0x0 0x0 0x0 0x0 0x0 0x9 0x3 0x0 0x0 0x0 oops 0 methods 0
ciMethodData sun/java2d/Disposer addReference (Ljava/lang/ref/Reference;Lsun/java2d/DisposerRecord;)V 1 240 orig 80 0 0 0 0 0 0 0 0 0 0 0 0 251 127 0 0 0 0 0 0 0 0 0 0 0 0 0 0 0 0 0 0 0 0 0 0 0 0 0 0 0 0 0 0 0 0 0 0 0 0 0 0 0 0 0 0 0 0 0 0 0 0 0 0 0 0 0 0 0 0 0 0 0 0 0 0 0 0 0 0 data 17 0x50005 0x0 0x0 0x27e55a4bdc0 0xdc 0x0 0x0 0x0 0x0 0x0 0x0 0x0 0x0 0x9 0x2 0xffffffffffffffff 0xffffffffffffffff oops 1 3 java/util/Hashtable methods 0
ciMethodData sun/font/FontDesignMetrics$MetricsKey <init> (Ljava/awt/Font;Ljava/awt/font/FontRenderContext;)V 1 11 orig 80 0 0 0 0 0 0 0 0 0 0 0 0 251 127 0 0 0 0 0 0 0 0 0 0 0 0 0 0 0 0 0 0 0 0 0 0 0 0 0 0 0 0 0 0 0 0 0 0 0 0 0 0 0 0 0 0 0 0 0 0 0 0 0 0 0 0 0 0 0 0 0 0 0 0 0 0 0 0 0 0 data 20 0x10002 0x7 0x70005 0x0 0x0 0x27ea07725c0 0x7 0x0 0x0 0x0 0x0 0x0 0x0 0x0 0x0 0x9 0x3 0x0 0x0 0x0 oops 1 5 sun/font/FontDesignMetrics$MetricsKey methods 0
ciMethodData sun/font/FontUtilities isComplexText ([CII)Z 2 15353 orig 80 0 0 0 0 0 0 0 0 0 0 0 0 251 127 0 0 0 0 0 0 0 0 0 0 0 0 0 0 0 0 0 0 0 0 0 0 0 0 0 0 0 0 0 0 0 0 0 0 0 0 0 0 0 0 0 0 0 0 0 0 0 0 0 0 0 0 0 0 0 0 0 0 0 0 0 0 0 0 0 0 data 31 0x40007 0x25a1 0xa0 0x37e3 0xd0007 0x0 0x38 0x37e3 0x100003 0x37e3 0x48 0x160002 0x0 0x190007 0x0 0x20 0x0 0x210003 0x37e3 0xffffffffffffff78 0x0 0x0 0x0 0x0 0x0 0x0 0x9 0x3 0x0 0x0 0x0 oops 0 methods 0
ciMethodData java/awt/Font equals (Ljava/lang/Object;)Z 2 6883 orig 80 0 0 0 0 0 0 0 0 0 0 0 0 251 127 0 0 0 0 0 0 0 0 0 0 0 0 0 0 0 0 0 0 0 0 0 0 0 0 0 0 0 0 0 0 0 0 0 0 0 0 0 0 0 0 0 0 0 0 0 0 0 0 0 0 0 0 0 0 0 0 0 0 0 0 0 0 0 0 0 0 data 102 0x20007 0x934 0x20 0x1000 0x80104 0x0 0x0 0x27ea08ed250 0x8f3 0x27e9c4b6510 0x3d 0xb0007 0x4 0x270 0x930 0xf0004 0x0 0x0 0x27ea08ed250 0x8f3 0x27e9c4b6510 0x3d 0x1b0007 0x14 0x218 0x91c 0x260007 0xc 0x1f8 0x910 0x310007 0x0 0x1d8 0x910 0x3c0007 0x0 0x1b8 0x910 0x480007 0x0 0x198 0x910 0x530005 0x910 0x0 0x0 0x0 0x0 0x0 0x560007 0x0 0x140 0x910 0x5d0007 0x0 0xb0 0x910 0x640007 0x0 0x20 0x910 0x6a0005 0x0 0x0 0x0 0x0 0x0 0x0 0x710005 0x0 0x0 0x0 0x0 0x0 0x0 0x7a0005 0x0 0x0 0x0 0x0 0x0 0x0 0x7d0005 0x0 0x0 0x0 0x0 0x0 0x0 0x0 0x0 0x0 0x0 0x0 0x0 0x0 0x0 0x0 0x9 0x2 0x0 0x0 oops 4 7 java/awt/Font 9 javax/swing/plaf/FontUIResource 18 java/awt/Font 20 javax/swing/plaf/FontUIResource methods 0
ciMethodData java/awt/geom/AffineTransform hashCode ()I 2 6651 orig 80 0 0 0 0 0 0 0 0 0 0 0 0 251 127 0 0 0 0 0 0 0 0 0 0 0 0 0 0 0 0 0 0 0 0 0 0 0 0 0 0 0 0 0 0 0 0 0 0 0 0 0 0 0 0 0 0 0 0 0 0 0 0 0 0 0 0 0 0 0 0 0 0 0 0 0 0 0 0 0 0 data 21 0x40002 0x181b 0x110002 0x181b 0x1f0002 0x181b 0x2d0002 0x181b 0x3b0002 0x181b 0x490002 0x181b 0x0 0x0 0x0 0x0 0x0 0x0 0x9 0x1 0x0 oops 0 methods 0
ciMethodData sun/swing/SwingUtilities2 getFontCharsWidth ([CIILjava/awt/FontMetrics;Z)F 2 10780 orig 80 0 0 0 0 0 0 0 0 0 0 0 0 251 127 0 0 0 0 0 0 0 0 0 0 0 0 0 0 0 0 0 0 0 0 0 0 0 0 0 0 0 0 0 0 0 0 0 0 0 0 0 0 0 0 0 0 0 0 0 0 0 0 0 0 0 0 0 0 0 0 0 0 0 0 0 0 0 0 0 0 data 56 0x10007 0x270f 0x20 0x10e 0x80007 0x1eb 0x100 0x2524 0xc0005 0x0 0x0 0x27ea08ed1a0 0x2524 0x0 0x0 0x150005 0x242d 0x0 0x27ea08ed1a0 0xf7 0x0 0x0 0x180005 0x0 0x0 0x27ea08ed250 0x2524 0x0 0x0 0x1f0005 0x0 0x0 0x27ea08ed300 0x2524 0x0 0x0 0x280005 0x0 0x0 0x27ea08ed1a0 0x1eb 0x0 0x0 0x0 0x0 0x0 0x0 0x0 0x0 0x9 0x5 0x0 0x0 0x0 0x0 0x0 oops 5 11 sun/font/FontDesignMetrics 18 sun/font/FontDesignMetrics 25 java/awt/Font 32 java/awt/geom/Rectangle2D$Float 39 sun/font/FontDesignMetrics methods 0
ciMethodData sun/font/FontDesignMetrics$MetricsKey equals (Ljava/lang/Object;)Z 2 5632 orig 80 0 0 0 0 0 0 0 0 0 0 0 0 251 127 0 0 0 0 0 0 0 0 0 0 0 0 0 0 0 0 0 0 0 0 0 0 0 0 0 0 0 0 0 0 0 0 0 0 0 0 0 0 0 0 0 0 0 0 0 0 0 0 0 0 0 0 0 0 0 0 0 0 0 0 0 0 0 0 0 0 data 60 0x10004 0x0 0x0 0x27ea07725c0 0x1401 0x0 0x0 0x40007 0x1401 0x20 0x0 0xe0004 0x0 0x0 0x27ea07725c0 0x1401 0x0 0x0 0x140005 0x0 0x0 0x27ea08ed250 0x10ac 0x27e9c4b6510 0x355 0x170007 0x0 0xc8 0x1401 0x1f0004 0x0 0x0 0x27ea07725c0 0x1401 0x0 0x0 0x250005 0x0 0x0 0x27ea08f1410 0x1401 0x0 0x0 0x280007 0x0 0x38 0x1401 0x2c0003 0x1401 0x18 0x0 0x0 0x0 0x0 0x0 0x0 0x9 0x2 0x0 0x0 oops 6 3 sun/font/FontDesignMetrics$MetricsKey 14 sun/font/FontDesignMetrics$MetricsKey 21 java/awt/Font 23 javax/swing/plaf/FontUIResource 32 sun/font/FontDesignMetrics$MetricsKey 39 java/awt/font/FontRenderContext methods 0
ciMethodData java/awt/Font getStringBounds ([CIILjava/awt/font/FontRenderContext;)Ljava/awt/geom/Rectangle2D; 2 10012 orig 80 0 0 0 0 0 0 0 0 0 0 0 0 251 127 0 0 0 0 0 0 0 0 0 0 0 0 0 0 0 0 0 0 0 0 0 0 0 0 0 0 0 0 0 0 0 0 0 0 0 0 0 0 0 0 0 0 0 0 0 0 0 0 0 0 0 0 0 0 0 0 0 0 0 0 0 0 0 0 0 0 data 154 0x10007 0x251d 0x50 0x0 0x9000a 0x0 0x1 0x27e55a4a8d0 0xe0002 0x0 0x150007 0x251d 0x50 0x0 0x1d000a 0x0 0x1 0x27e55a4a8d0 0x220002 0x0 0x280007 0x251d 0x50 0x0 0x32000a 0x0 0x1 0x27e55a4a8d0 0x370002 0x0 0x3f0007 0x251d 0x128 0x0 0x460005 0x0 0x0 0x0 0x0 0x0 0x0 0x490007 0x0 0xe8 0x0 0x500005 0x0 0x0 0x0 0x0 0x0 0x0 0x530007 0x0 0x90 0x0 0x5a0005 0x0 0x0 0x0 0x0 0x0 0x0 0x5d0007 0x0 0x38 0x0 0x610003 0x251d 0x18 0x690007 0x0 0x68 0x251d 0x6f0002 0x251d 0x720007 0x0 0x38 0x251d 0x760003 0x251d 0x18 0x7e0007 0x251d 0x40 0x0 0x840007 0x0 0x68 0x0 0x8a0002 0x251d 0x960005 0x251d 0x0 0x0 0x0 0x0 0x0 0xa30002 0x0 0xb10002 0x0 0xbd0005 0x0 0x0 0x0 0x0 0x0 0x0 0xc30005 0x0 0x0 0x0 0x0 0x0 0x0 0xc80005 0x0 0x0 0x0 0x0 0x0 0x0 0xcd0005 0x0 0x0 0x0 0x0 0x0 0x0 0xd30005 0x0 0x0 0x0 0x0 0x0 0x0 0xd70002 0x0 0x0 0x0 0x0 0x0 0x0 0x0 0x9 0x5 0x0 0x0 0x0 0x0 0x0 oops 3 7 java/lang/String 17 java/lang/String 27 java/lang/String methods 0
ciMethodData sun/font/FontDesignMetrics getSimpleBounds ([CII)Ljava/awt/geom/Rectangle2D; 2 13348 orig 80 0 0 0 0 0 0 0 0 0 0 0 0 251 127 0 0 0 0 0 0 0 0 0 0 0 0 0 0 0 0 0 0 0 0 0 0 0 0 0 0 0 0 0 0 0 0 0 0 0 0 0 0 0 0 0 0 0 0 0 0 0 0 0 0 0 0 0 0 0 0 0 0 0 0 0 0 0 0 0 0 data 42 0xf0007 0x228c 0xe0 0x3177 0x1d0007 0x0 0x70 0x3177 0x250005 0x3177 0x0 0x0 0x0 0x0 0x0 0x2b0003 0x3177 0x50 0x330005 0x0 0x0 0x0 0x0 0x0 0x0 0x3c0003 0x3177 0xffffffffffffff38 0x5d0002 0x228c 0x0 0x0 0x0 0x0 0x0 0x0 0x9 0x4 0x0 0x0 0x0 0x0 oops 0 methods 0
ciMethodData java/awt/geom/Rectangle2D$Float <init> (FFFF)V 2 6777 orig 80 0 0 0 0 0 0 0 0 0 0 0 0 251 127 0 0 0 0 0 0 0 0 0 0 0 0 0 0 0 0 0 0 0 0 0 0 0 0 0 0 0 0 0 0 0 0 0 0 0 0 0 0 0 0 0 0 0 0 0 0 0 0 0 0 0 0 0 0 0 0 0 0 0 0 0 0 0 0 0 0 data 22 0x10002 0x187a 0xa0005 0x0 0x0 0x27ea08ed300 0x187a 0x0 0x0 0x0 0x0 0x0 0x0 0x0 0x0 0x9 0x5 0x0 0x0 0x0 0x0 0x0 oops 1 5 java/awt/geom/Rectangle2D$Float methods 0
ciMethodData java/awt/geom/Rectangle2D$Float setRect (FFFF)V 2 6777 orig 80 0 0 0 0 0 0 0 0 0 0 0 0 251 127 0 0 0 0 0 0 0 0 0 0 0 0 0 0 0 0 0 0 0 0 0 0 0 0 0 0 0 0 0 0 0 0 0 0 0 0 0 0 0 0 0 0 0 0 0 0 0 0 0 0 0 0 0 0 0 0 0 0 0 0 0 0 0 0 0 0 data 11 0x0 0x0 0x0 0x0 0x9 0x5 0x0 0x0 0x0 0x0 0x0 oops 0 methods 0
ciMethodData java/awt/geom/Rectangle2D$Float getWidth ()D 2 3191 orig 80 0 0 0 0 0 0 0 0 0 0 0 0 251 127 0 0 0 0 0 0 0 0 0 0 0 0 0 0 0 0 0 0 0 0 0 0 0 0 0 0 0 0 0 0 0 0 0 0 0 0 0 0 0 0 0 0 0 0 0 0 0 0 0 0 0 0 0 0 0 0 0 0 0 0 0 0 0 0 0 0 data 6 0x0 0x0 0x0 0x9 0x1 0x0 oops 0 methods 0
ciMethodData sun/font/FontDesignMetrics charsWidth ([CII)I 2 9268 orig 80 0 0 0 0 0 0 0 0 0 0 0 0 251 127 0 0 0 0 0 0 0 0 0 0 0 0 0 0 0 0 0 0 0 0 0 0 0 0 0 0 0 0 0 0 0 0 0 0 0 0 0 0 0 0 0 0 0 0 0 0 0 0 0 0 0 0 0 0 0 0 0 0 0 0 0 0 0 0 0 0 data 99 0x70005 0x0 0x0 0x27ea08ed250 0x1eb 0x0 0x0 0xa0007 0x1eb 0xb0 0x0 0xe0007 0x0 0x20 0x0 0x1a0002 0x0 0x2d0002 0x0 0x300005 0x0 0x0 0x0 0x0 0x0 0x0 0x350003 0x0 0x1e8 0x390007 0x1eb 0x50 0x0 0x41000a 0x0 0x1 0x27e55a4a8d0 0x460002 0x0 0x560007 0x1eb 0x180 0x1e75 0x640007 0x0 0x70 0x1e75 0x6c0005 0x1e75 0x0 0x0 0x0 0x0 0x0 0x720003 0x1e75 0xf0 0x770002 0x0 0x7a0007 0x0 0x90 0x0 0x840002 0x0 0x970002 0x0 0x9a0005 0x0 0x0 0x0 0x0 0x0 0x0 0x9f0003 0x0 0x68 0xa70005 0x0 0x0 0x0 0x0 0x0 0x0 0xb00003 0x1e75 0xfffffffffffffe98 0x0 0x0 0x0 0x0 0x0 0x0 0x9 0x4 0x0 0x0 0x0 0x0 oops 2 3 java/awt/Font 36 java/lang/String methods 0
ciMethodData java/awt/geom/AffineTransform getMatrix ([D)V 1 445 orig 80 0 0 0 0 0 0 0 0 0 0 0 0 251 127 0 0 0 0 0 0 0 0 0 0 0 0 0 0 0 0 0 0 0 0 0 0 0 0 0 0 0 0 0 0 0 0 0 0 0 0 0 0 0 0 0 0 0 0 0 0 0 0 0 0 0 0 0 0 0 0 0 0 0 0 0 0 0 0 0 0 data 14 0x1f0007 0x23 0x20 0x9a 0x0 0x0 0x0 0x0 0x0 0x0 0x9 0x2 0x0 0xffffffffffffffff oops 0 methods 0
compile sun/swing/SwingUtilities2 getFontCharsWidth ([CIILjava/awt/FontMetrics;Z)F -1 4 inline 72 0 -1 sun/swing/SwingUtilities2 getFontCharsWidth ([CIILjava/awt/FontMetrics;Z)F 1 12 java/awt/FontMetrics getFont ()Ljava/awt/Font; 1 21 sun/font/FontDesignMetrics getFontRenderContext ()Ljava/awt/font/FontRenderContext; 1 24 java/awt/Font getStringBounds ([CIILjava/awt/font/FontRenderContext;)Ljava/awt/geom/Rectangle2D; 2 111 sun/font/FontUtilities isComplexText ([CII)Z 2 138 sun/font/FontDesignMetrics getMetrics (Ljava/awt/Font;Ljava/awt/font/FontRenderContext;)Lsun/font/FontDesignMetrics; 3 0 sun/font/SunFontManager getInstance ()Lsun/font/SunFontManager; 4 0 sun/font/FontManagerFactory getInstance ()Lsun/font/FontManager; 3 5 sun/font/SunFontManager usingAlternateCompositeFonts ()Z 3 34 sun/font/FontDesignMetrics getDefaultFrc ()Ljava/awt/font/FontRenderContext; 3 37 java/awt/font/FontRenderContext equals (Ljava/awt/font/FontRenderContext;)Z 3 73 sun/font/FontDesignMetrics$MetricsKey init (Ljava/awt/Font;Ljava/awt/font/FontRenderContext;)V 4 12 java/awt/Font hashCode ()I 5 46 sun/font/AttributeValues getTransform ()Ljava/awt/geom/AffineTransform; 5 61 sun/font/AttributeValues getTransform ()Ljava/awt/geom/AffineTransform; 4 16 java/awt/font/FontRenderContext hashCode ()I 5 15 java/awt/geom/AffineTransform hashCode ()I 5 54 sun/awt/SunHints$Value hashCode ()I 5 64 sun/awt/SunHints$Value hashCode ()I 3 82 java/util/concurrent/ConcurrentHashMap get (Ljava/lang/Object;)Ljava/lang/Object; 4 1 sun/font/FontDesignMetrics$MetricsKey hashCode ()I 4 4 java/util/concurrent/ConcurrentHashMap spread (I)I 4 34 java/util/concurrent/ConcurrentHashMap tabAt ([Ljava/util/concurrent/ConcurrentHashMap$Node;I)Ljava/util/concurrent/ConcurrentHashMap$Node; 4 73 sun/font/FontDesignMetrics$MetricsKey equals (Ljava/lang/Object;)Z 5 20 java/awt/Font equals (Ljava/lang/Object;)Z 6 83 java/lang/String equals (Ljava/lang/Object;)Z 5 37 java/awt/font/FontRenderContext equals (Ljava/awt/font/FontRenderContext;)Z 4 149 sun/font/FontDesignMetrics$MetricsKey equals (Ljava/lang/Object;)Z 5 20 java/awt/Font equals (Ljava/lang/Object;)Z 6 83 java/lang/String equals (Ljava/lang/Object;)Z 5 37 java/awt/font/FontRenderContext equals (Ljava/awt/font/FontRenderContext;)Z 3 111 java/lang/ref/SoftReference get ()Ljava/lang/Object; 3 128 sun/font/FontDesignMetrics <init> (Ljava/awt/Font;Ljava/awt/font/FontRenderContext;)V 4 2 java/awt/FontMetrics <init> (Ljava/awt/Font;)V 5 1 java/lang/Object <init> ()V 4 62 sun/font/FontDesignMetrics initMatrixAndMetrics ()V 5 4 sun/font/FontUtilities getFont2D (Ljava/awt/Font;)Lsun/font/Font2D; 6 0 sun/font/FontAccess getFontAccess ()Lsun/font/FontAccess; 6 4 java/awt/Font$FontAccessImpl getFont2D (Ljava/awt/Font;)Lsun/font/Font2D; 5 34 sun/font/StrikeMetrics getAscent ()F 5 42 sun/font/StrikeMetrics getDescent ()F 5 50 sun/font/StrikeMetrics getLeading ()F 5 58 sun/font/StrikeMetrics getMaxAdvance ()F 4 66 sun/font/FontDesignMetrics initAdvCache ()V 3 163 sun/font/FontDesignMetrics$MetricsKey <init> (Ljava/awt/Font;Ljava/awt/font/FontRenderContext;)V 4 1 java/lang/Object <init> ()V 4 7 sun/font/FontDesignMetrics$MetricsKey init (Ljava/awt/Font;Ljava/awt/font/FontRenderContext;)V 5 12 java/awt/Font hashCode ()I 6 46 sun/font/AttributeValues getTransform ()Ljava/awt/geom/AffineTransform; 6 61 sun/font/AttributeValues getTransform ()Ljava/awt/geom/AffineTransform; 5 16 java/awt/font/FontRenderContext hashCode ()I 6 15 java/awt/geom/AffineTransform hashCode ()I 6 54 sun/awt/SunHints$Value hashCode ()I 6 64 sun/awt/SunHints$Value hashCode ()I 3 180 sun/font/FontDesignMetrics$KeyReference <init> (Ljava/lang/Object;Ljava/lang/Object;)V 4 5 java/lang/ref/SoftReference <init> (Ljava/lang/Object;Ljava/lang/ref/ReferenceQueue;)V 5 3 java/lang/ref/Reference <init> (Ljava/lang/Object;Ljava/lang/ref/ReferenceQueue;)V 6 1 java/lang/Object <init> ()V 3 183 java/util/concurrent/ConcurrentHashMap put (Ljava/lang/Object;Ljava/lang/Object;)Ljava/lang/Object; 2 150 sun/font/FontDesignMetrics getSimpleBounds ([CII)Ljava/awt/geom/Rectangle2D; 3 37 sun/font/FontDesignMetrics getLatinCharWidth (C)F 4 16 sun/font/FontDesignMetrics handleCharWidth (I)F 3 93 java/awt/geom/Rectangle2D$Float <init> (FFFF)V 4 1 java/awt/geom/Rectangle2D <init> ()V 5 1 java/awt/geom/RectangularShape <init> ()V 6 1 java/lang/Object <init> ()V 4 10 java/awt/geom/Rectangle2D$Float setRect (FFFF)V 1 31 java/awt/geom/Rectangle2D$Float getWidth ()D 1 40 sun/font/FontDesignMetrics charsWidth ([CII)I 2 7 java/awt/Font hasLayoutAttributes ()Z 2 108 sun/font/FontDesignMetrics getLatinCharWidth (C)F 3 16 sun/font/FontDesignMetrics handleCharWidth (I)F
